{"type":"FeatureCollection","features":[{"type":"Feature","geometry":{"type":"Polygon","coordinates":[[[-83.92728010169463,34.34341757734962],[-83.92786210133838,34.34334557862906],[-83.92976610334111,34.34253257901921],[-83.93001110034916,34.342295576965924],[-83.93085010426195,34.34145057688609],[-83.9322381027148,34.34005457732285],[-83.93374510436816,34.33853457615546],[-83.93417110160398,34.33796957808675],[-83.93432210298855,34.337770578239734],[-83.93503310404206,34.3372795755946],[-83.93514410355834,34.33720257602197],[-83.93523810431465,34.33717157744918],[-83.93749910455554,34.3364355763722],[-83.93926610520178,34.3348855751475],[-83.94308310711048,34.33153857565992],[-83.94494510592325,34.33028157547829],[-83.94514510551446,34.329454574179955],[-83.94620110531903,34.32986257606828],[-83.94618010827324,34.32984757489858],[-83.94595710660977,34.32971057352485],[-83.94557510602523,34.32940557461906],[-83.94547610562913,34.32924857303432],[-83.94543010730551,34.329004575394045],[-83.94545810784429,34.32884657521099],[-83.94547610521302,34.328733575084826],[-83.9456441074401,34.32839457493378],[-83.94571310721471,34.32828357362273],[-83.94580010621812,34.32818257430382],[-83.94603310827789,34.327905572817436],[-83.94625410720786,34.32756657437956],[-83.94644510593366,34.32726857371304],[-83.9465521057885,34.32696757552768],[-83.9465901062116,34.326681574410806],[-83.94656710510925,34.326303573716565],[-83.94649910515963,34.32597957285755],[-83.9463991060513,34.32575857300743],[-83.94626210660421,34.325586573601655],[-83.94594210670509,34.325273572191826],[-83.94578210569851,34.3250265741415],[-83.94563610579237,34.32480057439811],[-83.94561410404208,34.32467857281713],[-83.94562110711396,34.324568572108795],[-83.94571310401162,34.32434457320014],[-83.9457591073274,34.3242285725511],[-83.94586810492675,34.32414757447957],[-83.9461481072627,34.323934573303404],[-83.946308106814,34.323854573636154],[-83.94647610736811,34.32380157217928],[-83.94678810645341,34.32377057229896],[-83.94700310480053,34.323733574434705],[-83.94705510540847,34.32372357459598],[-83.94710510718177,34.32371457369938],[-83.94734510784113,34.323671574114435],[-83.94860410664182,34.32360257190686],[-83.94932110573096,34.323526573607126],[-83.9500691078435,34.3233285720674],[-83.95045110776674,34.3231875740652],[-83.95066410604689,34.3230575745186],[-83.95086310674336,34.32288157247894],[-83.95096910671805,34.32279057243412],[-83.951206108841,34.32252357348513],[-83.95142010813483,34.32219957413047],[-83.95175610689773,34.32142557232368],[-83.95178910824083,34.32134757302342],[-83.95191210913318,34.32106457252309],[-83.95206810567876,34.32070357248981],[-83.9520911073254,34.320654571774],[-83.95251110885152,34.319914573358574],[-83.95268610719427,34.319525573096165],[-83.95324310888212,34.318174570390156],[-83.95331210926918,34.317964571009696],[-83.95335710748039,34.31763257225727],[-83.95335710781153,34.317247572798564],[-83.95329610846437,34.316828572442766],[-83.95320510779396,34.31659557281063],[-83.95322810656222,34.31646157156006],[-83.95319710704925,34.316347571361234],[-83.95302910881684,34.3159735729235],[-83.95263310900474,34.315386570725444],[-83.95263310611429,34.31538257224453],[-83.95239610719686,34.315084572103416],[-83.95186210652538,34.31442057134352],[-83.95147310646486,34.31402857068401],[-83.9511221070783,34.3135895708238],[-83.9506571051282,34.31322357218234],[-83.95039010693884,34.312975572323445],[-83.9503211082854,34.31281856952291],[-83.9502371073055,34.312746572055],[-83.95003110580207,34.31248357059346],[-83.94986310664012,34.312338571750054],[-83.94984010581244,34.31231157039007],[-83.94973310553799,34.31219756993211],[-83.94944410442844,34.31173157094766],[-83.94905410663247,34.31132357040642],[-83.9486881062618,34.31088057075441],[-83.94790110695081,34.31006857022207],[-83.94688810584375,34.309023569498635],[-83.94620910421419,34.30819156990387],[-83.9458501047558,34.307798569180264],[-83.94555310406652,34.307401570837115],[-83.94543810373483,34.30721856909136],[-83.94508710417011,34.306803568602916],[-83.94490410403907,34.306509569553974],[-83.94462910415373,34.30613156973595],[-83.94443910247865,34.305807570920116],[-83.94419410604584,34.30522756911364],[-83.94359910428662,34.303961570266374],[-83.94353810503584,34.30374756876587],[-83.94303510544509,34.302759568177144],[-83.94291110236394,34.30257556840099],[-83.94284410537892,34.302477567472934],[-83.9426841054482,34.30217156822884],[-83.9426231038813,34.30203056941863],[-83.94261510292806,34.30184756758522],[-83.94262310257123,34.301569569033205],[-83.94268410241183,34.30138656713691],[-83.94280610520835,34.30119556792442],[-83.94298910490251,34.30103556972089],[-83.94330910574621,34.300821569724164],[-83.94366810321335,34.30061556831866],[-83.94382310296037,34.30054856852376],[-83.94448410543173,34.300257567731244],[-83.94499610324195,34.30000556914869],[-83.94547610398769,34.299684568101824],[-83.94604810421369,34.29922756686203],[-83.9466441049264,34.298609567541455],[-83.94675810445422,34.29845656843431],[-83.94684210314689,34.29826556808659],[-83.94689510561966,34.297979568079434],[-83.94686510341137,34.29779256719688],[-83.94675810489976,34.297560566633045],[-83.94655210435694,34.297292568549516],[-83.94611710587607,34.296942566417684],[-83.94593410379619,34.29672456767745],[-83.94494810390864,34.29595256771334],[-83.94396610413348,34.2951835674694],[-83.94348510404718,34.29472956749324],[-83.94308110391432,34.29425656659073],[-83.9425391020474,34.29334456726625],[-83.94226410323476,34.29281456654828],[-83.9420741031638,34.29255556707832],[-83.9418681029349,34.292337566874494],[-83.94180610388463,34.292207568453534],[-83.94170710393149,34.292085567570226],[-83.94149410146827,34.291933565469485],[-83.94115010411912,34.29180756594355],[-83.9410051043515,34.291796567518],[-83.94079910433518,34.29183756758715],[-83.94070210378852,34.29185356661833],[-83.940672103001,34.291858567325825],[-83.94050910186868,34.29188356749998],[-83.94025010247631,34.291971567142454],[-83.93996810193224,34.2921505675353],[-83.93982310187893,34.292299568606104],[-83.93973910292478,34.2924635675145],[-83.93966310278273,34.292745567721596],[-83.93952510206186,34.29366556850549],[-83.93956310364261,34.294233566774395],[-83.93960910268927,34.294508568608954],[-83.94004410292978,34.29578656762387],[-83.94022010378879,34.296572568274],[-83.94030310298355,34.29747256686713],[-83.94028110401705,34.29773156772352],[-83.94019710274155,34.29806756749935],[-83.94012010358513,34.29823556801112],[-83.94002910408678,34.2983765674433],[-83.93981510370587,34.298586569264856],[-83.939571102133,34.29877656774788],[-83.93882310114941,34.29913556915132],[-83.93847210159616,34.29926156913855],[-83.93805710159994,34.29934856919034],[-83.93804110388996,34.29935256757467],[-83.93802210346935,34.29935656936887],[-83.93800710300903,34.299356568420315],[-83.93743510222208,34.299425568107544],[-83.93702310344602,34.29944456897871],[-83.93645810292392,34.29942156879923],[-83.93525310146455,34.299257569620565],[-83.93459710146733,34.299146568335026],[-83.93394110029338,34.29900156695014],[-83.93355910150554,34.29889156984281],[-83.9332691010912,34.298811570037344],[-83.93246010228877,34.298525568477366],[-83.93241510183128,34.29851756841935],[-83.93222409925565,34.298475568340265],[-83.93202610164543,34.298403568184426],[-83.93178110125355,34.29826956735398],[-83.9315140998513,34.29805956881949],[-83.93141510060438,34.297949568734154],[-83.93136209927547,34.29780456761976],[-83.9313011009197,34.2972165694191],[-83.93131609976447,34.29701056848308],[-83.93136210139845,34.29683956943349],[-83.93145310067041,34.29667556733078],[-83.93156810138784,34.296526568346174],[-83.93170510227469,34.296419568048556],[-83.93194909844928,34.29637756793045],[-83.93310910106979,34.29638856787454],[-83.93329210000559,34.296369567880795],[-83.9342761020579,34.296057568332905],[-83.93457410041854,34.29600356896015],[-83.93484810142161,34.295870567994726],[-83.93516110168093,34.29576356671222],[-83.93545110137521,34.295603567189815],[-83.93574910082219,34.29538156808471],[-83.93599310091307,34.29514156670904],[-83.93621410314023,34.294863567953804],[-83.93629010250622,34.29470656896002],[-83.93632110215333,34.29443556583269],[-83.9362981021621,34.29418756764918],[-83.93622909958063,34.29393656634275],[-83.93525310055024,34.29236556751923],[-83.93524509996641,34.29235256791205],[-83.93509610200432,34.292051566650905],[-83.93498609957253,34.29183056725477],[-83.93490210191524,34.291620567487136],[-83.93489409971986,34.29152156651632],[-83.93478009945541,34.29102556603156],[-83.93474910195569,34.290640565915105],[-83.93476510140707,34.28943856697071],[-83.93474209908804,34.28925956774331],[-83.93480310111171,34.28854956735303],[-83.93475710263509,34.28775256509862],[-83.93466510065704,34.28740156584632],[-83.93466509964883,34.28738256601857],[-83.93465110074662,34.28718056651005],[-83.93459710130557,34.286967565034736],[-83.93415509960091,34.28605556572031],[-83.93367410062001,34.285498564898795],[-83.93342210095003,34.28528156638688],[-83.9330640997512,34.28507856515644],[-83.93282709872076,34.28499956683211],[-83.93262909812515,34.284933565746954],[-83.93244609846391,34.28492256486654],[-83.93223210116003,34.284998564288095],[-83.93191209860711,34.28516656727217],[-83.93162209844836,34.28536456562837],[-83.93137009909582,34.28562456647698],[-83.93120210090629,34.285998566728075],[-83.93112609978853,34.28633356558033],[-83.9311410982363,34.28681856602081],[-83.93122509873207,34.28747856610596],[-83.93145409821987,34.28837056766197],[-83.93155509887116,34.288624567876695],[-83.93166009831265,34.28888956768711],[-83.93200309923942,34.289450566449986],[-83.93215609968031,34.28982856752387],[-83.93215610138331,34.29008756782719],[-83.9320260989047,34.29042756566752],[-83.93181210154995,34.290736568480206],[-83.93153810049601,34.29102556790364],[-83.93138509976121,34.291106568410314],[-83.93117209951684,34.29111356746604],[-83.93089710159559,34.29106056779928],[-83.93059909814194,34.290915566949685],[-83.93037810051091,34.29085456678042],[-83.9297530997322,34.29049556675844],[-83.92920609962145,34.29023156684366],[-83.9287341002155,34.290019566097875],[-83.92858909933938,34.28995556645484],[-83.92851709919925,34.28992356573816],[-83.92831609936316,34.289793567933444],[-83.92816309938472,34.289652566639],[-83.92809709772416,34.28957756585749],[-83.92804409979092,34.28946556623794],[-83.9280110999017,34.28936956614903],[-83.92784509898162,34.288889567205594],[-83.92772710048665,34.28870256572386],[-83.92765509777477,34.28858756628164],[-83.92757109825929,34.28848856800393],[-83.92751509877185,34.28844656787891],[-83.92703210034905,34.288076566677574],[-83.92690009820578,34.28797556631202],[-83.92679709964534,34.28790656543446],[-83.92638009786305,34.2875155668851],[-83.92597909725069,34.28704656508555],[-83.92567809632297,34.28658856765766],[-83.92559409772952,34.28642456613801],[-83.92538909873325,34.28661556645484],[-83.92532109902317,34.28665756501519],[-83.92352509892682,34.28781056745297],[-83.92180009840608,34.288346566197625],[-83.91804409442814,34.28888756574365],[-83.91679409611758,34.28928056606254],[-83.9162510967552,34.289568567681314],[-83.91560009666462,34.290234567477825],[-83.91514009679696,34.29140256827326],[-83.91484609563341,34.2921475682267],[-83.91440309533695,34.29385756829633],[-83.91377909432322,34.29505456988981],[-83.91304209534104,34.29544756936723],[-83.9120240955838,34.295686567790185],[-83.90846209384561,34.295930569250906],[-83.9069730927933,34.29578356964966],[-83.90618009468656,34.29558057002221],[-83.90587309148238,34.295465569305186],[-83.90549409164318,34.29532256923194],[-83.9044800928709,34.29487056912961],[-83.90285809080638,34.29399956962674],[-83.90189209038226,34.29345956935459],[-83.900665089785,34.29314357020029],[-83.89972609242025,34.29306156915359],[-83.89950408982023,34.29314356946757],[-83.8989410913866,34.2933495675458],[-83.89874508989229,34.29397556860387],[-83.89864509049528,34.29470856993861],[-83.89855209058634,34.29594557106613],[-83.89798209178582,34.29776156891928],[-83.89743808925051,34.29833156877318],[-83.89695409068611,34.298314568907024],[-83.89632609017971,34.29824857077441],[-83.89614208934829,34.298103570176146],[-83.89572309132572,34.2979925702009],[-83.89541609079805,34.297909569059904],[-83.89521408967602,34.29776956971586],[-83.89473808964642,34.297438569578446],[-83.89441009001007,34.29712256877463],[-83.89416108989778,34.296605569153485],[-83.89404909030303,34.295894570214394],[-83.8936910881878,34.29564257014766],[-83.89282908880111,34.295211570200095],[-83.89231608924544,34.294886570715775],[-83.89170408877507,34.294852569010274],[-83.89049708928646,34.295235569467785],[-83.88978408895838,34.295693569291615],[-83.88917808885654,34.29632856992707],[-83.88885308778102,34.29689457100003],[-83.88846108909254,34.297577571352214],[-83.88806308678849,34.298198569897984],[-83.88784208820786,34.29854357096043],[-83.88712908700009,34.299178569947976],[-83.88618008626207,34.30006357189456],[-83.88480008687173,34.3009905696802],[-83.88441108724165,34.30125156939803],[-83.88431608723276,34.30131557135567],[-83.88380508555372,34.301587571977485],[-83.88240108602882,34.30241057164675],[-83.88198308697415,34.30264557153219],[-83.8810090873859,34.30318557246496],[-83.88055308569821,34.30345257028702],[-83.88021108620764,34.30371957155913],[-83.88002108728502,34.30385457041877],[-83.87962408625089,34.30410157155657],[-83.87951208621513,34.304800572448215],[-83.8794970862751,34.30489557205597],[-83.88019608502118,34.3068405733495],[-83.8808420848734,34.30892657315478],[-83.88111708829129,34.309990574485234],[-83.881249085692,34.31128157411906],[-83.88218808827042,34.31720357391845],[-83.88036708577212,34.3210235750126],[-83.87993808539835,34.321780574696774],[-83.87982508653509,34.32195257671285],[-83.87980608731141,34.32196957459454],[-83.87819208570137,34.323767575687775],[-83.87781408496662,34.324521576300754],[-83.88130508702807,34.33078157801091],[-83.8841530905309,34.33390757748968],[-83.88493608876519,34.33509457691835],[-83.88504108973429,34.33510657670255],[-83.88957509021628,34.33488357808355],[-83.89197709107843,34.33691457685734],[-83.89349709217954,34.33868657801336],[-83.89583509313434,34.34112357786004],[-83.89601809276529,34.341029578434316],[-83.8958350932871,34.34096157875842],[-83.89557309206151,34.34081657863041],[-83.8955480934899,34.34079057976678],[-83.89570609376624,34.34068657754607],[-83.89580509194131,34.340823577936895],[-83.89608709430502,34.340806578485555],[-83.8960870924802,34.34065857981648],[-83.89569009124153,34.34043657975215],[-83.89525509229023,34.33971257781176],[-83.89436309324981,34.3390835794215],[-83.89459209271273,34.338602578105295],[-83.8940770927817,34.3381335801879],[-83.89434209172418,34.33771357926097],[-83.89447909251489,34.337738576919975],[-83.89457109192948,34.33772057872366],[-83.89473909215546,34.337618578849586],[-83.89490509290184,34.337506579519214],[-83.89499009245198,34.33748257725487],[-83.89514309231316,34.33750057833613],[-83.89553909175983,34.337602579291186],[-83.89589309194773,34.33775357829433],[-83.89601509253065,34.337846578812886],[-83.89609309279622,34.33795557949136],[-83.89608709301756,34.338213577017726],[-83.89602209219346,34.33866057780318],[-83.89600409222936,34.339013579453265],[-83.89605009352661,34.3390705781849],[-83.89609409173066,34.33908257971974],[-83.89616209168308,34.33910157814136],[-83.89637409224518,34.33911857834962],[-83.89663109186651,34.339121577813366],[-83.89691709132232,34.33923357799601],[-83.89721509169492,34.33936257864254],[-83.89926009338947,34.34021757932125],[-83.89973509284735,34.3403935776216],[-83.90004909292897,34.340498577657264],[-83.90047209416855,34.340629579813054],[-83.9008390932815,34.340727578758525],[-83.90253609484229,34.341182579687796],[-83.90260409504607,34.341221577620786],[-83.90266809458403,34.34130457873018],[-83.90269709458192,34.34136757790382],[-83.9039480957436,34.341376577635884],[-83.9041760947178,34.34142757786616],[-83.90450709432537,34.341442578655965],[-83.90526709527569,34.34143657803835],[-83.9062100956072,34.34144357774648],[-83.90775109590274,34.341441578118456],[-83.90801909543472,34.34145857740619],[-83.90819509787765,34.34147757816198],[-83.90875009632238,34.34151057832837],[-83.9089300973542,34.3415275795603],[-83.9091940957222,34.34157257867191],[-83.9095120958411,34.34164757942317],[-83.9097480976068,34.34171457900771],[-83.9101860976983,34.34187057958191],[-83.9103810976985,34.34196557950342],[-83.91049709626688,34.3420415782982],[-83.91095409794272,34.3420255786733],[-83.91440509728257,34.34191457945288],[-83.9150510964546,34.34189357861538],[-83.91505209641178,34.34189357796553],[-83.91536509939115,34.34187257772431],[-83.91595409792325,34.34183457956775],[-83.91745009856194,34.34214757831516],[-83.92093510062004,34.34280957700175],[-83.9237891009191,34.343217579163124],[-83.92430910131338,34.3433595787396],[-83.92555410221104,34.34340557887557],[-83.92612610201286,34.343391578319384],[-83.9263371023555,34.34338757948005],[-83.92728010169463,34.34341757734962]]]},"properties":{"OBJECTID":"1","COUNTY_NAM":"HALL","PRECINCTNO":"18","NAME":"18-Fork","LOCATION":"LANIER HILLS CHURCH - 3129 DUCKETT MILL RD","PRECINCT":"FORK","MAPLABEL":"PRECINCT 18 - FORK","GlobalID":"{D0B695F1-8063-4C62-AE13-256C97FABCFE}","EDITED_BY":"JBUDD","EDITED_DT":"2/7/20, 9:44 AM","created_user":"","created_date":"","Shape_Length":"91,134.11","Shape_Area":"327,794,135.88"},"id":1},{"type":"Feature","geometry":{"type":"Polygon","coordinates":[[[-83.92000810057641,34.38602658753967],[-83.9204081014751,34.38628458888451],[-83.92074110091488,34.386572588080654],[-83.92091610300044,34.386737587357395],[-83.92132810198727,34.38666858811471],[-83.92320810172333,34.38618958810525],[-83.92435410184713,34.385922586940126],[-83.92535410435097,34.38585658704278],[-83.92761810310684,34.385985586839205],[-83.92826010446433,34.3858995861227],[-83.92873210474022,34.38577558795326],[-83.93029410551998,34.38525958760423],[-83.93057910600125,34.385154588291726],[-83.93083210449889,34.3851055875802],[-83.93162210324526,34.38487558633814],[-83.93242710553288,34.384574586327666],[-83.93284510669716,34.38436758733965],[-83.93313710418346,34.383980585806086],[-83.93349510743694,34.383534585766725],[-83.93377310388922,34.38321858827826],[-83.93400410524912,34.383015587394254],[-83.93430310459851,34.38281158553828],[-83.93452310623584,34.382716585294865],[-83.93472910685081,34.382658587097566],[-83.93493810597325,34.382610585347074],[-83.93515110467368,34.382571585695636],[-83.93525810586006,34.38255858649536],[-83.93556510504523,34.38247058629941],[-83.93566010653996,34.382426586392896],[-83.93575910625876,34.38238858754483],[-83.93586210739302,34.38236058457588],[-83.93598310576054,34.38231858532811],[-83.9363201072737,34.38214058538843],[-83.93645410780005,34.38208058520158],[-83.93697210691151,34.38182858635133],[-83.93713810745564,34.38174058612923],[-83.93740810589698,34.38166358578024],[-83.93761810746268,34.381608586088284],[-83.93809910690241,34.38145358715684],[-83.93840110886961,34.381351585438516],[-83.93850010826267,34.38131358706505],[-83.93859410594784,34.38126858586632],[-83.93868510711044,34.38121858615727],[-83.93877010612553,34.3811635868551],[-83.93889910679785,34.38106458657459],[-83.93896910665636,34.38099558679291],[-83.93903410806949,34.38092358718857],[-83.93909310572229,34.38084758606665],[-83.93914610778269,34.38076858689046],[-83.93919310722077,34.380687584980194],[-83.93923210590766,34.380603585811585],[-83.939301107433,34.380432586546775],[-83.93936510791178,34.380306584878475],[-83.94010410678646,34.37862658494017],[-83.94022910878813,34.37831358613485],[-83.94024410780283,34.37824258421527],[-83.9403361082122,34.3781105851982],[-83.94053810578363,34.3778985845134],[-83.94075510729107,34.37769658608084],[-83.94098610639143,34.3775055859967],[-83.94122910667195,34.377325585914676],[-83.94131510698878,34.37727058393774],[-83.94140710809559,34.37722258457007],[-83.94150410746512,34.37718158415076],[-83.94160410811739,34.37714658637424],[-83.94181210598533,34.37709558408195],[-83.94233810922171,34.37698058483811],[-83.9424881087605,34.376973585874474],[-83.94340010962773,34.376825585342445],[-83.94400710913803,34.3767115840321],[-83.94466210863008,34.37649858583333],[-83.94540010913677,34.37621358385581],[-83.94580110726484,34.37603458503301],[-83.94613411042398,34.37582958479755],[-83.94634810949118,34.37562758535519],[-83.94657810820473,34.37542458561832],[-83.94733210914791,34.37463158557675],[-83.94747811016381,34.374445583998195],[-83.94771910999928,34.374224584007706],[-83.94785710847465,34.37408558511791],[-83.94800711040766,34.37395458545545],[-83.94853610948296,34.3736025850444],[-83.9486521078036,34.373529582905455],[-83.94875110789867,34.37345658374939],[-83.9491011087102,34.373265584336224],[-83.9495361088849,34.37305758247425],[-83.95107510889106,34.3724005832959],[-83.95122611054133,34.372340583207084],[-83.9508411088139,34.37082458399112],[-83.95068510907899,34.3701635826587],[-83.95053610899808,34.369724583937774],[-83.95043210880922,34.36930258328146],[-83.95037610868735,34.368971583856535],[-83.95035310855381,34.36863158288655],[-83.95036210860613,34.367939581786835],[-83.95032211037072,34.367441582971324],[-83.94997710873044,34.367118582893795],[-83.94967810937153,34.36683058191556],[-83.94941110994871,34.36653258274279],[-83.949141108683,34.36611458380156],[-83.94898010910732,34.36565658364974],[-83.9489471093179,34.36552358282338],[-83.94887610968182,34.36523458141822],[-83.94891610955807,34.36477258222084],[-83.94887410976727,34.36454358196942],[-83.9487121095352,34.36434358151498],[-83.9484011087248,34.364047581597504],[-83.94800010918993,34.363715581101914],[-83.94772410893553,34.363454582142595],[-83.947457108127,34.36314758095034],[-83.94724711027597,34.363003581672544],[-83.94698610985553,34.36288058084041],[-83.9466711074685,34.36280558094514],[-83.9463031078504,34.36276258058667],[-83.94592610876755,34.362700580426186],[-83.94563310638289,34.362624580730746],[-83.94535410813594,34.36250858244301],[-83.94510110766794,34.362341580315],[-83.94489010651988,34.36212058234897],[-83.94469210862118,34.36183458215396],[-83.9443471087819,34.361260582667576],[-83.94406010759633,34.36083258267139],[-83.94393310592739,34.360630581173545],[-83.94379210869629,34.3603945812448],[-83.94365910764915,34.36022158182698],[-83.9434811067858,34.36002858282622],[-83.94324010552685,34.35980458093535],[-83.94302910740332,34.35960058143403],[-83.94279610574637,34.35938958033384],[-83.94232210557479,34.35892358192771],[-83.94212310776238,34.35867658009259],[-83.94197310857884,34.358458580203305],[-83.94182110684544,34.35817658056071],[-83.94162410705728,34.357831580390716],[-83.9415801065452,34.357743580541396],[-83.9415421064998,34.35750858048158],[-83.94154410687916,34.35739958026623],[-83.94155610792586,34.35723758182125],[-83.94159410629055,34.35710758088529],[-83.94157910789424,34.35696958027179],[-83.94160410631669,34.35682258162979],[-83.94173810833345,34.35653958003426],[-83.94196610661278,34.356233579677614],[-83.94209510661008,34.356094582037116],[-83.94223110735255,34.35599258116073],[-83.94229310787465,34.35596057920258],[-83.94223710698223,34.35451858091463],[-83.94221010654289,34.3543145789422],[-83.94288810751979,34.353310581013],[-83.94369610531774,34.35236058002002],[-83.9440471066167,34.35210058108638],[-83.944444108785,34.35126357945607],[-83.94439110636657,34.35059057940564],[-83.94450510506962,34.35029158038801],[-83.94409310504673,34.34933358000109],[-83.9445051079239,34.349249577332586],[-83.94441610779035,34.34909657843065],[-83.94590910807986,34.34881157936323],[-83.94672610608976,34.348611579097565],[-83.947907106805,34.348396579387035],[-83.94871910871184,34.34819457792139],[-83.94949910746111,34.349235578150534],[-83.95006810834367,34.349967577299346],[-83.95049410915732,34.350478578789975],[-83.95091910853984,34.350975578360725],[-83.9513211086472,34.35130357950418],[-83.95175610852702,34.351603580466616],[-83.95242410777341,34.35226357983679],[-83.95272710881278,34.35266457875303],[-83.95297810813791,34.35303857796328],[-83.95362511091439,34.35406558008071],[-83.95389111070594,34.35438257932804],[-83.95412011090964,34.354602579956655],[-83.95438211135044,34.35480758030657],[-83.95460811045072,34.35497057863625],[-83.95488511119254,34.355119580504756],[-83.95553810870291,34.355342580462086],[-83.95639910910278,34.35566058088276],[-83.95700010931851,34.35587057868688],[-83.95705211140243,34.355887579332936],[-83.95774011323839,34.35612058077082],[-83.9581001095543,34.3562385795505],[-83.95832411218618,34.35633157895642],[-83.95861910961754,34.356507580580136],[-83.95878011241749,34.35666858094439],[-83.95886611124212,34.356755579405814],[-83.9591721133505,34.35724057887183],[-83.95949211144769,34.35767158114748],[-83.95970011244084,34.358148579627816],[-83.9597641124266,34.358320579628916],[-83.95981611215474,34.358495580465664],[-83.95985011171418,34.35867358013068],[-83.95986211129929,34.35878958064515],[-83.95988611145843,34.35912258056907],[-83.95988811271218,34.3592465809136],[-83.95988511238714,34.35939258094903],[-83.95986911117652,34.35957258053452],[-83.95985311166186,34.35966158049711],[-83.95980411238732,34.35983758086072],[-83.95977111207391,34.35992258067795],[-83.95973211175227,34.36000758025963],[-83.95968811133923,34.36008958087742],[-83.95963911163206,34.36016958056149],[-83.95958411244328,34.36024758031861],[-83.95952411095786,34.36032258108939],[-83.95939011184286,34.36046458087989],[-83.95931611231438,34.36053058094567],[-83.95916211184415,34.36064758042305],[-83.95877811120089,34.36101358060006],[-83.9579041111569,34.361766580629045],[-83.95780911172547,34.361857581344026],[-83.95774211141848,34.361929581484375],[-83.95762411143576,34.3620805807884],[-83.95747311163512,34.36232058118497],[-83.95738511149906,34.36248458070537],[-83.95730811168397,34.36265358102588],[-83.95724111189345,34.362824580945464],[-83.9571861111947,34.36299858103351],[-83.95712411136117,34.36326458112913],[-83.95708986460161,34.3634420462427],[-83.95701411130133,34.36383458182683],[-83.95690911131354,34.364382581914036],[-83.95671111144246,34.36537558214572],[-83.95663511112394,34.365754581736645],[-83.95659011169468,34.36592558198963],[-83.95737711158667,34.366089582494666],[-83.95753211149079,34.366169582777644],[-83.95763711181986,34.36623758149792],[-83.95770611180392,34.36629258211154],[-83.95775911227955,34.36634758242736],[-83.9579371116005,34.366582582524096],[-83.95799911182948,34.36665758218097],[-83.95806711115054,34.366726582194204],[-83.95814311163774,34.36679158203064],[-83.95822611177641,34.36684958226489],[-83.95831411154147,34.36690258185537],[-83.95840711152364,34.36694858202185],[-83.95850511170795,34.366987582753],[-83.95860711103865,34.36701858159772],[-83.95881911242661,34.36706058237688],[-83.95892611170783,34.367074582315716],[-83.95909311193574,34.367089581886425],[-83.95956811221194,34.367064581879205],[-83.96040011272648,34.367044581787965],[-83.96050711254101,34.36705358206718],[-83.96061411262998,34.36707358225359],[-83.96071711282926,34.367101582419416],[-83.96081511236797,34.367139581465324],[-83.96090911233624,34.36718458157782],[-83.96099911220341,34.367234582191294],[-83.9611241128445,34.36736458152257],[-83.9614581131655,34.36766658213575],[-83.96182311282136,34.36791158265385],[-83.96194955469119,34.36798415112633],[-83.96222211366903,34.36814058199572],[-83.96260211285635,34.368342582535895],[-83.96317711252748,34.368737582458714],[-83.96356511320609,34.36913658260072],[-83.96396811340776,34.369492582743035],[-83.96432011375607,34.369836583059204],[-83.96447611432127,34.36994558313628],[-83.96454711377962,34.37001458268056],[-83.96469511394656,34.37020458300263],[-83.96480911352384,34.37035058208583],[-83.96515711356611,34.37079658273948],[-83.9660071147175,34.37026458265971],[-83.96677911481858,34.369572581905736],[-83.96755011520854,34.3686975820311],[-83.96947211502236,34.36819558164454],[-83.97119211598122,34.36770858223059],[-83.97594411648761,34.364622580911664],[-83.97623011767456,34.3644685816064],[-83.97619211673519,34.364382582488155],[-83.97598711782106,34.36391358142682],[-83.9761371159984,34.363068580356625],[-83.97618411841758,34.3628445809029],[-83.97706511645022,34.36190158030969],[-83.97861911780721,34.36116258041564],[-83.98102711888572,34.3597915810076],[-83.9814621162571,34.35954458125891],[-83.98162511723172,34.358764579181305],[-83.98143711816306,34.35783557880155],[-83.9805671173842,34.35737657960096],[-83.97960811676293,34.35715857954793],[-83.97762711739317,34.35715657872005],[-83.97689911775329,34.35702357923026],[-83.97624211669141,34.35658257975511],[-83.97624211674186,34.356034579163186],[-83.97594211483539,34.35491457810336],[-83.97527811610124,34.35327157795124],[-83.97364911456164,34.35091957861706],[-83.97299211589062,34.350116577245764],[-83.9729421140478,34.349954579188505],[-83.97264011559224,34.348974578551825],[-83.9725581155487,34.3488245790578],[-83.97247511563135,34.348675577759174],[-83.97239911344232,34.34853957730285],[-83.9723231148919,34.348402576963146],[-83.97191911310429,34.3476635783545],[-83.9712421138731,34.34690257737612],[-83.9702561156938,34.34582657763979],[-83.96958911470902,34.345130578388414],[-83.96853511300176,34.344126576095604],[-83.96825611187047,34.3436975760825],[-83.967883113666,34.34255057633468],[-83.96757611294767,34.34075257634646],[-83.9671791117903,34.340320576070596],[-83.96685711186902,34.33963557581528],[-83.966278112121,34.339498576467975],[-83.96544211350815,34.33994957704388],[-83.96473011259093,34.34083857764198],[-83.96258311338838,34.34267457626532],[-83.96252411243854,34.3426995757907],[-83.96127911134612,34.343246577218565],[-83.96071910954598,34.34312557733525],[-83.96017611179063,34.34271957612818],[-83.96006510986639,34.341682575378464],[-83.96003611184693,34.34025357516859],[-83.959811112505,34.339436575291884],[-83.95905710954989,34.337928576229224],[-83.95887111140365,34.33718457566021],[-83.9583051095833,34.336510575732525],[-83.95710910855873,34.3340755758432],[-83.95708110882298,34.33401757589009],[-83.95700410867315,34.33385457631158],[-83.9569341099438,34.33370557563412],[-83.95692811053999,34.33369257553387],[-83.95681310945588,34.33344857406242],[-83.9566691102078,34.333200576576935],[-83.95651310846505,34.33301957565087],[-83.9564471085495,34.33294157660389],[-83.95619611136928,34.33272357579247],[-83.95569210906294,34.33242657418913],[-83.95478411090552,34.33209057525775],[-83.95477810962751,34.33208757526631],[-83.95408210938645,34.33178157508155],[-83.95320510899604,34.33123257531004],[-83.95302210782387,34.3311145732742],[-83.9528161096495,34.33101857601159],[-83.95251110914096,34.33094457493299],[-83.95232710738283,34.33090057372802],[-83.95161810987919,34.33083557438126],[-83.95083110695295,34.3307975761587],[-83.9504351078345,34.33077857569974],[-83.94951210716692,34.330624574344334],[-83.94916110807706,34.330564575801446],[-83.947551106399,34.330339574031214],[-83.94728410657484,34.33027457331033],[-83.94724710761486,34.33026757394616],[-83.94691110671666,34.3301875737488],[-83.94631510469299,34.32993157468869],[-83.94623210744223,34.329881573875106],[-83.94620110531903,34.32986257606828],[-83.94514510551446,34.329454574179955],[-83.94494510592325,34.33028157547829],[-83.94308310711048,34.33153857565992],[-83.93926610520178,34.3348855751475],[-83.93749910455554,34.3364355763722],[-83.93523810431465,34.33717157744918],[-83.93514410355834,34.33720257602197],[-83.93503310404206,34.3372795755946],[-83.93432210298855,34.337770578239734],[-83.93417110160398,34.33796957808675],[-83.93374510436816,34.33853457615546],[-83.9322381027148,34.34005457732285],[-83.93085010426195,34.34145057688609],[-83.93001110034916,34.342295576965924],[-83.92976610334111,34.34253257901921],[-83.92786210133838,34.34334557862906],[-83.92728010169463,34.34341757734962],[-83.9263371023555,34.34338757948005],[-83.92612610201286,34.343391578319384],[-83.92555410221104,34.34340557887557],[-83.92430910131338,34.3433595787396],[-83.9237891009191,34.343217579163124],[-83.92093510062004,34.34280957700175],[-83.91745009856194,34.34214757831516],[-83.91595409792325,34.34183457956775],[-83.91536509939115,34.34187257772431],[-83.91505209641178,34.34189357796553],[-83.9150510964546,34.34189357861538],[-83.91440509728257,34.34191457945288],[-83.91095409794272,34.3420255786733],[-83.91049709626688,34.3420415782982],[-83.9103810976985,34.34196557950342],[-83.9101860976983,34.34187057958191],[-83.9097480976068,34.34171457900771],[-83.9095120958411,34.34164757942317],[-83.9091940957222,34.34157257867191],[-83.9089300973542,34.3415275795603],[-83.90875009632238,34.34151057832837],[-83.90819509787765,34.34147757816198],[-83.90801909543472,34.34145857740619],[-83.90775109590274,34.341441578118456],[-83.9062100956072,34.34144357774648],[-83.90526709527569,34.34143657803835],[-83.90450709432537,34.341442578655965],[-83.9041760947178,34.34142757786616],[-83.9039480957436,34.341376577635884],[-83.90269709458192,34.34136757790382],[-83.90266809458403,34.34130457873018],[-83.90260409504607,34.341221577620786],[-83.90253609484229,34.341182579687796],[-83.9008390932815,34.340727578758525],[-83.90047209416855,34.340629579813054],[-83.90004909292897,34.340498577657264],[-83.89973509284735,34.3403935776216],[-83.89926009338947,34.34021757932125],[-83.89721509169492,34.33936257864254],[-83.89691709132232,34.33923357799601],[-83.89663109186651,34.339121577813366],[-83.89637409224518,34.33911857834962],[-83.89616209168308,34.33910157814136],[-83.89609409173066,34.33908257971974],[-83.89605009352661,34.3390705781849],[-83.89600409222936,34.339013579453265],[-83.89602209219346,34.33866057780318],[-83.89608709301756,34.338213577017726],[-83.89609309279622,34.33795557949136],[-83.89601509253065,34.337846578812886],[-83.89589309194773,34.33775357829433],[-83.89553909175983,34.337602579291186],[-83.89514309231316,34.33750057833613],[-83.89499009245198,34.33748257725487],[-83.89490509290184,34.337506579519214],[-83.89473909215546,34.337618578849586],[-83.89457109192948,34.33772057872366],[-83.89447909251489,34.337738576919975],[-83.89434209172418,34.33771357926097],[-83.8940770927817,34.3381335801879],[-83.89459209271273,34.338602578105295],[-83.89436309324981,34.3390835794215],[-83.89525509229023,34.33971257781176],[-83.89569009124153,34.34043657975215],[-83.8960870924802,34.34065857981648],[-83.89608709430502,34.340806578485555],[-83.89580509194131,34.340823577936895],[-83.89570609376624,34.34068657754607],[-83.8955480934899,34.34079057976678],[-83.89557309206151,34.34081657863041],[-83.8958350932871,34.34096157875842],[-83.89601809276529,34.341029578434316],[-83.89583509313434,34.34112357786004],[-83.89349709217954,34.33868657801336],[-83.89197709107843,34.33691457685734],[-83.88957509021628,34.33488357808355],[-83.88504108973429,34.33510657670255],[-83.88493608876519,34.33509457691835],[-83.8841530905309,34.33390757748968],[-83.88130508702807,34.33078157801091],[-83.87781408496662,34.324521576300754],[-83.87771908609145,34.32496257497639],[-83.87645008479006,34.3255955776363],[-83.87632008513151,34.32582157696385],[-83.87555808595728,34.32644657606353],[-83.87514008537235,34.326965576263],[-83.87469908620838,34.32782357685395],[-83.87438308463027,34.3280455773548],[-83.87415008636705,34.329071576324665],[-83.87377908622688,34.32957657700586],[-83.87310708642138,34.329872577639925],[-83.87274308609206,34.329951578123854],[-83.87160108362646,34.3303065779281],[-83.87109408454634,34.33033657841977],[-83.86808908293169,34.33128857741121],[-83.86677908280171,34.33116657856889],[-83.866006083606,34.33102757807002],[-83.86661008480894,34.332782579086945],[-83.86661008436934,34.332874578702494],[-83.8666050850982,34.33409457821106],[-83.86660308254552,34.33480957973863],[-83.86660408541803,34.33532057819454],[-83.86662208220335,34.34033757879309],[-83.86663308464911,34.34378958134799],[-83.86663608433783,34.34442258031026],[-83.86663808483573,34.34494458042074],[-83.86664408601747,34.345153581804794],[-83.86665208377303,34.345406579999896],[-83.86667108378776,34.34580758191043],[-83.86667808267151,34.34631758258448],[-83.86668208377007,34.347109582120744],[-83.86798308307215,34.347122580923376],[-83.86848208496065,34.347128581851344],[-83.87032408640444,34.34714858269401],[-83.87084908665854,34.34715558174093],[-83.87109108443511,34.34715858149545],[-83.8715400846591,34.347165581606035],[-83.87137508459612,34.34727458070145],[-83.87125508555214,34.3473855814479],[-83.8711650852587,34.347533581726765],[-83.87114408682892,34.34763958136027],[-83.87113208651452,34.347705580388045],[-83.87116308605579,34.34788158140133],[-83.87119308391988,34.348029582753675],[-83.87131908516527,34.34813558186505],[-83.8713750848007,34.348134582771394],[-83.87140608526373,34.348189580937245],[-83.87151608636509,34.348251582702716],[-83.87156508560412,34.34827858100629],[-83.8716390863032,34.348410582720746],[-83.87168408713156,34.348489579977105],[-83.87169408678403,34.34869958238467],[-83.87169808404919,34.3487745824657],[-83.87169708746728,34.348985580745946],[-83.87182408495205,34.34919758243251],[-83.87184608676995,34.34923458158498],[-83.87207108576304,34.349571580346506],[-83.87215908536047,34.34954858305303],[-83.87232908557145,34.349496582046996],[-83.87257808516692,34.3494235810902],[-83.87302308639202,34.34929158169373],[-83.8739540871041,34.34901858195915],[-83.87423308628648,34.34897558313624],[-83.87481608603028,34.34888858293856],[-83.87535108701904,34.348714582743916],[-83.87542808792598,34.34869058052568],[-83.87546108770552,34.34870858125175],[-83.87597408504442,34.348993581779105],[-83.87614608550722,34.34908958128504],[-83.87637408751002,34.34907458181142],[-83.87663608594883,34.34888358119621],[-83.87687108844342,34.348712581369654],[-83.87707308630517,34.348623581600364],[-83.87741408784763,34.3484745816802],[-83.87762108897417,34.34855158016247],[-83.87762408901848,34.34870458121189],[-83.87763708811677,34.349164581894016],[-83.87764008958514,34.34944958211167],[-83.87765308833814,34.35035858058309],[-83.87769608728027,34.35080658088756],[-83.87823508800777,34.35079358193209],[-83.87823508766479,34.35103458218931],[-83.87823508949609,34.35105658220175],[-83.87823008624662,34.35188358295618],[-83.87822508720974,34.35258458261139],[-83.87822408918227,34.352651581906684],[-83.87821208667575,34.35464558097129],[-83.87970508822006,34.35464958197441],[-83.88084808776519,34.354653582970975],[-83.88084108774709,34.35538258312301],[-83.88082508743747,34.35729258440117],[-83.88082108844169,34.357809583763775],[-83.87918308812426,34.357806583798535],[-83.87916708741287,34.359730584396274],[-83.87707008644747,34.359729582181004],[-83.87691508664156,34.3597245822571],[-83.87686208908585,34.35972258244867],[-83.87669908724298,34.35972158428437],[-83.87675808735882,34.35978658437657],[-83.87720308674487,34.36027058297025],[-83.87727308773646,34.360586583606356],[-83.87733408848871,34.361176583460974],[-83.87728008780374,34.3614515825652],[-83.87797008882293,34.36212058479743],[-83.87837908893557,34.3624405825111],[-83.87857808825223,34.36181758333793],[-83.87878008944537,34.36126358303746],[-83.87888808874601,34.360937584296664],[-83.87906508884085,34.360665585393434],[-83.87927908896681,34.36044958270593],[-83.8795470883336,34.36034458250079],[-83.87995208866813,34.36027858248496],[-83.88039108759796,34.360197582876204],[-83.8806270903103,34.36016358481074],[-83.88080708977938,34.36011358257853],[-83.88101408909847,34.36005658383776],[-83.88155408790341,34.35993058419753],[-83.88183008883384,34.35983158489963],[-83.88247608966685,34.35959958289924],[-83.88331108757164,34.359185582572195],[-83.884517090944,34.35867758214576],[-83.88522109065255,34.3584075819748],[-83.8852360912217,34.35840158228772],[-83.88607708877404,34.35810558257672],[-83.8874340895416,34.35756658428024],[-83.88902209113611,34.35687158325398],[-83.8892100902231,34.35679858421423],[-83.88988809223886,34.356510583110584],[-83.89015309046381,34.356407583991206],[-83.89048409035672,34.35633358330569],[-83.8911060914376,34.356246581989005],[-83.89241609271377,34.356137582661056],[-83.89269809248907,34.35609458192422],[-83.89287009362313,34.35604358200894],[-83.89286309240075,34.356464581175615],[-83.89288609208874,34.3569155838882],[-83.89296109107303,34.357419582343816],[-83.89305209315107,34.35782158364645],[-83.89332009158375,34.358865583516426],[-83.89348309215035,34.35959458410129],[-83.89360109360257,34.35992458213155],[-83.89376309254844,34.360302583677374],[-83.8940040918313,34.36082758261077],[-83.89423409313277,34.361223583215015],[-83.89458909395977,34.361651584618706],[-83.89497409134772,34.36205258297769],[-83.8954970926859,34.362562582133926],[-83.89607009185447,34.36301958290722],[-83.89692009252221,34.363760584074335],[-83.89715709352534,34.36403658543804],[-83.89727809420341,34.36425658466974],[-83.89761609460713,34.364804584829216],[-83.89823409464609,34.3657505844349],[-83.89844609525542,34.36612958530362],[-83.89886609660948,34.36665358429982],[-83.89893809579041,34.3667715834373],[-83.89925509319515,34.36729458307537],[-83.89950909487747,34.367799583493785],[-83.89964609313326,34.36815758602099],[-83.89965909507836,34.36821358437011],[-83.89979209512138,34.36875658519092],[-83.89986109669708,34.37523558765415],[-83.89992209461381,34.37602258746473],[-83.89992909673906,34.37621958515832],[-83.89996309519299,34.37638758521575],[-83.90001209557602,34.376562586124074],[-83.90007209568338,34.37673558606001],[-83.90014509404848,34.376905585920774],[-83.90023009679646,34.37707158639171],[-83.90044509613429,34.37739058802933],[-83.90102109431245,34.37842858687298],[-83.90152809425699,34.379339588099235],[-83.90165309527416,34.379533587446645],[-83.9024950951227,34.38079558713076],[-83.90254009565703,34.38087758756956],[-83.90259109625471,34.38095658611483],[-83.90264809812763,34.38103358620036],[-83.90271009747863,34.38110758852524],[-83.90277809571347,34.38117758819651],[-83.90285209622076,34.38124458684709],[-83.90301209665726,34.38136558590044],[-83.90309909808724,34.38141958754315],[-83.90319009851136,34.38146858685203],[-83.90342409752803,34.38160458707408],[-83.90424009705254,34.38198858747037],[-83.9044770981084,34.382100588927834],[-83.90501309788384,34.38236958836402],[-83.90529009802427,34.382517586577286],[-83.90544509696991,34.38257758740603],[-83.90603209680651,34.38284458607933],[-83.90621309778449,34.382945588447335],[-83.90649109667734,34.3830855865054],[-83.90677809751752,34.3832145868648],[-83.90682609850832,34.38322858817385],[-83.90687509662062,34.383254585959435],[-83.90717209682356,34.38336658874059],[-83.90747509835805,34.383466586594515],[-83.90778409637421,34.383552587015075],[-83.90809809809329,34.38362558769148],[-83.90837109937739,34.38367658676731],[-83.90996109901154,34.38391158875659],[-83.91036109887345,34.384031587512744],[-83.91132909899618,34.38414858908922],[-83.91211210131645,34.38422658894589],[-83.91406709897768,34.38423558867546],[-83.91449209884635,34.38423458815605],[-83.91549409977208,34.38424458802456],[-83.91615610149,34.38424258667794],[-83.91626410058227,34.384233588342575],[-83.91637309885988,34.384231588076],[-83.91648210023669,34.384236587445464],[-83.91658910273416,34.38424858686765],[-83.91669609967941,34.38426758771493],[-83.91680009951901,34.38429358658372],[-83.91690109979712,34.38432558725078],[-83.91699910191649,34.38436458865687],[-83.91773810293553,34.384728586042186],[-83.91844910052203,34.38516258793966],[-83.91954010062321,34.385756586631274],[-83.92000810057641,34.38602658753967]]]},"properties":{"OBJECTID":"2","COUNTY_NAM":"HALL","PRECINCTNO":"17","NAME":"17-Chestatee","LOCATION":"CHESTATEE HIGH SCHOOL - 3005 SARDIS RD","PRECINCT":"CHESTATEE","MAPLABEL":"PRECINCT 17 - CHESTATEE","GlobalID":"{19E9A3BE-BEAA-4839-8491-EDDF607A7B39}","EDITED_BY":"JBUDD","EDITED_DT":"2/7/20, 9:44 AM","created_user":"","created_date":"","Shape_Length":"132,867.69","Shape_Area":"377,256,841.45"},"id":2},{"type":"Feature","geometry":{"type":"Polygon","coordinates":[[[-83.9272871076048,34.43901059980558],[-83.92888210860743,34.44111659906071],[-83.92913510744553,34.44146160063827],[-83.92943610862197,34.44186559873078],[-83.9301441077201,34.442728598645864],[-83.93084710824787,34.44358759896352],[-83.9310891063733,34.44393959917961],[-83.93127510969445,34.4441645983729],[-83.93165110746814,34.44457660038307],[-83.93184410734388,34.44478660037594],[-83.9323701083266,34.44545060000946],[-83.93276210884869,34.44588260131271],[-83.93304710911491,34.44623060118159],[-83.93321810823849,34.44646060025664],[-83.93390110889383,34.447250599072376],[-83.93418410845864,34.447587600690284],[-83.93438710901671,34.447905599117526],[-83.93496610920917,34.448790600012096],[-83.93509710860984,34.449009600069004],[-83.9428041131023,34.44490259944308],[-83.94314511065822,34.44472060006272],[-83.94362211108167,34.44446660007693],[-83.94378311186586,34.444376598545084],[-83.94392411171636,34.44429559934383],[-83.94439811202085,34.444026599801944],[-83.94494511353818,34.443716597404844],[-83.9539431142997,34.43862359789084],[-83.95586311430486,34.43759559719963],[-83.9564521153771,34.437292597768995],[-83.95702211580057,34.43791359819372],[-83.95815411746584,34.43750159637848],[-83.95977411638562,34.43683559688779],[-83.96048111714006,34.43654359621848],[-83.96108211663784,34.436297595449794],[-83.96149611617372,34.436127596574],[-83.96199311683047,34.436013595603114],[-83.96206911819026,34.436021595163126],[-83.96213211671073,34.43602859564275],[-83.96347711786797,34.43617759751613],[-83.96406811798487,34.435881596713664],[-83.964160118508,34.435809595816224],[-83.96448811773662,34.43555359552421],[-83.96490111593603,34.43521859696639],[-83.96512011836343,34.435104596684276],[-83.96599611826872,34.43411759514144],[-83.9663251180605,34.433888595769204],[-83.96765811827298,34.4335205961466],[-83.96833011721777,34.4333355968074],[-83.96861111948077,34.43331559681565],[-83.9694961190792,34.433256596490416],[-83.96973111967905,34.433242595333134],[-83.97028012093419,34.432990595355406],[-83.97037511954709,34.43291059594258],[-83.97242011992574,34.4327455966182],[-83.97409211856697,34.43273159638251],[-83.97440611946004,34.4327175952118],[-83.97475112171074,34.43270559465912],[-83.97515012178222,34.4327285940722],[-83.97491812207521,34.432582594968075],[-83.9745901192492,34.43219659558722],[-83.9741091215775,34.43163159394599],[-83.97373411837977,34.43109459588717],[-83.97351811811663,34.430430594982134],[-83.97352311994835,34.43034259384849],[-83.97332712074073,34.42979659368317],[-83.97330712071482,34.42974159506734],[-83.97319212048167,34.42943859479076],[-83.97300012087044,34.4289335941338],[-83.9729831195403,34.428889593787595],[-83.9729731205441,34.42887259623203],[-83.97296212082932,34.42885359563493],[-83.97294711998477,34.42882959587879],[-83.97255711818016,34.428207594918916],[-83.97194611881196,34.4272335932873],[-83.9714291182619,34.426186594343854],[-83.97137511984994,34.42593859348619],[-83.97119711675177,34.425108595348796],[-83.9709141168577,34.42450959442777],[-83.97077011996753,34.42420959249437],[-83.97068211961515,34.4240275947954],[-83.9707021192366,34.42391359246661],[-83.97089711945213,34.42281759294628],[-83.9712131181809,34.422530593445806],[-83.97176511736215,34.422051594146374],[-83.97316812104611,34.420835593717996],[-83.97380312019664,34.420414592732236],[-83.97401711979785,34.42023459315587],[-83.97436311837286,34.4199455941833],[-83.97544012081912,34.419046593769394],[-83.97556212078896,34.418970591961056],[-83.97593011963401,34.418746592734685],[-83.97613312080034,34.41868059230256],[-83.97690412194272,34.418686591655934],[-83.977430118549,34.41882459305447],[-83.97795512215971,34.419029593559344],[-83.97852212035382,34.419067591376376],[-83.97911011927502,34.41888959190738],[-83.97925412066013,34.418834592189384],[-83.97955712203846,34.41871959260581],[-83.97959412118226,34.41870659373333],[-83.98015912297278,34.41849459142731],[-83.98065312248013,34.41839559345774],[-83.98108612088505,34.41831059140895],[-83.98152312094838,34.418219593109434],[-83.98202012321464,34.41811559230818],[-83.98237012137935,34.41790059270119],[-83.98241212315911,34.417875591752576],[-83.9825101225227,34.41781559186515],[-83.98317812252596,34.41715759166182],[-83.98328912212988,34.417047593075395],[-83.98336212075101,34.416757592665164],[-83.98367012254464,34.41553559255693],[-83.9839221217091,34.414323592600795],[-83.98399512134984,34.41414959076454],[-83.98429812343365,34.413852590606574],[-83.98471212202851,34.41282259071646],[-83.98482212330786,34.41160959087646],[-83.9846281215478,34.41119758991045],[-83.98436912221827,34.410761589624705],[-83.9835991234117,34.41068959159532],[-83.98193011999605,34.41127359022037],[-83.98180812255936,34.4113165906181],[-83.9807931191851,34.41153059107542],[-83.98026311942142,34.411642591321964],[-83.97925112061294,34.4115345916503],[-83.97864511895347,34.41129458983441],[-83.97840212160303,34.41122559121332],[-83.97783911915393,34.41078459121209],[-83.97777312058926,34.410718589838005],[-83.97719711914793,34.41014059015507],[-83.97704712102563,34.40975559109379],[-83.9770001211061,34.40963459115489],[-83.97684511966958,34.40953959052283],[-83.97671911951448,34.40946258928583],[-83.97657211890781,34.409372590861175],[-83.97629911923246,34.4092055905893],[-83.9761211205302,34.409003591316335],[-83.97565211986483,34.40866059001246],[-83.9756071203534,34.4085995896361],[-83.97548111851464,34.408313591158475],[-83.97535511971108,34.408027589839314],[-83.97527411894058,34.40783959071412],[-83.97522711984061,34.40767158904843],[-83.97517812010814,34.40748659162987],[-83.9751291184222,34.407301590577156],[-83.97500111875878,34.406828590479336],[-83.97491811927085,34.40673558982917],[-83.97476011925312,34.4065575905287],[-83.97390911950988,34.40634758929371],[-83.97294011687005,34.406107590664014],[-83.97260511956748,34.40604859085784],[-83.97200611887284,34.40550359013399],[-83.9718401158521,34.4051145912205],[-83.97170111864835,34.40380958862565],[-83.9715591176527,34.402530589929654],[-83.97155611625216,34.402466590578356],[-83.97152611755796,34.40179058781883],[-83.97206911589159,34.40031358737229],[-83.97231911892474,34.39967558951831],[-83.97277211982959,34.399005587481064],[-83.97432411842533,34.398717588465175],[-83.97521011791379,34.398551588862276],[-83.9758301175513,34.39825958887291],[-83.97647611843081,34.39795258900106],[-83.97734212039802,34.39658158804301],[-83.97796412002234,34.39504758714711],[-83.97817211901486,34.39453358752504],[-83.97823411791151,34.3927545867522],[-83.97807811832972,34.39190458718388],[-83.97820611766068,34.39136958732575],[-83.97853812065026,34.3907665870197],[-83.97903311941914,34.3904535871293],[-83.98106612024745,34.38917158692535],[-83.98120711952971,34.38902458634942],[-83.98127412031202,34.38895558490492],[-83.98134111771579,34.38888658612235],[-83.98234011998281,34.38786558675099],[-83.98361212001352,34.386124585625225],[-83.98361611981196,34.38609458578506],[-83.98435911950396,34.38365658575981],[-83.98436912062985,34.383637584881484],[-83.9843521210356,34.38326558617119],[-83.98433611929477,34.382965585086524],[-83.98401411937354,34.38259158440232],[-83.98317012027827,34.38198058526617],[-83.98212112033998,34.38147058362987],[-83.9793771203141,34.38067758451214],[-83.97932711813706,34.38065258424677],[-83.97894011995211,34.38047658566139],[-83.97743511717857,34.379790583056085],[-83.9772351179657,34.37948558379936],[-83.9772271193957,34.37924158476372],[-83.97751811991334,34.379000584300705],[-83.97771611680453,34.37883658280964],[-83.97791411828415,34.378673584440364],[-83.97843812002924,34.37824158300287],[-83.97961811891513,34.377137583017756],[-83.98020411850801,34.37587258245448],[-83.98038712017103,34.37510058358329],[-83.98037211776384,34.37411658306952],[-83.97971811820275,34.37363958395737],[-83.97918211651314,34.372987581755886],[-83.97942511758062,34.371650582954004],[-83.9800131183932,34.370625581863905],[-83.98086511925999,34.36960558128303],[-83.98098111944225,34.36920758090448],[-83.98086611982225,34.36874558122295],[-83.98052011870493,34.368607582079456],[-83.9798061184599,34.36832758038491],[-83.97934511918527,34.3681475813757],[-83.97880811712095,34.36752858090733],[-83.97671411616467,34.365122580502685],[-83.97632111840319,34.36467058110442],[-83.97623011767456,34.3644685816064],[-83.97594411648761,34.364622580911664],[-83.97119211598122,34.36770858223059],[-83.96947211502236,34.36819558164454],[-83.96755011520854,34.3686975820311],[-83.96677911481858,34.369572581905736],[-83.9660071147175,34.37026458265971],[-83.96515711356611,34.37079658273948],[-83.96480911352384,34.37035058208583],[-83.96469511394656,34.37020458300263],[-83.96454711377962,34.37001458268056],[-83.96447611432127,34.36994558313628],[-83.96432011375607,34.369836583059204],[-83.96396811340776,34.369492582743035],[-83.96356511320609,34.36913658260072],[-83.96317711252748,34.368737582458714],[-83.96260211285635,34.368342582535895],[-83.96222211366903,34.36814058199572],[-83.96194955469119,34.36798415112633],[-83.96182311282136,34.36791158265385],[-83.9614581131655,34.36766658213575],[-83.9611241128445,34.36736458152257],[-83.96099911220341,34.367234582191294],[-83.96090911233624,34.36718458157782],[-83.96081511236797,34.367139581465324],[-83.96071711282926,34.367101582419416],[-83.96061411262998,34.36707358225359],[-83.96050711254101,34.36705358206718],[-83.96040011272648,34.367044581787965],[-83.95956811221194,34.367064581879205],[-83.95909311193574,34.367089581886425],[-83.95892611170783,34.367074582315716],[-83.95881911242661,34.36706058237688],[-83.95860711103865,34.36701858159772],[-83.95850511170795,34.366987582753],[-83.95840711152364,34.36694858202185],[-83.95831411154147,34.36690258185537],[-83.95822611177641,34.36684958226489],[-83.95814311163774,34.36679158203064],[-83.95806711115054,34.366726582194204],[-83.95799911182948,34.36665758218097],[-83.9579371116005,34.366582582524096],[-83.95775911227955,34.36634758242736],[-83.95770611180392,34.36629258211154],[-83.95763711181986,34.36623758149792],[-83.95753211149079,34.366169582777644],[-83.95737711158667,34.366089582494666],[-83.95659011169468,34.36592558198963],[-83.95663511112394,34.365754581736645],[-83.95671111144246,34.36537558214572],[-83.95690911131354,34.364382581914036],[-83.95701411130133,34.36383458182683],[-83.95708986460161,34.3634420462427],[-83.95712411136117,34.36326458112913],[-83.9571861111947,34.36299858103351],[-83.95724111189345,34.362824580945464],[-83.95730811168397,34.36265358102588],[-83.95738511149906,34.36248458070537],[-83.95747311163512,34.36232058118497],[-83.95762411143576,34.3620805807884],[-83.95774211141848,34.361929581484375],[-83.95780911172547,34.361857581344026],[-83.9579041111569,34.361766580629045],[-83.95877811120089,34.36101358060006],[-83.95916211184415,34.36064758042305],[-83.95931611231438,34.36053058094567],[-83.95939011184286,34.36046458087989],[-83.95952411095786,34.36032258108939],[-83.95958411244328,34.36024758031861],[-83.95963911163206,34.36016958056149],[-83.95968811133923,34.36008958087742],[-83.95973211175227,34.36000758025963],[-83.95977111207391,34.35992258067795],[-83.95980411238732,34.35983758086072],[-83.95985311166186,34.35966158049711],[-83.95986911117652,34.35957258053452],[-83.95988511238714,34.35939258094903],[-83.95988811271218,34.3592465809136],[-83.95988611145843,34.35912258056907],[-83.95986211129929,34.35878958064515],[-83.95985011171418,34.35867358013068],[-83.95981611215474,34.358495580465664],[-83.9597641124266,34.358320579628916],[-83.95970011244084,34.358148579627816],[-83.95949211144769,34.35767158114748],[-83.9591721133505,34.35724057887183],[-83.95886611124212,34.356755579405814],[-83.95878011241749,34.35666858094439],[-83.95861910961754,34.356507580580136],[-83.95832411218618,34.35633157895642],[-83.9581001095543,34.3562385795505],[-83.95774011323839,34.35612058077082],[-83.95705211140243,34.355887579332936],[-83.95700010931851,34.35587057868688],[-83.95639910910278,34.35566058088276],[-83.95553810870291,34.355342580462086],[-83.95488511119254,34.355119580504756],[-83.95460811045072,34.35497057863625],[-83.95438211135044,34.35480758030657],[-83.95412011090964,34.354602579956655],[-83.95389111070594,34.35438257932804],[-83.95362511091439,34.35406558008071],[-83.95297810813791,34.35303857796328],[-83.95272710881278,34.35266457875303],[-83.95242410777341,34.35226357983679],[-83.95175610852702,34.351603580466616],[-83.9513211086472,34.35130357950418],[-83.95091910853984,34.350975578360725],[-83.95049410915732,34.350478578789975],[-83.95006810834367,34.349967577299346],[-83.94949910746111,34.349235578150534],[-83.94871910871184,34.34819457792139],[-83.947907106805,34.348396579387035],[-83.94672610608976,34.348611579097565],[-83.94590910807986,34.34881157936323],[-83.94441610779035,34.34909657843065],[-83.9445051079239,34.349249577332586],[-83.94409310504673,34.34933358000109],[-83.94450510506962,34.35029158038801],[-83.94439110636657,34.35059057940564],[-83.944444108785,34.35126357945607],[-83.9440471066167,34.35210058108638],[-83.94369610531774,34.35236058002002],[-83.94288810751979,34.353310581013],[-83.94221010654289,34.3543145789422],[-83.94223710698223,34.35451858091463],[-83.94229310787465,34.35596057920258],[-83.94223110735255,34.35599258116073],[-83.94209510661008,34.356094582037116],[-83.94196610661278,34.356233579677614],[-83.94173810833345,34.35653958003426],[-83.94160410631669,34.35682258162979],[-83.94157910789424,34.35696958027179],[-83.94159410629055,34.35710758088529],[-83.94155610792586,34.35723758182125],[-83.94154410687916,34.35739958026623],[-83.9415421064998,34.35750858048158],[-83.9415801065452,34.357743580541396],[-83.94162410705728,34.357831580390716],[-83.94182110684544,34.35817658056071],[-83.94197310857884,34.358458580203305],[-83.94212310776238,34.35867658009259],[-83.94232210557479,34.35892358192771],[-83.94279610574637,34.35938958033384],[-83.94302910740332,34.35960058143403],[-83.94324010552685,34.35980458093535],[-83.9434811067858,34.36002858282622],[-83.94365910764915,34.36022158182698],[-83.94379210869629,34.3603945812448],[-83.94393310592739,34.360630581173545],[-83.94406010759633,34.36083258267139],[-83.9443471087819,34.361260582667576],[-83.94469210862118,34.36183458215396],[-83.94489010651988,34.36212058234897],[-83.94510110766794,34.362341580315],[-83.94535410813594,34.36250858244301],[-83.94563310638289,34.362624580730746],[-83.94592610876755,34.362700580426186],[-83.9463031078504,34.36276258058667],[-83.9466711074685,34.36280558094514],[-83.94698610985553,34.36288058084041],[-83.94724711027597,34.363003581672544],[-83.947457108127,34.36314758095034],[-83.94772410893553,34.363454582142595],[-83.94800010918993,34.363715581101914],[-83.9484011087248,34.364047581597504],[-83.9487121095352,34.36434358151498],[-83.94887410976727,34.36454358196942],[-83.94891610955807,34.36477258222084],[-83.94887610968182,34.36523458141822],[-83.9489471093179,34.36552358282338],[-83.94898010910732,34.36565658364974],[-83.949141108683,34.36611458380156],[-83.94941110994871,34.36653258274279],[-83.94967810937153,34.36683058191556],[-83.94997710873044,34.367118582893795],[-83.95032211037072,34.367441582971324],[-83.95036210860613,34.367939581786835],[-83.95035310855381,34.36863158288655],[-83.95037610868735,34.368971583856535],[-83.95043210880922,34.36930258328146],[-83.95053610899808,34.369724583937774],[-83.95068510907899,34.3701635826587],[-83.9508411088139,34.37082458399112],[-83.95122611054133,34.372340583207084],[-83.95107510889106,34.3724005832959],[-83.9495361088849,34.37305758247425],[-83.9491011087102,34.373265584336224],[-83.94875110789867,34.37345658374939],[-83.9486521078036,34.373529582905455],[-83.94853610948296,34.3736025850444],[-83.94800711040766,34.37395458545545],[-83.94785710847465,34.37408558511791],[-83.94771910999928,34.374224584007706],[-83.94747811016381,34.374445583998195],[-83.94733210914791,34.37463158557675],[-83.94657810820473,34.37542458561832],[-83.94634810949118,34.37562758535519],[-83.94613411042398,34.37582958479755],[-83.94580110726484,34.37603458503301],[-83.94540010913677,34.37621358385581],[-83.94466210863008,34.37649858583333],[-83.94400710913803,34.3767115840321],[-83.94340010962773,34.376825585342445],[-83.9424881087605,34.376973585874474],[-83.94233810922171,34.37698058483811],[-83.94181210598533,34.37709558408195],[-83.94160410811739,34.37714658637424],[-83.94150410746512,34.37718158415076],[-83.94140710809559,34.37722258457007],[-83.94131510698878,34.37727058393774],[-83.94122910667195,34.377325585914676],[-83.94098610639143,34.3775055859967],[-83.94075510729107,34.37769658608084],[-83.94053810578363,34.3778985845134],[-83.9403361082122,34.3781105851982],[-83.94024410780283,34.37824258421527],[-83.94022910878813,34.37831358613485],[-83.94010410678646,34.37862658494017],[-83.93936510791178,34.380306584878475],[-83.939301107433,34.380432586546775],[-83.93923210590766,34.380603585811585],[-83.93919310722077,34.380687584980194],[-83.93914610778269,34.38076858689046],[-83.93909310572229,34.38084758606665],[-83.93903410806949,34.38092358718857],[-83.93896910665636,34.38099558679291],[-83.93889910679785,34.38106458657459],[-83.93877010612553,34.3811635868551],[-83.93868510711044,34.38121858615727],[-83.93859410594784,34.38126858586632],[-83.93850010826267,34.38131358706505],[-83.93840110886961,34.381351585438516],[-83.93809910690241,34.38145358715684],[-83.93761810746268,34.381608586088284],[-83.93740810589698,34.38166358578024],[-83.93713810745564,34.38174058612923],[-83.93697210691151,34.38182858635133],[-83.93645410780005,34.38208058520158],[-83.9363201072737,34.38214058538843],[-83.93598310576054,34.38231858532811],[-83.93586210739302,34.38236058457588],[-83.93575910625876,34.38238858754483],[-83.93566010653996,34.382426586392896],[-83.93556510504523,34.38247058629941],[-83.93525810586006,34.38255858649536],[-83.93515110467368,34.382571585695636],[-83.93493810597325,34.382610585347074],[-83.93472910685081,34.382658587097566],[-83.93452310623584,34.382716585294865],[-83.93430310459851,34.38281158553828],[-83.93400410524912,34.383015587394254],[-83.93377310388922,34.38321858827826],[-83.93349510743694,34.383534585766725],[-83.93313710418346,34.383980585806086],[-83.93284510669716,34.38436758733965],[-83.93242710553288,34.384574586327666],[-83.93162210324526,34.38487558633814],[-83.93083210449889,34.3851055875802],[-83.93057910600125,34.385154588291726],[-83.93029410551998,34.38525958760423],[-83.92873210474022,34.38577558795326],[-83.92826010446433,34.3858995861227],[-83.92761810310684,34.385985586839205],[-83.92535410435097,34.38585658704278],[-83.92435410184713,34.385922586940126],[-83.92320810172333,34.38618958810525],[-83.92132810198727,34.38666858811471],[-83.92091610300044,34.386737587357395],[-83.92074110091488,34.386572588080654],[-83.9204081014751,34.38628458888451],[-83.92000810057641,34.38602658753967],[-83.91954010062321,34.385756586631274],[-83.91844910052203,34.38516258793966],[-83.91773810293553,34.384728586042186],[-83.91699910191649,34.38436458865687],[-83.91690109979712,34.38432558725078],[-83.91680009951901,34.38429358658372],[-83.91669609967941,34.38426758771493],[-83.91658910273416,34.38424858686765],[-83.91648210023669,34.384236587445464],[-83.91637309885988,34.384231588076],[-83.91626410058227,34.384233588342575],[-83.91615610149,34.38424258667794],[-83.91549409977208,34.38424458802456],[-83.91449209884635,34.38423458815605],[-83.91406709897768,34.38423558867546],[-83.91211210131645,34.38422658894589],[-83.91132909899618,34.38414858908922],[-83.91036109887345,34.384031587512744],[-83.90996109901154,34.38391158875659],[-83.90837109937739,34.38367658676731],[-83.90809809809329,34.38362558769148],[-83.90778409637421,34.383552587015075],[-83.90747509835805,34.383466586594515],[-83.90717209682356,34.38336658874059],[-83.90687509662062,34.383254585959435],[-83.90682609850832,34.38322858817385],[-83.90677809751752,34.3832145868648],[-83.90649109667734,34.3830855865054],[-83.90621309778449,34.382945588447335],[-83.90603209680651,34.38284458607933],[-83.90544509696991,34.38257758740603],[-83.90529009802427,34.382517586577286],[-83.90501309788384,34.38236958836402],[-83.9044770981084,34.382100588927834],[-83.90424009705254,34.38198858747037],[-83.90342409752803,34.38160458707408],[-83.90319009851136,34.38146858685203],[-83.90309909808724,34.38141958754315],[-83.90301209665726,34.38136558590044],[-83.90285209622076,34.38124458684709],[-83.90277809571347,34.38117758819651],[-83.90271009747863,34.38110758852524],[-83.90264809812763,34.38103358620036],[-83.90259109625471,34.38095658611483],[-83.90254009565703,34.38087758756956],[-83.9024950951227,34.38079558713076],[-83.90165309527416,34.379533587446645],[-83.90152809425699,34.379339588099235],[-83.90102109431245,34.37842858687298],[-83.90044509613429,34.37739058802933],[-83.90023009679646,34.37707158639171],[-83.90014509404848,34.376905585920774],[-83.90007209568338,34.37673558606001],[-83.90001209557602,34.376562586124074],[-83.89996309519299,34.37638758521575],[-83.89992909673906,34.37621958515832],[-83.89992209461381,34.37602258746473],[-83.89986109669708,34.37523558765415],[-83.89979209512138,34.36875658519092],[-83.89965909507836,34.36821358437011],[-83.89964609313326,34.36815758602099],[-83.89950909487747,34.367799583493785],[-83.89925509319515,34.36729458307537],[-83.89893809579041,34.3667715834373],[-83.89886609660948,34.36665358429982],[-83.89844609525542,34.36612958530362],[-83.89823409464609,34.3657505844349],[-83.89761609460713,34.364804584829216],[-83.89727809420341,34.36425658466974],[-83.89715709352534,34.36403658543804],[-83.89692009252221,34.363760584074335],[-83.89607009185447,34.36301958290722],[-83.8954970926859,34.362562582133926],[-83.89497409134772,34.36205258297769],[-83.89458909395977,34.361651584618706],[-83.89423409313277,34.361223583215015],[-83.8940040918313,34.36082758261077],[-83.89376309254844,34.360302583677374],[-83.89360109360257,34.35992458213155],[-83.89348309215035,34.35959458410129],[-83.89332009158375,34.358865583516426],[-83.89305209315107,34.35782158364645],[-83.89296109107303,34.357419582343816],[-83.89288609208874,34.3569155838882],[-83.89286309240075,34.356464581175615],[-83.89287009362313,34.35604358200894],[-83.89269809248907,34.35609458192422],[-83.89241609271377,34.356137582661056],[-83.8911060914376,34.356246581989005],[-83.89048409035672,34.35633358330569],[-83.89015309046381,34.356407583991206],[-83.88988809223886,34.356510583110584],[-83.8892100902231,34.35679858421423],[-83.88902209113611,34.35687158325398],[-83.8874340895416,34.35756658428024],[-83.88607708877404,34.35810558257672],[-83.8852360912217,34.35840158228772],[-83.88522109065255,34.3584075819748],[-83.884517090944,34.35867758214576],[-83.88331108757164,34.359185582572195],[-83.88247608966685,34.35959958289924],[-83.88183008883384,34.35983158489963],[-83.88155408790341,34.35993058419753],[-83.88101408909847,34.36005658383776],[-83.88080708977938,34.36011358257853],[-83.8806270903103,34.36016358481074],[-83.88039108759796,34.360197582876204],[-83.87995208866813,34.36027858248496],[-83.8795470883336,34.36034458250079],[-83.87927908896681,34.36044958270593],[-83.87906508884085,34.360665585393434],[-83.87888808874601,34.360937584296664],[-83.87878008944537,34.36126358303746],[-83.87857808825223,34.36181758333793],[-83.87837908893557,34.3624405825111],[-83.87833308777584,34.362584583775536],[-83.87819408956378,34.362918585990336],[-83.87851109002149,34.363167583697674],[-83.87872108724417,34.36338958402156],[-83.87897108896333,34.36374858410029],[-83.87910008968456,34.364041585358315],[-83.87918308913734,34.364374584506415],[-83.8791780881697,34.36457158519368],[-83.87908208888477,34.36491958599495],[-83.87883508716719,34.36545558549779],[-83.878706089349,34.365736586180795],[-83.87864208974372,34.3659445859043],[-83.87861308903128,34.36614258576956],[-83.87863408958872,34.36675358331622],[-83.87868008757528,34.36704858484132],[-83.87874409023078,34.36752958605366],[-83.87869309009464,34.36776758608575],[-83.87853008753636,34.367889586092524],[-83.878306087019,34.36794458405926],[-83.87801008818829,34.36797158599307],[-83.8773250878404,34.368095587052615],[-83.87701908725619,34.36819158572219],[-83.87664408779935,34.368348585804874],[-83.87641108879016,34.36849158399176],[-83.87618008985162,34.36876458556734],[-83.87548708674369,34.369476586465304],[-83.87492808964315,34.37003158459448],[-83.87464208654197,34.370334586793874],[-83.87425308868855,34.37061358520388],[-83.8735130892172,34.37108758682726],[-83.87317408852623,34.37133258636399],[-83.87281108626954,34.37163358738726],[-83.87256508811946,34.37189858513451],[-83.87225608716673,34.37209458572218],[-83.87206708814841,34.37220258801542],[-83.87188308659564,34.37227158603285],[-83.871149087486,34.372522587954755],[-83.87133908703315,34.372750586486454],[-83.87337708681855,34.37520558805667],[-83.87429408746439,34.376310588106726],[-83.87436608947527,34.37643458601924],[-83.87436708636406,34.376435586429196],[-83.87458008776672,34.376726587227196],[-83.87486708936085,34.377167587454316],[-83.87501108795674,34.37741058696784],[-83.87514008828981,34.37765858760429],[-83.87525308878865,34.37791158702535],[-83.87543508824193,34.378382587685884],[-83.87566708752942,34.37920758879921],[-83.8758910884922,34.37998558729855],[-83.8759280877336,34.38011758806702],[-83.87597608771135,34.38037658815602],[-83.87599108837286,34.38048958672357],[-83.87600408896512,34.38069458847957],[-83.87599608827959,34.38090058706046],[-83.87596708899497,34.38124458822734],[-83.87590109003446,34.381560587324564],[-83.87579809035756,34.381857589987646],[-83.87566108840635,34.38215958928903],[-83.87551308785721,34.382403589170345],[-83.87523408775273,34.382905587717225],[-83.8750190902975,34.38326858760743],[-83.87489108855931,34.383511589433105],[-83.87443708948099,34.38442958968586],[-83.87429308729887,34.384837587814154],[-83.87426208907787,34.384924588282665],[-83.87418008899745,34.38547558935973],[-83.87417808843627,34.38601458976678],[-83.87418708686268,34.38628458987497],[-83.8742320869528,34.38656758906169],[-83.87429408753941,34.386837589571606],[-83.87433508762717,34.38701758849001],[-83.87435808802996,34.38711959007711],[-83.8746670874867,34.38822059017746],[-83.8747230885945,34.38840258922444],[-83.87476508865376,34.38855658844671],[-83.87499209092108,34.38942358940346],[-83.87519808977885,34.390061590459865],[-83.87536908859856,34.39055758965008],[-83.87559809070153,34.391116591419376],[-83.87580008977956,34.391509590150086],[-83.8760630883857,34.39192459082813],[-83.876275089452,34.392243590834575],[-83.87650708994282,34.39254659012785],[-83.87704908963761,34.393171589358495],[-83.87816109081258,34.39443059179212],[-83.87900509072,34.39541159125967],[-83.87910208948715,34.395513592688445],[-83.87919509203464,34.39561259147351],[-83.87944009099168,34.39584259113829],[-83.87969009251567,34.39606259202913],[-83.88020009127965,34.39643559105687],[-83.88062708998244,34.39669859124827],[-83.88110009079766,34.39695559106151],[-83.88166109227889,34.39719159119609],[-83.88238709051078,34.3974375900647],[-83.8829100906572,34.39756659290435],[-83.88332409203937,34.39763959233166],[-83.88370809320344,34.397689592531876],[-83.88400909308368,34.39771159031388],[-83.88547609267063,34.39782658993031],[-83.88651709264481,34.39789959257443],[-83.88673309187423,34.39791359051428],[-83.88702609345933,34.397941591303116],[-83.88737309260235,34.39799259262867],[-83.88773409384468,34.39807259288956],[-83.88809509362753,34.39817359209935],[-83.88849409472499,34.39833159207602],[-83.89156409475308,34.39970259234265],[-83.89230309555846,34.400045591921696],[-83.89277609442419,34.40029959308539],[-83.89331409566634,34.400611592504134],[-83.893437093666,34.400729592811565],[-83.89351609613587,34.40079159271732],[-83.89366009567105,34.40092659169627],[-83.89379409681754,34.40106859134801],[-83.89410609649362,34.40143759343259],[-83.8941770954134,34.40152759281939],[-83.89433609497857,34.40174359249175],[-83.8944370965422,34.40190359241695],[-83.89452709554618,34.402066592511716],[-83.89460709592326,34.40223459288658],[-83.8946760936392,34.40240559257283],[-83.89473509689404,34.40257859219799],[-83.89478209450762,34.40275459344612],[-83.8948010958033,34.402843592460904],[-83.89484009482476,34.40298359109565],[-83.89484509730057,34.40313859275318],[-83.89495209569328,34.404262593349564],[-83.89496209628054,34.40441059284847],[-83.89496509543179,34.404635593318766],[-83.89503309683205,34.405140593542576],[-83.89503509695565,34.405238592860556],[-83.89504409635683,34.405328591962814],[-83.89506209556562,34.405416594258185],[-83.89524009571312,34.40603059342822],[-83.89536109670712,34.406376593147115],[-83.89546509397707,34.40663259216212],[-83.89562309611854,34.40696859419422],[-83.89580109753163,34.40729659388434],[-83.89599909409002,34.407617591867144],[-83.89621709565871,34.40792959292124],[-83.89640209620633,34.40822159263741],[-83.89677509587732,34.40880759296121],[-83.89691809551027,34.40903259188888],[-83.89760209625489,34.41015259234419],[-83.89776209774546,34.41038759526201],[-83.89799509801824,34.41069259386107],[-83.89824309794929,34.41098859221485],[-83.89850509791371,34.41127559435319],[-83.89873909591235,34.41151459337532],[-83.89899609620267,34.41175759470576],[-83.89929409603748,34.412020593300305],[-83.8995260991674,34.41221059310672],[-83.90046709627468,34.41302359256329],[-83.9015371001283,34.41395159476057],[-83.90197809683902,34.41433559527853],[-83.90229009691815,34.4146145932959],[-83.90286909817634,34.41506259369015],[-83.90310409810816,34.415249595442404],[-83.90356009975753,34.41563559604766],[-83.90407510056818,34.416100595217245],[-83.90416409805168,34.416211594795406],[-83.90451810065618,34.41662559609544],[-83.90479509948933,34.41692359409281],[-83.9050611007713,34.41731659562246],[-83.90525910063133,34.41763759447264],[-83.90544410137976,34.41796359501366],[-83.9055730974635,34.41821159475893],[-83.90576710063556,34.41863259389112],[-83.90587109886533,34.41888859448343],[-83.90591010075705,34.41902859560316],[-83.90596509928875,34.41915459627325],[-83.906060099664,34.41950559615042],[-83.90617110047555,34.41985459429854],[-83.90629709851113,34.420199595198206],[-83.90643609978332,34.42054059546337],[-83.90647609931112,34.42062459471545],[-83.90652310139772,34.4207055949444],[-83.90657510008742,34.4207845962105],[-83.90679510011434,34.42104959486355],[-83.9072730982476,34.42150459535792],[-83.9078421007712,34.42202759531394],[-83.91081510061176,34.424488595417785],[-83.91378510336793,34.42691259778116],[-83.91667510358664,34.429296598155844],[-83.91728810402458,34.42980259798638],[-83.91846110320691,34.430752596252205],[-83.91959510491643,34.43171159838664],[-83.92010210266486,34.43213959715337],[-83.92069310587611,34.432627597186965],[-83.92179210354287,34.433565598600815],[-83.92234910397168,34.43400159652542],[-83.92324010559864,34.434713599205935],[-83.92395510570256,34.43530459651825],[-83.92445110566074,34.435791598080925],[-83.92504210511493,34.436360596908095],[-83.92559510478397,34.43700659723197],[-83.9272871076048,34.43901059980558]]]},"properties":{"OBJECTID":"3","COUNTY_NAM":"HALL","PRECINCTNO":"16","NAME":"16-Bark Camp","LOCATION":"THE RIVER COMMUNITY CHURCH - 5043 THOMPSON BRIDGE RD","PRECINCT":"BARK CAMP","MAPLABEL":"PRECINCT 16 - BARK CAMP","GlobalID":"{E3CD4FD3-89A4-4991-9CE2-9A373A545195}","EDITED_BY":"JBUDD","EDITED_DT":"2/7/20, 9:44 AM","created_user":"","created_date":"","Shape_Length":"149,447.04","Shape_Area":"624,065,336.11"},"id":3},{"type":"Feature","geometry":{"type":"Polygon","coordinates":[[[-83.7422250508197,34.37699759173083],[-83.7421010478557,34.37763259253723],[-83.74218105006571,34.37810659225565],[-83.74212504926372,34.37838159193711],[-83.74284504965547,34.37840959344355],[-83.74365504911317,34.378546592632404],[-83.74460805115208,34.37851059221939],[-83.74568305052523,34.37793259221466],[-83.74725605100252,34.377005590856555],[-83.74905205168447,34.376922591994294],[-83.75003805129879,34.37695059303892],[-83.7511570533791,34.37704159324063],[-83.75194405261168,34.37722559112736],[-83.75273105342227,34.37701459178983],[-83.75345105155998,34.37685859148037],[-83.75470405449201,34.37572059343262],[-83.75459605273275,34.375055593282106],[-83.75442705203726,34.374004591014796],[-83.75439305329903,34.373600590196865],[-83.75448205338469,34.37284159136952],[-83.75570305248719,34.371968591055655],[-83.75620005522094,34.37170458942232],[-83.75692505151974,34.37093459036937],[-83.75782205342836,34.370599591146096],[-83.75860905262628,34.37045159136921],[-83.76019005429512,34.369864590170096],[-83.76150505490885,34.3704025901459],[-83.7632210564491,34.37084859074181],[-83.76632105635059,34.37190959184722],[-83.76750405585346,34.37199459150518],[-83.77070705846162,34.367414589087474],[-83.7718170570099,34.36621058959153],[-83.77275905711856,34.364722589553466],[-83.77373605682868,34.363912589089196],[-83.77641205835862,34.361811588400734],[-83.77686706076564,34.36151058615477],[-83.77689805986101,34.36148758867955],[-83.77750805752284,34.361062586315946],[-83.77808805859016,34.360659588312465],[-83.77857006051131,34.36028958683085],[-83.77881105986954,34.36010458851457],[-83.78100805956964,34.35856558579327],[-83.78103506122606,34.35854758643728],[-83.78325205945127,34.35662158784476],[-83.78536606196047,34.35469458636676],[-83.785658062793,34.35442858622595],[-83.78701006093317,34.35349658622838],[-83.78851006166443,34.35210358513464],[-83.79015306268887,34.35085458613398],[-83.79225306259191,34.34993958578892],[-83.79230306371626,34.34953758384747],[-83.7926570622306,34.34666258490739],[-83.7927020622532,34.34629958336509],[-83.79272106398739,34.346257584360536],[-83.79373106331268,34.344074583643234],[-83.79442806444472,34.343205583682845],[-83.79596206400676,34.34129558188288],[-83.7973890628241,34.341191582626834],[-83.79756006214035,34.34117958360616],[-83.79802806224924,34.33990858282328],[-83.79766506216714,34.338938583123785],[-83.79826806497634,34.33740558353233],[-83.79967106504333,34.336496580324216],[-83.80096306319925,34.33566258219096],[-83.80186106481035,34.33468858032632],[-83.8019100645853,34.334215581903905],[-83.80197006458684,34.333642582047396],[-83.8020580655237,34.333100580174616],[-83.80250706512732,34.332801581161355],[-83.80277506547485,34.3322405813942],[-83.80252106378441,34.331260581287225],[-83.8024300646699,34.330580581099646],[-83.8025590659183,34.32960557989617],[-83.80277306407072,34.328781580128066],[-83.80316806507506,34.32812158120083],[-83.80379606547099,34.32736558027332],[-83.8041750638284,34.32681657918123],[-83.80448406511812,34.32655357951572],[-83.80484806428016,34.326243578775895],[-83.80490206647319,34.326197580779926],[-83.80508406547732,34.32597757872899],[-83.80510706655718,34.32590258035835],[-83.80515006500389,34.32577157886728],[-83.80513206711026,34.325414579084054],[-83.80509906443666,34.325322578603235],[-83.80491506378699,34.32481057797325],[-83.80429906570564,34.32371357803483],[-83.80394806547585,34.322616577396154],[-83.80379906304213,34.32232857925313],[-83.80310006372939,34.321314577772654],[-83.80225506295689,34.32053757747545],[-83.8022920635346,34.320529577956485],[-83.80265006339286,34.32046957659978],[-83.80318206444565,34.32035357863566],[-83.80398606441668,34.32006357729242],[-83.80542006481872,34.319436577878186],[-83.80649706612361,34.318802577235694],[-83.80633106480653,34.31821457754344],[-83.80587906590532,34.317186577918896],[-83.8056990662412,34.31681757837344],[-83.80555006406028,34.31657157626173],[-83.8051680635308,34.31612957612748],[-83.80503406306501,34.31595857765945],[-83.8049120663705,34.31582457700254],[-83.80477006576716,34.31565957799208],[-83.8046440648911,34.31538357719527],[-83.80460006364754,34.31524257704018],[-83.804602064139,34.31508057828142],[-83.80460706573307,34.3150425775218],[-83.80462406589714,34.31491757749246],[-83.80467106443123,34.31468657762683],[-83.80468206460328,34.31454357806098],[-83.80466706529376,34.31449257706805],[-83.80627506449271,34.313657575900166],[-83.80571006457818,34.30738957692661],[-83.80581006531449,34.30727457609173],[-83.80600806404622,34.30718957586826],[-83.80580706509029,34.306643573815016],[-83.80547606512319,34.30609957641902],[-83.80609606369917,34.30583557585713],[-83.80604506272934,34.30577057579651],[-83.80596406370462,34.3056205748149],[-83.80570506318391,34.30523757415035],[-83.80633006425882,34.30485757573322],[-83.80612706574946,34.304589573631446],[-83.80612006418195,34.30458057609014],[-83.80577106297945,34.30407057324961],[-83.80718706647914,34.303288574359016],[-83.80686806300689,34.302901575466684],[-83.80625406516077,34.302183574715066],[-83.80610706277558,34.30201057432654],[-83.80597706443177,34.30208957494786],[-83.8059400646649,34.30211257416389],[-83.80553206468241,34.30233957406578],[-83.80511806374018,34.301905573838],[-83.80455506335592,34.30127357340109],[-83.80491706268398,34.300844573784495],[-83.80629106356467,34.29922257245152],[-83.80736606381346,34.2983505738571],[-83.80722706370337,34.29816857255792],[-83.807165063174,34.29805557162433],[-83.80706606448845,34.297931571989274],[-83.80685006542687,34.29764557247124],[-83.80594106418928,34.29645057225019],[-83.80580306357074,34.296180573458514],[-83.80567106385031,34.29596357393489],[-83.80702006372661,34.29278957106499],[-83.80677606383534,34.29272857189512],[-83.80606906427276,34.29248157303415],[-83.80584006279314,34.292402572080285],[-83.80542406310003,34.29303757119602],[-83.80483106253824,34.292883571136656],[-83.80483706197116,34.29303257180885],[-83.80476606399625,34.29350457210421],[-83.80468806366524,34.29371757243519],[-83.80459006228907,34.29383257225535],[-83.8041790636412,34.294250572513704],[-83.80345906373044,34.293505571280164],[-83.80326806155266,34.29338357131847],[-83.80275306051273,34.29319857290527],[-83.80249306191698,34.29303557156315],[-83.80228206334716,34.2928145721346],[-83.80184406227634,34.293430573134685],[-83.80169906319313,34.2936735719737],[-83.80136106336127,34.294201573560045],[-83.8006950616175,34.2935695722857],[-83.80042606189846,34.29324857170782],[-83.80015606049281,34.292928573687306],[-83.79995606245912,34.292646572177524],[-83.79990606035115,34.29281257227124],[-83.79980406193052,34.29332257182255],[-83.7997370605462,34.29452957192545],[-83.79967506116377,34.29493857345461],[-83.79967106238408,34.29497257325884],[-83.79910106206013,34.29495057379724],[-83.79905606118788,34.29514157282102],[-83.79879105951012,34.29605257253841],[-83.79823006104729,34.29660357426448],[-83.7979980623064,34.29674057333136],[-83.79778306300412,34.296823572148305],[-83.79715406142864,34.29689357247561],[-83.79692206220805,34.29700357284544],[-83.79637706104475,34.29755357289958],[-83.79513106149143,34.29852957283848],[-83.79442705982561,34.29908057381545],[-83.7941960598979,34.299369573416946],[-83.79384906009797,34.29963057476288],[-83.79330405877795,34.3002215750219],[-83.79296106065789,34.30041357528577],[-83.792580061221,34.30062557438407],[-83.79179906112044,34.30106257459608],[-83.79108805831143,34.30157157550921],[-83.79057506008606,34.3020115736251],[-83.78993005858216,34.30234157333898],[-83.78916905891138,34.30265957567369],[-83.78859005900404,34.30275657427035],[-83.78714805912168,34.30256657428269],[-83.786386058522,34.302581575532216],[-83.7861880569223,34.30265057636087],[-83.78564205808416,34.30303657602901],[-83.78514605716532,34.303133575716984],[-83.78489805853519,34.30328457426519],[-83.78458305891265,34.30339557618525],[-83.78433505943154,34.30343657397377],[-83.78392005778508,34.30342857581683],[-83.78367205683861,34.303424574919426],[-83.78313905753924,34.30355157672991],[-83.78277805782224,34.30349457665958],[-83.7813850560406,34.30286557458442],[-83.78090305723569,34.30245457387449],[-83.78070405492115,34.3022215747191],[-83.78040505624564,34.30204357670213],[-83.7799910559439,34.30200357621777],[-83.77952705728717,34.3017575753739],[-83.77906305736327,34.30178557511422],[-83.77869805422709,34.301649575579816],[-83.77843605628446,34.30163757514221],[-83.7777710567373,34.30160957378017],[-83.77762105661603,34.301445576236745],[-83.77747005534741,34.30063557449391],[-83.77712005664328,34.299936574067495],[-83.7769040552555,34.29960757409422],[-83.77658805513254,34.29931957342303],[-83.77609105571165,34.29912857375025],[-83.77549405592791,34.299060574053605],[-83.77509705398339,34.29893757585721],[-83.77408505588514,34.29832257333207],[-83.77343805351956,34.298103575253855],[-83.77305605486804,34.297912575317866],[-83.77259205527903,34.29758357490864],[-83.77147405482503,34.296948573610486],[-83.7710990529958,34.296735572898925],[-83.7707340523398,34.29659857416211],[-83.77043605476096,34.29658557481738],[-83.77010405257786,34.29647657369628],[-83.76975605290077,34.296504575629996],[-83.76954105280304,34.29661457278852],[-83.76929405425773,34.296931574441196],[-83.76891605148235,34.29797457311056],[-83.76901805423411,34.298962575662074],[-83.76898505280539,34.299155575743804],[-83.76882005418507,34.29934757473839],[-83.76835705188432,34.299499576056455],[-83.76799205281272,34.299513573972966],[-83.76737905245594,34.299432575810215],[-83.76674905185492,34.29922757401888],[-83.76641805315268,34.299214575249486],[-83.76590505394503,34.299394575281404],[-83.76549205347878,34.29987557584231],[-83.76514505151341,34.30010957646584],[-83.76474805206789,34.30019257412372],[-83.76358805057568,34.3001675761794],[-83.76338805055786,34.300233576413376],[-83.76334005017767,34.30024957632176],[-83.7629580499779,34.30046857508315],[-83.76281105235674,34.30055257483973],[-83.7623800514257,34.300526574712535],[-83.76180005142169,34.30034857386514],[-83.76171705205614,34.30025257634205],[-83.76178105211844,34.29947057559079],[-83.76194505266213,34.29905857558472],[-83.7620110500824,34.29867357553077],[-83.7620100512178,34.298358575591536],[-83.76191004988718,34.29811157404258],[-83.76172705001294,34.29797457628345],[-83.76129604902981,34.2979615766214],[-83.76089905003592,34.29801757428046],[-83.7608220517382,34.29799857470843],[-83.76045205203344,34.29790857454635],[-83.76026905096253,34.29779857571563],[-83.76028505104635,34.2977165742461],[-83.76056705099964,34.297688576142356],[-83.76058305187144,34.29759257596407],[-83.76043305006844,34.29750257356809],[-83.75985305040015,34.29715457528099],[-83.75958804864837,34.296921575160354],[-83.7593540484497,34.296386575078245],[-83.75942005122917,34.296098573486155],[-83.75938604994262,34.295919574609634],[-83.75918605105468,34.295563575729254],[-83.75911904814095,34.29527557540452],[-83.7589530487984,34.29505557381149],[-83.75865404860234,34.29486457441703],[-83.75724604822122,34.29474357404637],[-83.75683204807821,34.294744574553704],[-83.75661704904111,34.29482657601476],[-83.7566170505364,34.29500557457761],[-83.75655104770522,34.29510157459124],[-83.75632005013495,34.29518457319829],[-83.75613804912672,34.29533557596308],[-83.75592304957225,34.29541857512728],[-83.75516104708521,34.295474575102666],[-83.75469704905377,34.29532457506301],[-83.75444804980245,34.29532557585388],[-83.75423404812457,34.29549057586167],[-83.75411904766331,34.295860574181866],[-83.75401904799831,34.29594357489653],[-83.75322504957329,34.29608257342493],[-83.75244704853456,34.29639957534593],[-83.7518110491485,34.29673457429929],[-83.75163704739693,34.296826576150096],[-83.7511400496524,34.29692357460909],[-83.74986604850825,34.29736457445998],[-83.7493690476652,34.297338574543446],[-83.74795004708096,34.29709057453397],[-83.74753804806043,34.29697857571151],[-83.74720904786786,34.296825576847645],[-83.74684604811345,34.29656057587903],[-83.74654904828323,34.29621357525939],[-83.74626804634643,34.29578357625245],[-83.74588904669815,34.2950465748865],[-83.7456590466752,34.294753575342966],[-83.74519804420528,34.29439057466911],[-83.74472004536189,34.29418357447749],[-83.74463704525132,34.29401657400887],[-83.74463604538415,34.29379357368844],[-83.74453704509833,34.2937255743627],[-83.74429104544058,34.29378257486181],[-83.74396104653667,34.293785574998914],[-83.74373004469206,34.29373157440305],[-83.74267104510554,34.293176573915616],[-83.74215704416707,34.292999574101636],[-83.74176004441424,34.29298757386707],[-83.74150204491397,34.29306357371293],[-83.74131404504402,34.293249575801646],[-83.74123304659759,34.29372957406831],[-83.7411510460129,34.29386757650919],[-83.74085104503652,34.29413957357658],[-83.74068904357816,34.29410157458508],[-83.74020904320753,34.29411757465012],[-83.74007704415185,34.294200574289974],[-83.73991304546573,34.29440657520072],[-83.73964804578142,34.29448957535048],[-83.73940004512889,34.294490574290876],[-83.73920104531463,34.29443657398339],[-83.73896804250396,34.29421757390235],[-83.73875304290024,34.29424557512881],[-83.7386710444798,34.29428757501015],[-83.73834204206841,34.29467257541187],[-83.73803104524954,34.29535957511873],[-83.73724204297649,34.29667957498459],[-83.73709404241038,34.29683057467735],[-83.73691204308734,34.29688657565451],[-83.73681304306315,34.29687257589602],[-83.73668004550595,34.29672257502635],[-83.73659504530407,34.296242574534034],[-83.73636204440754,34.29588657620673],[-83.73589704314743,34.29555857427706],[-83.73554804185106,34.29543657526321],[-83.73521704165364,34.29539657592289],[-83.7350680423757,34.29530057500099],[-83.73505004124607,34.29510857570777],[-83.73513204344094,34.2949575741022],[-83.73544604298601,34.294695576622324],[-83.73577604238238,34.29450257576138],[-83.73589004263287,34.2942555752987],[-83.73589004281281,34.29406357626984],[-83.73573904417518,34.293720574372465],[-83.73547204430682,34.293309574353415],[-83.73522304182578,34.293050574046674],[-83.73485804238827,34.29285957554133],[-83.73436104445018,34.29273757347972],[-83.73346704243849,34.29272657582108],[-83.7322750410027,34.29262057559565],[-83.7319430432432,34.29240257344142],[-83.73167704100632,34.292142574306794],[-83.73162704168651,34.29206057488521],[-83.73167604221365,34.29196457487606],[-83.73194004318641,34.29182657374154],[-83.73251804346054,34.29163257333751],[-83.73293104152063,34.291370575867084],[-83.73312904044889,34.291177573554904],[-83.73317804237682,34.29110857402607],[-83.73316104112868,34.29093057384542],[-83.73289404252327,34.290629573099764],[-83.73274504202561,34.29054757339618],[-83.73183404259429,34.29028957469348],[-83.73083904130335,34.289936575029856],[-83.73054104026983,34.28992357430463],[-83.73040904205683,34.29002057306173],[-83.73039304188335,34.29019857513218],[-83.73046104060296,34.29047257423848],[-83.73034804217761,34.29102257450774],[-83.73018304153256,34.29131057550723],[-83.73001804154815,34.29140757434658],[-83.7299030403128,34.29140757377121],[-83.72948804246951,34.29127157421749],[-83.72768004079323,34.2904135742146],[-83.72663604078197,34.29015657498187],[-83.72618504049568,34.28990357356592],[-83.7261920417405,34.28998757449272],[-83.72626304091591,34.29014957391598],[-83.72631303980162,34.29021857399586],[-83.72587003999344,34.29059857471151],[-83.7256480404118,34.290553574630295],[-83.72489903963142,34.29019957373046],[-83.72490003915293,34.29035457508603],[-83.72518403843193,34.2908885738496],[-83.7251190389425,34.29120457485561],[-83.72500303925172,34.29130057596092],[-83.72468903833783,34.291315573660974],[-83.72437403982107,34.29119257462398],[-83.7238930413868,34.29090657540866],[-83.72366004109283,34.29071557517856],[-83.72329403868578,34.29026357502861],[-83.72309503981357,34.29015457363837],[-83.7229130381097,34.290141575751704],[-83.72273103861507,34.290210575300996],[-83.72258303904552,34.29036257453586],[-83.72237104102032,34.29111757405079],[-83.72207604019226,34.29159857460752],[-83.72186104012458,34.29177757609393],[-83.72129903712175,34.29193057641068],[-83.72116703909437,34.29205457431527],[-83.72111904079556,34.2922195761692],[-83.72115204039345,34.29236957382881],[-83.72146903987189,34.29283557572567],[-83.72155303746443,34.29308257529749],[-83.72155403993828,34.29321957497513],[-83.72147203794191,34.2934115752828],[-83.72152403815991,34.29405657675496],[-83.72140204076919,34.29443957586841],[-83.72134503850423,34.29461957596648],[-83.72146303993956,34.29514057480862],[-83.7212680381333,34.29577257666526],[-83.72090603736925,34.296322577089605],[-83.72056003819512,34.296666576787885],[-83.71993403770857,34.29713457523644],[-83.71952003902157,34.29723257460892],[-83.71887503954953,34.29727557762821],[-83.7185930381439,34.297139576493755],[-83.71844303779923,34.296851577349],[-83.71834303676322,34.29682457553757],[-83.71776503787852,34.29697757744664],[-83.71753303922219,34.29695057720718],[-83.71738403736254,34.296869574983525],[-83.71721703858276,34.29666357541222],[-83.7171150397128,34.29600557598662],[-83.71696503768057,34.295759575444976],[-83.71620203788059,34.295528577543976],[-83.7160040371383,34.295570577400355],[-83.7158560363814,34.29570757520769],[-83.71579003757412,34.29588657484915],[-83.7158580364703,34.29624357635138],[-83.7161420391742,34.296708577705715],[-83.71634103828988,34.29691357751046],[-83.7166080363216,34.29732457716277],[-83.7167910376259,34.297433577138506],[-83.71718803904834,34.297569576122896],[-83.71753703783978,34.29777457784793],[-83.7184840399951,34.29856657668667],[-83.71875003755599,34.29889557581121],[-83.71900203932091,34.299566576097675],[-83.71906903895109,34.29988157791598],[-83.71895503714386,34.30026657689018],[-83.7188240382476,34.300390576585535],[-83.71869203882412,34.300473577312395],[-83.71836103958921,34.300556575611814],[-83.71779803897566,34.30055857567261],[-83.71755003773961,34.30051857661155],[-83.71723503833253,34.3004365760993],[-83.71655503751963,34.300164576836224],[-83.71604103920532,34.299837575846084],[-83.71579203720864,34.29981057646354],[-83.71559403828357,34.29987957752954],[-83.71544603581665,34.30001757724697],[-83.71521503912484,34.30011457693801],[-83.71481703898611,34.300101575916315],[-83.71440503687637,34.300391578291276],[-83.71419003741622,34.300433578190464],[-83.71404103834413,34.30042057714938],[-83.71379203925906,34.300269575780554],[-83.71352703792945,34.300243578301576],[-83.71154303570344,34.30063457671123],[-83.71106303669089,34.300580578331385],[-83.71076403670949,34.3003765773944],[-83.71058203745181,34.300308576369865],[-83.7103990352478,34.30030857653376],[-83.7094240368539,34.30051757780396],[-83.70906103417072,34.30050357615987],[-83.70876203482767,34.300492576885496],[-83.7082810359923,34.30015757795331],[-83.70811403438236,34.30004157857577],[-83.70794803541135,34.299809577212805],[-83.70796403474404,34.29968557700524],[-83.70834203736213,34.29913557623919],[-83.70834003628762,34.298806577027584],[-83.70815703372554,34.29846457700977],[-83.70789103444503,34.298341575745425],[-83.70723003403502,34.29841257734114],[-83.70691403586062,34.298070576121404],[-83.70663203630338,34.29797557786813],[-83.7062680341528,34.29803157723284],[-83.70592103602928,34.298197578350006],[-83.70545903327002,34.298500576851566],[-83.70532703479256,34.29848757693569],[-83.70522703369242,34.29837757790018],[-83.70506103462566,34.29829657696675],[-83.7047800362278,34.298296575441505],[-83.70459803559953,34.29842157659746],[-83.70427003444212,34.2989575773733],[-83.7036250339099,34.299178577466876],[-83.70329603340772,34.29952357574862],[-83.70306503410272,34.29968857838329],[-83.70281703362429,34.29978557774949],[-83.70250303246665,34.29981357760451],[-83.70237003360056,34.299745577848256],[-83.7022370332812,34.29959557775116],[-83.70197003358528,34.29899257659461],[-83.70177003361385,34.29869157626273],[-83.7013550329224,34.29858257638742],[-83.70123903316387,34.298418576222005],[-83.70136603405477,34.29732057784475],[-83.70133103289947,34.29695057706008],[-83.70126403340504,34.296881576280214],[-83.70075103355443,34.29677357695008],[-83.70025403422251,34.296734576512044],[-83.69861603344688,34.2967125758104],[-83.69810203311287,34.296605577647874],[-83.69820303415678,34.29696057718279],[-83.69818803280074,34.29728957728627],[-83.6980080332637,34.29759257622199],[-83.69801003360874,34.29811357673475],[-83.69794503391743,34.29836057731603],[-83.69784603188785,34.29849857816349],[-83.69772503232404,34.298592577617455],[-83.6976150328395,34.298677577253386],[-83.69758303427207,34.29884257755597],[-83.69747503402212,34.300489578272305],[-83.6973290330653,34.30103857955354],[-83.69728303271025,34.30195757704117],[-83.69738403230332,34.30232757810737],[-83.69732103116897,34.302877578700425],[-83.69737303309635,34.30343957698935],[-83.6975070343264,34.30365857932281],[-83.69800403257032,34.30387657709492],[-83.69817003373636,34.30405457799452],[-83.69825503405796,34.30438357785746],[-83.6982420337243,34.30520658009863],[-83.69836003462521,34.305754579093815],[-83.6982950341333,34.30597457854362],[-83.69781703255289,34.30633257832233],[-83.69768603203306,34.3065525799406],[-83.69748803277376,34.30669057808199],[-83.69704103379799,34.30670557846323],[-83.69629503183616,34.30635157998957],[-83.69594703243425,34.306297578321086],[-83.69550003238884,34.30640957971136],[-83.6950880310971,34.306726577781006],[-83.69499003359009,34.306959577864376],[-83.6951390311092,34.307325580202075],[-83.69510203161565,34.30734157939936],[-83.695028030561,34.30741358019862],[-83.69496303047225,34.30752757986348],[-83.69494103326954,34.30763458126083],[-83.69496203282392,34.307760579218304],[-83.69510503208917,34.30798958006965],[-83.69511703180623,34.308080578852476],[-83.69509403204226,34.30842657859535],[-83.69507303277186,34.308666580005344],[-83.6950700319347,34.30885157860009],[-83.69505203398374,34.30912158029778],[-83.69500103197338,34.309384579569716],[-83.69490003208081,34.30963957961037],[-83.69480303343128,34.309798580119924],[-83.6946860307381,34.30994658011251],[-83.69421503331914,34.31041057946717],[-83.69459703235682,34.31059358047027],[-83.69474403238011,34.310663579999044],[-83.69527203159002,34.310952578386974],[-83.69550203193322,34.311133579682675],[-83.69571203371386,34.31132357970829],[-83.69588303409239,34.31156458065008],[-83.69609003452386,34.311999580377574],[-83.69633103120844,34.31283958123923],[-83.69636903422337,34.31308357959601],[-83.69636403257606,34.31324458069307],[-83.69634903129243,34.31342258025214],[-83.69621703267929,34.31373758209229],[-83.69592003350309,34.314335581849335],[-83.69582703106619,34.31460858134475],[-83.69577603315433,34.31493057997329],[-83.69576503157134,34.31522658247094],[-83.69580403100565,34.31548758102165],[-83.69601003370761,34.3161895803846],[-83.69640103274644,34.31759158140192],[-83.69678803261618,34.31893258110328],[-83.69661903350902,34.31897758240963],[-83.69628303404171,34.31899358264586],[-83.69596703329697,34.31896658211354],[-83.69564903398256,34.31891458174035],[-83.69515803426833,34.31884058096968],[-83.69594103327474,34.32134158319937],[-83.69603903250083,34.32155958183271],[-83.69615703370496,34.32174258371515],[-83.6962950343614,34.32190058260927],[-83.69647303404066,34.32205658198107],[-83.69668103359027,34.32219558365044],[-83.69686903395345,34.322343582485445],[-83.69704803503592,34.322517583665146],[-83.69721503410996,34.32264858180341],[-83.6973950339343,34.32286458381164],[-83.6977120339743,34.32320458376926],[-83.69784903270644,34.32336158353935],[-83.69684203344585,34.323864581500956],[-83.69585603431428,34.32435158236592],[-83.69537203148282,34.324594584291056],[-83.69518003209775,34.32471158214951],[-83.6949390322464,34.324878581864425],[-83.69464903096441,34.32510358360171],[-83.69446703332324,34.32522758254007],[-83.69428303167243,34.32533658319351],[-83.6940480330016,34.325398582158314],[-83.69368503177144,34.32546258280926],[-83.69335703307155,34.32557558414872],[-83.69315703210991,34.32567858266838],[-83.69294403116236,34.32584258257318],[-83.69279303266696,34.32597858329041],[-83.69265903048858,34.32605258334662],[-83.69248303109777,34.32611258347363],[-83.69217103340794,34.32616858458462],[-83.69171403124142,34.32622858453304],[-83.6915370339065,34.32627458357172],[-83.69141203074611,34.326340582442974],[-83.69125503191036,34.3264635826691],[-83.69113803177196,34.326529585276724],[-83.6909530302747,34.32658958249539],[-83.69073503146481,34.326651584298624],[-83.69065803308723,34.326667583482454],[-83.69031303270636,34.32674158287468],[-83.69014403177783,34.32674258247201],[-83.69027903292836,34.32715058400071],[-83.6902910322811,34.327255584219],[-83.69027003129925,34.327376583207275],[-83.69022203288613,34.32746858299975],[-83.69014003194337,34.32757658301833],[-83.69007603306386,34.327690583512805],[-83.69007103056119,34.32779558339008],[-83.69008502993331,34.32797158399232],[-83.69007203036321,34.328105584839506],[-83.69002603005555,34.32824058419719],[-83.68983003110002,34.32851258422382],[-83.68960103361573,34.32876458495325],[-83.68943503004702,34.32889458437572],[-83.68932603045303,34.328939583848175],[-83.68918303285707,34.328963584924225],[-83.68908003038578,34.32894458495629],[-83.6889850328509,34.328897583867644],[-83.68887303359719,34.328822583286545],[-83.68877703272581,34.32876858560935],[-83.6886410301826,34.32875758497252],[-83.68844703289139,34.328775584556396],[-83.68823603047721,34.32881558492508],[-83.68810103189614,34.32886758423427],[-83.68801803173348,34.328925582781494],[-83.68790403013905,34.3290545833743],[-83.68776403261757,34.32919158453387],[-83.68763903013155,34.329286585433984],[-83.68753103213689,34.32934458412902],[-83.68733803056598,34.32941958527048],[-83.68711003098453,34.329470584724916],[-83.6869320299631,34.32947458378364],[-83.68660003103622,34.32943958508896],[-83.68620003007592,34.329391583257284],[-83.68587503035378,34.32932858321697],[-83.6855930318224,34.329278584073194],[-83.68524503018557,34.32928558390073],[-83.68504303099004,34.32933258501787],[-83.6848250299696,34.329400583315966],[-83.68443003110748,34.329553584985696],[-83.68410402943574,34.32970158404315],[-83.683755029007,34.32994858574515],[-83.6836220287228,34.330022583357376],[-83.68346203016054,34.330067584666686],[-83.68255402950332,34.330355585059706],[-83.68232802856298,34.33044458608592],[-83.68212802848204,34.330558585281864],[-83.6818700281685,34.330712584909605],[-83.68176002897727,34.330784585320046],[-83.68239903168354,34.332089585636474],[-83.68251502898474,34.332324586279604],[-83.6827950310859,34.33285358483643],[-83.68323003053273,34.33369658626899],[-83.68376202957828,34.33467758646652],[-83.68395903064886,34.3349975859782],[-83.68463602972699,34.33600358514515],[-83.68491903061175,34.33637158528098],[-83.6853440310132,34.336886587063326],[-83.68682803031068,34.33870658782536],[-83.68692603039383,34.33885158568436],[-83.6870190302981,34.3389665870011],[-83.68828703072813,34.340536588188634],[-83.68943403172129,34.34187758613134],[-83.69028303251558,34.342957587305584],[-83.69061903269248,34.34335958785123],[-83.69095303250722,34.34373258823715],[-83.69132203198694,34.34409058910683],[-83.69165303242133,34.344378586800595],[-83.69208803488083,34.344678587130595],[-83.69265803420296,34.345004586697996],[-83.69378103504901,34.34558558834502],[-83.69554903473677,34.346719587076485],[-83.69582503435906,34.34697358760582],[-83.69706503563476,34.348059589279615],[-83.69729703309842,34.34840258821315],[-83.69772203520341,34.34892858803242],[-83.69869503702684,34.35041458970699],[-83.69910703494128,34.35108458781581],[-83.69931203632495,34.35139058884133],[-83.69961503500578,34.351711588501544],[-83.69963703711693,34.35173458735985],[-83.70003703750712,34.35202158945295],[-83.7003650352888,34.3521835898491],[-83.70073503483184,34.352337589219296],[-83.70103503716315,34.35242258731828],[-83.70130003609731,34.35248758938794],[-83.70162403805428,34.35252258756409],[-83.70191403676893,34.352543589827754],[-83.70236303617779,34.35252658797764],[-83.70253203542163,34.35249858988524],[-83.70282003716538,34.35247858764642],[-83.70296503659256,34.35249658931997],[-83.70308603842491,34.35254958862682],[-83.70313903806176,34.352626589507175],[-83.70323703886253,34.3527855889137],[-83.70351603783044,34.35272658828991],[-83.70398303692414,34.35262058989751],[-83.70444303805745,34.352526589190845],[-83.70471403819231,34.35248558951123],[-83.7049420386033,34.35245958858184],[-83.70526503727295,34.35245258773887],[-83.70552003688425,34.35246058881078],[-83.70578303739082,34.35246159001648],[-83.70626803635233,34.35250458730688],[-83.70684803681701,34.3525685879439],[-83.70752803767896,34.35258858978454],[-83.70781603653839,34.35256158779255],[-83.70810303956115,34.352526588168374],[-83.70835603676134,34.35247158750041],[-83.7086930365135,34.352386587454106],[-83.709063037878,34.35226658779181],[-83.70946603811467,34.3521165873456],[-83.7099520386716,34.35192258809573],[-83.71016103916979,34.35182658971816],[-83.71032803774196,34.35173858812899],[-83.71087003919874,34.35142358828176],[-83.71133204075817,34.35191658793719],[-83.71149103942308,34.352028589400064],[-83.7116150386984,34.352153588174936],[-83.71182403913258,34.352317587668026],[-83.71219603771671,34.35252758912398],[-83.7128260406213,34.352837587881396],[-83.7132060410622,34.353019589159835],[-83.71380104102191,34.3532945890481],[-83.71394803954584,34.35337658771862],[-83.71406903940117,34.35345858926961],[-83.71417404074285,34.35354758807354],[-83.71428903996525,34.35370658924008],[-83.71456804024565,34.354112589493276],[-83.7147520393232,34.35435858763002],[-83.71505604143763,34.35483058842175],[-83.71513704019597,34.35496958756706],[-83.71519204045504,34.35508858976321],[-83.71524804241193,34.355270587560895],[-83.71530604037919,34.3554805888016],[-83.71534604157155,34.3556695894608],[-83.71538803960499,34.355897588988604],[-83.7153840388301,34.35602258982026],[-83.7153440418865,34.35664458745866],[-83.71528504252551,34.357188589619035],[-83.71510604052038,34.35900258855903],[-83.71507703876853,34.35941859139474],[-83.71507304104465,34.359823589157266],[-83.71510704169832,34.360104588793384],[-83.71518804109722,34.36051159045184],[-83.71527104062909,34.36071359046504],[-83.71540504148913,34.360911588901175],[-83.71562304213158,34.36125859073059],[-83.71581604067626,34.36158659169599],[-83.71659704106915,34.36256158975716],[-83.71682304171637,34.36262659071091],[-83.71710504254784,34.362689590818476],[-83.71745704106863,34.36276259121469],[-83.71789204185843,34.36279959099347],[-83.71819904240685,34.362781590493725],[-83.71866204248573,34.3628175911171],[-83.71906804351693,34.362842590829274],[-83.71957204221141,34.36286658942702],[-83.72028604059209,34.36288558917468],[-83.72097104186142,34.362847589053025],[-83.72211304399725,34.36271758908483],[-83.72249104426444,34.36272059132355],[-83.72312304234785,34.36281058930422],[-83.72333604358838,34.36289858940543],[-83.72401804257744,34.36323158957612],[-83.72450204440135,34.36347559030145],[-83.72478604340525,34.363631590121344],[-83.72488804557388,34.36374559161145],[-83.72497804341454,34.36394058987055],[-83.72539504286047,34.365137591577856],[-83.72541504422799,34.36532359020383],[-83.72540504386201,34.36546258973298],[-83.7252590449135,34.365709590585176],[-83.72503204295813,34.36603958944435],[-83.72492604339976,34.36622659035185],[-83.72493204270422,34.36640059014018],[-83.72500704523665,34.36654959170052],[-83.72524704254695,34.366625591478126],[-83.72545804390892,34.366655590663136],[-83.72564304417055,34.3667445902172],[-83.72568904353746,34.366894591260774],[-83.72578604253644,34.36728059106326],[-83.72587304232073,34.36738359003334],[-83.72598604466333,34.36742758995654],[-83.72620904478053,34.36739859163725],[-83.72679204335508,34.36726458991073],[-83.72719404389697,34.36714459138939],[-83.7273740457276,34.36708259189428],[-83.7275290456048,34.36712559073019],[-83.72763204577481,34.367262590420765],[-83.72763904461418,34.36750659060778],[-83.72764504447437,34.36809759228803],[-83.72774904603818,34.368292591764266],[-83.72786304568459,34.3683475916362],[-83.7282700464056,34.368402590888664],[-83.72864704443049,34.36838859069047],[-83.72900904427665,34.36831659168186],[-83.72915804489884,34.368191589658245],[-83.72925404508445,34.36811959086809],[-83.72940604532664,34.368069590837464],[-83.72955804707544,34.36800858981333],[-83.72973704347282,34.367911591996936],[-83.72978904586658,34.36778259068406],[-83.72982404498687,34.36759659077115],[-83.72982204562902,34.36752158934123],[-83.72987604580675,34.36746259117044],[-83.73002804531507,34.367389589806024],[-83.73019604572688,34.367396591866296],[-83.73037504530745,34.36731159014252],[-83.73056604531973,34.36717959121982],[-83.7308100466024,34.36691959180255],[-83.73115404604532,34.366320591317034],[-83.73125904468371,34.36610858930646],[-83.7313780472995,34.36590959058721],[-83.73143904708996,34.36562959056695],[-83.73153904658051,34.36525558932601],[-83.73165204450537,34.36508358956555],[-83.7316760450697,34.36505759097248],[-83.73167304474872,34.365038589884115],[-83.73150604673552,34.36473658909512],[-83.73150604615215,34.36459959007574],[-83.73163604719399,34.364160591096216],[-83.7318500448293,34.363830590364934],[-83.73237704435017,34.36340359073083],[-83.73270704719023,34.36325158989963],[-83.73361704746338,34.36302858994947],[-83.73407804478174,34.36257458929083],[-83.73445904605434,34.362600590086245],[-83.73490504657363,34.362461589381084],[-83.73520204530074,34.36222759027253],[-83.73518404680844,34.36199459103794],[-83.73533204691753,34.361801590292636],[-83.73538104683738,34.36165058952496],[-83.73526404700726,34.361349589335305],[-83.73517404644193,34.36123159070751],[-83.73534904527288,34.36102359027441],[-83.73529804624316,34.36099958866944],[-83.7352620453623,34.36099258921328],[-83.73531104546156,34.36090958945424],[-83.73549204649001,34.36056658974121],[-83.73558904597014,34.36023658834219],[-83.73553704829831,34.35975658995035],[-83.73556904764143,34.359358589356724],[-83.73516904528,34.358770589407506],[-83.73503504697902,34.35840058850588],[-83.73523104734369,34.35790558847475],[-83.73534404772653,34.357411587600744],[-83.73546004694636,34.35727358971719],[-83.73636704532079,34.35670858849621],[-83.7367460467373,34.35639158833675],[-83.73692704583392,34.356129587733705],[-83.73715804833415,34.35590958836718],[-83.73810004740132,34.35570058770603],[-83.7384960468359,34.355534587038996],[-83.739569046387,34.354790587525315],[-83.73980004645135,34.35472058647478],[-83.7402970482393,34.35485658692165],[-83.740463047492,34.3548555872255],[-83.74102404692427,34.35464858711656],[-83.74135504766068,34.35459258760891],[-83.74176804837934,34.354385586398614],[-83.74293904944318,34.35365358676639],[-83.74380104948409,34.35318558660029],[-83.74376904972216,34.35336358748329],[-83.74407104998895,34.35402258835712],[-83.74438704919893,34.35514558693028],[-83.74502304878904,34.356638589324014],[-83.74490905018668,34.356858588419946],[-83.7446780504486,34.357038589418195],[-83.74444804994818,34.3575055897391],[-83.74443705105398,34.35776758842194],[-83.74454405088804,34.35829158707267],[-83.74445204921417,34.35925458920628],[-83.74422004966827,34.35989858973007],[-83.7440400496623,34.36074858811012],[-83.74398005045846,34.3613285903875],[-83.74390804838013,34.362032588563835],[-83.74386505006122,34.362445589533834],[-83.74384804877144,34.36261358777122],[-83.74393105096354,34.36327059002362],[-83.74386404956275,34.36363959036033],[-83.74395304745813,34.364750589628926],[-83.74405404865159,34.3651345886798],[-83.7445690491862,34.36581858972718],[-83.74477005045942,34.36622959113359],[-83.74482204933334,34.36691558878593],[-83.74390305029468,34.368523591513544],[-83.74360705086964,34.36889458961935],[-83.74385204909682,34.36898858971254],[-83.74413605057126,34.369097589761864],[-83.74428404855087,34.369225591747295],[-83.74374604934727,34.36953259070429],[-83.74258105027955,34.37018359218245],[-83.7426210483056,34.37021559002493],[-83.7426400502918,34.3703135903101],[-83.7426040486345,34.37039559121076],[-83.74253705010821,34.37045059031262],[-83.74246604963446,34.370495591653],[-83.74213004986305,34.370682590846414],[-83.7420770506521,34.37072959184371],[-83.74200505018075,34.37081559230118],[-83.74192004880855,34.370934591500664],[-83.74185204964793,34.371038590929295],[-83.74182104792713,34.371116590696076],[-83.74179504983759,34.37125359044719],[-83.74180005012676,34.37139359179954],[-83.74181905013033,34.37155559197445],[-83.74183704832602,34.37178359171501],[-83.74193704818983,34.371889591439114],[-83.7419960499787,34.37195959207688],[-83.74224604977636,34.37232359231744],[-83.74249404815215,34.37275159118919],[-83.7426650513852,34.37311359205842],[-83.74273104850744,34.37319259067279],[-83.74281204945244,34.373241592295315],[-83.74293504947234,34.37327059216886],[-83.74318905048338,34.373283591833264],[-83.74338404782142,34.373288592054784],[-83.74344504881685,34.3733015916055],[-83.74347004911402,34.37330659154268],[-83.7435700492659,34.373358591125296],[-83.74362304822421,34.3734205914343],[-83.74369205022757,34.37352759147987],[-83.74378004953701,34.3736945917781],[-83.74381804965108,34.37379159093262],[-83.74384904916818,34.373921590846415],[-83.7438440504944,34.37402659241658],[-83.74356904955872,34.37486759309764],[-83.7435470494253,34.37500559326882],[-83.7435290505912,34.37521559211848],[-83.74351805099013,34.37530059258867],[-83.74349905021772,34.375397593068904],[-83.74345705090123,34.375512592046434],[-83.74338604979117,34.37560559277954],[-83.74329905022209,34.37585359156102],[-83.74324905047868,34.37606459305585],[-83.74322305052195,34.376130591756436],[-83.74318605138708,34.37618959146796],[-83.74314405036013,34.37622959337362],[-83.74233405081185,34.37673859352742],[-83.7422250508197,34.37699759173083]]]},"properties":{"OBJECTID":"4","COUNTY_NAM":"HALL","PRECINCTNO":"12","NAME":"12-Glade","LOCATION":"EAST HALL COMMUNITY CENTER - 3911 P DAVIDSON RD","PRECINCT":"GLADE/NEW HOLLAND","MAPLABEL":"PRECINCT 12 - GLADE/NEW HOLLAND","GlobalID":"{C0A185C1-88BB-4EB9-8C02-974AF79E4637}","EDITED_BY":"JBUDD","EDITED_DT":"2/7/20, 9:44 AM","created_user":"","created_date":"","Shape_Length":"160,805.25","Shape_Area":"763,755,503.62"},"id":4},{"type":"Feature","geometry":{"type":"Polygon","coordinates":[[[-83.71076403670949,34.3003765773944],[-83.71106303669089,34.300580578331385],[-83.71154303570344,34.30063457671123],[-83.71352703792945,34.300243578301576],[-83.71379203925906,34.300269575780554],[-83.71404103834413,34.30042057714938],[-83.71419003741622,34.300433578190464],[-83.71440503687637,34.300391578291276],[-83.71481703898611,34.300101575916315],[-83.71521503912484,34.30011457693801],[-83.71544603581665,34.30001757724697],[-83.71559403828357,34.29987957752954],[-83.71579203720864,34.29981057646354],[-83.71604103920532,34.299837575846084],[-83.71655503751963,34.300164576836224],[-83.71723503833253,34.3004365760993],[-83.71755003773961,34.30051857661155],[-83.71779803897566,34.30055857567261],[-83.71836103958921,34.300556575611814],[-83.71869203882412,34.300473577312395],[-83.7188240382476,34.300390576585535],[-83.71895503714386,34.30026657689018],[-83.71906903895109,34.29988157791598],[-83.71900203932091,34.299566576097675],[-83.71875003755599,34.29889557581121],[-83.7184840399951,34.29856657668667],[-83.71753703783978,34.29777457784793],[-83.71718803904834,34.297569576122896],[-83.7167910376259,34.297433577138506],[-83.7166080363216,34.29732457716277],[-83.71634103828988,34.29691357751046],[-83.7161420391742,34.296708577705715],[-83.7158580364703,34.29624357635138],[-83.71579003757412,34.29588657484915],[-83.7158560363814,34.29570757520769],[-83.7160040371383,34.295570577400355],[-83.71620203788059,34.295528577543976],[-83.71696503768057,34.295759575444976],[-83.7171150397128,34.29600557598662],[-83.71721703858276,34.29666357541222],[-83.71738403736254,34.296869574983525],[-83.71753303922219,34.29695057720718],[-83.71776503787852,34.29697757744664],[-83.71834303676322,34.29682457553757],[-83.71844303779923,34.296851577349],[-83.7185930381439,34.297139576493755],[-83.71887503954953,34.29727557762821],[-83.71952003902157,34.29723257460892],[-83.71993403770857,34.29713457523644],[-83.72056003819512,34.296666576787885],[-83.72090603736925,34.296322577089605],[-83.7212680381333,34.29577257666526],[-83.72146303993956,34.29514057480862],[-83.72134503850423,34.29461957596648],[-83.72140204076919,34.29443957586841],[-83.72152403815991,34.29405657675496],[-83.72147203794191,34.2934115752828],[-83.72155403993828,34.29321957497513],[-83.72155303746443,34.29308257529749],[-83.72146903987189,34.29283557572567],[-83.72115204039345,34.29236957382881],[-83.72111904079556,34.2922195761692],[-83.72116703909437,34.29205457431527],[-83.72129903712175,34.29193057641068],[-83.72186104012458,34.29177757609393],[-83.72207604019226,34.29159857460752],[-83.72237104102032,34.29111757405079],[-83.72258303904552,34.29036257453586],[-83.72273103861507,34.290210575300996],[-83.7229130381097,34.290141575751704],[-83.72309503981357,34.29015457363837],[-83.72329403868578,34.29026357502861],[-83.72366004109283,34.29071557517856],[-83.7238930413868,34.29090657540866],[-83.72437403982107,34.29119257462398],[-83.72468903833783,34.291315573660974],[-83.72500303925172,34.29130057596092],[-83.7251190389425,34.29120457485561],[-83.72518403843193,34.2908885738496],[-83.72490003915293,34.29035457508603],[-83.72489903963142,34.29019957373046],[-83.7256480404118,34.290553574630295],[-83.72587003999344,34.29059857471151],[-83.72631303980162,34.29021857399586],[-83.72626304091591,34.29014957391598],[-83.7261920417405,34.28998757449272],[-83.72618504049568,34.28990357356592],[-83.72663604078197,34.29015657498187],[-83.72768004079323,34.2904135742146],[-83.72948804246951,34.29127157421749],[-83.7299030403128,34.29140757377121],[-83.73001804154815,34.29140757434658],[-83.73018304153256,34.29131057550723],[-83.73034804217761,34.29102257450774],[-83.73046104060296,34.29047257423848],[-83.73039304188335,34.29019857513218],[-83.73040904205683,34.29002057306173],[-83.73054104026983,34.28992357430463],[-83.73083904130335,34.289936575029856],[-83.73183404259429,34.29028957469348],[-83.73274504202561,34.29054757339618],[-83.73289404252327,34.290629573099764],[-83.73316104112868,34.29093057384542],[-83.73317804237682,34.29110857402607],[-83.73312904044889,34.291177573554904],[-83.73293104152063,34.291370575867084],[-83.73251804346054,34.29163257333751],[-83.73194004318641,34.29182657374154],[-83.73167604221365,34.29196457487606],[-83.73162704168651,34.29206057488521],[-83.73167704100632,34.292142574306794],[-83.7319430432432,34.29240257344142],[-83.7322750410027,34.29262057559565],[-83.73346704243849,34.29272657582108],[-83.73436104445018,34.29273757347972],[-83.73485804238827,34.29285957554133],[-83.73522304182578,34.293050574046674],[-83.73547204430682,34.293309574353415],[-83.73573904417518,34.293720574372465],[-83.73589004281281,34.29406357626984],[-83.73589004263287,34.2942555752987],[-83.73577604238238,34.29450257576138],[-83.73544604298601,34.294695576622324],[-83.73513204344094,34.2949575741022],[-83.73505004124607,34.29510857570777],[-83.7350680423757,34.29530057500099],[-83.73521704165364,34.29539657592289],[-83.73554804185106,34.29543657526321],[-83.73589704314743,34.29555857427706],[-83.73636204440754,34.29588657620673],[-83.73659504530407,34.296242574534034],[-83.73668004550595,34.29672257502635],[-83.73681304306315,34.29687257589602],[-83.73691204308734,34.29688657565451],[-83.73709404241038,34.29683057467735],[-83.73724204297649,34.29667957498459],[-83.73803104524954,34.29535957511873],[-83.73834204206841,34.29467257541187],[-83.7386710444798,34.29428757501015],[-83.73875304290024,34.29424557512881],[-83.73896804250396,34.29421757390235],[-83.73920104531463,34.29443657398339],[-83.73940004512889,34.294490574290876],[-83.73964804578142,34.29448957535048],[-83.73991304546573,34.29440657520072],[-83.74007704415185,34.294200574289974],[-83.74020904320753,34.29411757465012],[-83.74068904357816,34.29410157458508],[-83.74085104503652,34.29413957357658],[-83.7411510460129,34.29386757650919],[-83.74123304659759,34.29372957406831],[-83.74131404504402,34.293249575801646],[-83.74150204491397,34.29306357371293],[-83.74185804472572,34.292712573487556],[-83.74195504548953,34.292245573112595],[-83.74239804464992,34.29147557439742],[-83.7427760466841,34.291007575122066],[-83.74310604523222,34.29067757246474],[-83.74364804504417,34.290243572835685],[-83.7437300451341,34.29010457417838],[-83.74386204472374,34.29004657464934],[-83.74430804646462,34.29032357400985],[-83.7444580468037,34.290363573427264],[-83.74447304397115,34.29033457381713],[-83.74457104473338,34.290262573096165],[-83.74468504655123,34.29022557405702],[-83.74487604750794,34.290264574577],[-83.74498304545807,34.29031057311852],[-83.74514804442974,34.29035457308782],[-83.74533304645297,34.29036357415711],[-83.7455010468961,34.29033357499808],[-83.74564004633304,34.29023857374056],[-83.7457350465541,34.29008757342302],[-83.74577204651163,34.28994257390175],[-83.74571404572973,34.28958957406651],[-83.74568404370964,34.28900857314291],[-83.74569804716498,34.288636572995095],[-83.74564604465233,34.28815657323407],[-83.7457210462457,34.28787057243287],[-83.74573704605336,34.28757257185004],[-83.74565204444889,34.28662557226871],[-83.74665504486816,34.2867365735479],[-83.7472790466812,34.28677557248029],[-83.74776804589779,34.28676957280552],[-83.74831504573339,34.286743574035974],[-83.7486240469409,34.286665574413085],[-83.74882504560367,34.28657157162906],[-83.7491780448566,34.28636357349196],[-83.75009204558921,34.285397574026874],[-83.75067104692027,34.28486757362298],[-83.75162004559625,34.28433757370468],[-83.75292704626258,34.28355457220757],[-83.75325804711989,34.28349357108902],[-83.75357604750006,34.28351757227181],[-83.75392104918154,34.28357257124798],[-83.75420804872053,34.283637570807244],[-83.75519404740317,34.28388257168167],[-83.75593404952787,34.28399957189506],[-83.75644005019656,34.28403357200451],[-83.75698704939619,34.28400757319479],[-83.75751604811136,34.283919572082816],[-83.75855104880502,34.283700573403735],[-83.75953404964271,34.28353057121925],[-83.75995004919874,34.283459573594435],[-83.76062904870525,34.28337757169473],[-83.76091405113627,34.2833505706136],[-83.76127804936213,34.28331057261965],[-83.7620150504849,34.28324657265785],[-83.76202604924698,34.28324557307178],[-83.76245004945535,34.283242572769126],[-83.76273405040122,34.28324057194265],[-83.76284805013178,34.28324057081505],[-83.76338505021668,34.28327657105315],[-83.76425305106025,34.283515571482454],[-83.76529705111696,34.2838035721043],[-83.76567905161181,34.283872572243446],[-83.76596505239166,34.28385357044357],[-83.76616105153231,34.28379257074364],[-83.76648105122315,34.283648572245895],[-83.76746405075049,34.283054572845494],[-83.76826605096213,34.28258657136193],[-83.76871105200264,34.28234357229174],[-83.76977805158614,34.28171456996364],[-83.77037105371066,34.281385569745375],[-83.7709830529555,34.281008571452546],[-83.77112305226767,34.28085257176139],[-83.77203805307687,34.27983157070867],[-83.77342705205251,34.27829657056329],[-83.7739210553718,34.27768856884564],[-83.7745860531742,34.277199569927596],[-83.77525505393761,34.27681956859282],[-83.77590805352006,34.27643456921454],[-83.77609705444056,34.276312569463926],[-83.77655005306752,34.276037569220016],[-83.77720905532283,34.2756725707077],[-83.77783605302255,34.27536056974775],[-83.7784190537665,34.27510456986148],[-83.778794053782,34.274949569583406],[-83.77917905443613,34.27490756964511],[-83.77955305412162,34.2749385702245],[-83.77999005569406,34.27502356896415],[-83.78021505422154,34.27504657007312],[-83.78045905478788,34.27502456910187],[-83.78070305626616,34.275007569577674],[-83.78106305465344,34.27503856833791],[-83.78142205632325,34.27501956794447],[-83.78148705435979,34.27532256935989],[-83.78165905340029,34.27584956929506],[-83.78191705474698,34.27645057056609],[-83.78220405603854,34.27700756988189],[-83.78246205547818,34.27754256843506],[-83.7828670548943,34.27827757028055],[-83.78302905612458,34.27855657079715],[-83.78339405599726,34.279239569071365],[-83.78363605577353,34.27958956897653],[-83.7839680573231,34.27998156978421],[-83.7842520555953,34.280239570558614],[-83.7843250571254,34.280305571702876],[-83.78441005541296,34.28036857102319],[-83.78459605695679,34.28050857032824],[-83.78490905538038,34.2807025707702],[-83.78499805698239,34.280758569718515],[-83.785440057672,34.280990571520576],[-83.78572905612666,34.28110257197402],[-83.78590705698645,34.28115557057645],[-83.78622305633584,34.2812485710663],[-83.78684405646162,34.28135256901185],[-83.78783105671567,34.281443571791776],[-83.7894030591712,34.281553571043084],[-83.78970605810274,34.28158756958238],[-83.79054005699153,34.281680569951426],[-83.79205405859166,34.28184856994819],[-83.7929150589985,34.281829570271306],[-83.79315705911797,34.28182057023732],[-83.79366705911552,34.28180056975089],[-83.79436205863264,34.28170557029693],[-83.79496105918545,34.281612570244086],[-83.79527405927743,34.28157057011503],[-83.79561505993048,34.281517570030715],[-83.79620305952552,34.28150456955438],[-83.79657906011506,34.281525570042895],[-83.79699806052659,34.2815495697106],[-83.79759006098831,34.281676570049655],[-83.79806106099927,34.281847570046075],[-83.79818306040828,34.28190957031141],[-83.79844253454901,34.282040144370725],[-83.79849306025872,34.28206556998781],[-83.79884306054969,34.28229557017659],[-83.79910906117404,34.28248057055586],[-83.79922106097784,34.282559570511694],[-83.7994140616266,34.28272456989244],[-83.79963595786006,34.28291476793798],[-83.79967306132153,34.28294657026315],[-83.79970006173848,34.28296957001513],[-83.80037506156876,34.2835235705114],[-83.80074406165936,34.28318357086642],[-83.80083306177875,34.28310156984993],[-83.80090206260016,34.283025571252146],[-83.80102106184245,34.28287556921733],[-83.80112805976127,34.28271857111682],[-83.80122106120535,34.28255556997487],[-83.80129906264061,34.282387570790036],[-83.80132506104685,34.2822995690964],[-83.80134106149826,34.282210570201734],[-83.80134605994265,34.282152569758814],[-83.80134906252867,34.282120570150724],[-83.80134706135233,34.28203056913018],[-83.80133606159195,34.281941569976695],[-83.80130506119946,34.281814569374944],[-83.80124906200257,34.28158856907437],[-83.80116606258048,34.28132656862323],[-83.80106706193018,34.28106956918072],[-83.80095206234697,34.28081656906784],[-83.80086706297058,34.28065057008717],[-83.80069806231253,34.28011356969876],[-83.80062605986782,34.27988457041685],[-83.8005480602048,34.279637569477536],[-83.80018806112099,34.27869656940819],[-83.79997506035096,34.27808056931019],[-83.79963605923744,34.277100569558364],[-83.79931505914075,34.27621756806855],[-83.79923605965598,34.27599756712512],[-83.79914005971035,34.27575056979336],[-83.79908706183261,34.2755755685531],[-83.79906305992074,34.2754735681813],[-83.7990260618814,34.275310568872555],[-83.79899106111115,34.27504156933436],[-83.79898006009967,34.27486156946981],[-83.79898105984874,34.27468156954134],[-83.79899306113822,34.27450156745216],[-83.79904005959459,34.27421656749867],[-83.79913506009368,34.27364756764574],[-83.79928906155804,34.27286956840298],[-83.7993340622584,34.27230356757194],[-83.79935705874865,34.271763568859875],[-83.79936006071114,34.271222566224985],[-83.79935705981906,34.27104256861925],[-83.79936006079477,34.2702115670983],[-83.79938205938096,34.269972566872035],[-83.79940706032467,34.26979356823999],[-83.79946205926166,34.26952656656923],[-83.79953505991479,34.26926356768483],[-83.79959406189943,34.26909056713736],[-83.79965506075243,34.26887456739589],[-83.79975405927155,34.268776567755786],[-83.79999606160679,34.268477566881565],[-83.80027906116331,34.26815456822397],[-83.8001440590438,34.26781356562479],[-83.8001230619392,34.267761568481745],[-83.7999670605716,34.26726556712054],[-83.7997220586649,34.26648556786149],[-83.79943906066882,34.26600656695223],[-83.7988390611298,34.264730565426575],[-83.79825705963408,34.263853565831056],[-83.79757606019291,34.26305856569753],[-83.79727606009529,34.262619565437866],[-83.79715406074106,34.26252456468695],[-83.79699405893703,34.26240056451328],[-83.79656306062046,34.26218156663787],[-83.79634706055757,34.26197656751871],[-83.79618005841844,34.26166156605331],[-83.79598006040361,34.260865566498794],[-83.79571305966645,34.26034456636249],[-83.79533106010673,34.259974565826674],[-83.79440205758782,34.259578566045995],[-83.7944020587976,34.25933056581217],[-83.79446805952573,34.25927556450942],[-83.7946830573162,34.259248566686104],[-83.79473305938052,34.25920656700783],[-83.79468305745564,34.259097566147894],[-83.79431705954474,34.25875456450251],[-83.79355405801165,34.258207565987206],[-83.7928160584763,34.25752756444508],[-83.792536059368,34.25741756531884],[-83.79197105739094,34.257189565491664],[-83.79123205602937,34.256866564879076],[-83.7911550582417,34.25683256408668],[-83.7905050583743,34.256352565161876],[-83.78967405628914,34.255908564305685],[-83.78896905555726,34.25552756421596],[-83.7887260559249,34.255228564645165],[-83.78926105702102,34.25317256442912],[-83.78940905841405,34.25171456455979],[-83.78933205576861,34.25118156473841],[-83.78918105702222,34.2508105632562],[-83.78894305507369,34.250412563566066],[-83.78765905578473,34.24915156264471],[-83.78714405689396,34.24768556370093],[-83.78646505527037,34.24664456170046],[-83.78639805386251,34.245985564501396],[-83.78616605383988,34.245794563932904],[-83.78601705487817,34.24579456302682],[-83.785935054139,34.24598656182439],[-83.78543905551206,34.24600056373912],[-83.7848940550882,34.24623456199859],[-83.78441505402664,34.24620756204262],[-83.78413405402026,34.246070563559314],[-83.78411605432014,34.24553556147141],[-83.78388905422187,34.24533556183242],[-83.78360305622685,34.245083562854255],[-83.78342105416428,34.2445085625555],[-83.7829400529342,34.24386456365875],[-83.78266705341788,34.243279563715156],[-83.78249305369091,34.24290556322617],[-83.78205305521695,34.24237156277565],[-83.78174705489425,34.24200056312397],[-83.78059505410971,34.240829560960044],[-83.78000905484407,34.240234560376464],[-83.780092052569,34.24005556118609],[-83.78091805505487,34.23990456157637],[-83.78109905492528,34.23945156280418],[-83.78109805318634,34.238889562248076],[-83.78065005193922,34.238067561606925],[-83.78028605334254,34.237628562353216],[-83.78018905334987,34.23749356253886],[-83.77975605240603,34.23688956165294],[-83.77970505212335,34.236423561945415],[-83.77934105111903,34.2357245614595],[-83.779257051638,34.23492956107217],[-83.77851105188391,34.233874561827655],[-83.77842805124145,34.23341955944012],[-83.77841105269826,34.23332556192189],[-83.77854305171488,34.23290056130163],[-83.77865805247889,34.23280456079491],[-83.7790880544943,34.232790561346846],[-83.77918705131343,34.23248855917791],[-83.77973105131014,34.231857559012134],[-83.77971405217501,34.23156955967116],[-83.77936605245245,34.231295560002835],[-83.77933305252671,34.231076559359764],[-83.77969505306699,34.230541560532146],[-83.78050405184052,34.229882560093486],[-83.7805860521812,34.229690559002464],[-83.7804770530076,34.22913355936618],[-83.78013905327059,34.228936561218916],[-83.77961005416452,34.22875956055315],[-83.77898105223048,34.228211560325434],[-83.77883105016556,34.22769055854184],[-83.77836805323517,34.2273485583311],[-83.77826805075117,34.22704655837174],[-83.77803705034887,34.22689655905962],[-83.77704305234509,34.22541656002316],[-83.7769920528769,34.22473155990691],[-83.7768760522188,34.22453955754749],[-83.77614805151367,34.22410155886612],[-83.77583405067986,34.22400555991047],[-83.77532204954531,34.224184559796804],[-83.77509105164673,34.22436355980972],[-83.77507505165129,34.22452755766369],[-83.77491005093503,34.22447255898392],[-83.7747440498491,34.224308560271886],[-83.77462805088881,34.22378755992108],[-83.77413205092472,34.223705557755935],[-83.77399805031457,34.22308955727013],[-83.77312105120932,34.22200655833326],[-83.77159805050206,34.22076055775777],[-83.77105204787138,34.22019955769891],[-83.77082005086567,34.219788556276775],[-83.77070305107605,34.21899355721703],[-83.77022404957597,34.218801557967694],[-83.7697610475538,34.21888455670836],[-83.76959204819667,34.21889655699219],[-83.76918304818086,34.21894055826167],[-83.76805904893936,34.21862555916461],[-83.76789304951417,34.21844755767689],[-83.76792505001929,34.217734556757684],[-83.76779204675326,34.217419557975525],[-83.7675600490661,34.21725555659686],[-83.76625404667502,34.2167635586746],[-83.76585704722692,34.21643455688753],[-83.76552504737359,34.215557556954465],[-83.76428404750516,34.21442055795981],[-83.76378704839557,34.21362655771848],[-83.76253004643462,34.21317555701106],[-83.76127404710236,34.212970556014525],[-83.76114504674361,34.21281755667844],[-83.76036304389523,34.21188855631042],[-83.76026304571143,34.21140855720694],[-83.75983204597652,34.210518556085425],[-83.75976504585766,34.21005255660641],[-83.75951704436477,34.20979155594602],[-83.75949904574222,34.20924355590562],[-83.7595490466699,34.2089825550733],[-83.75976304754245,34.20876355761253],[-83.75979504701078,34.20795455561887],[-83.75957904457461,34.20728255567901],[-83.75928904488453,34.20693155433806],[-83.75903304536477,34.206858554737835],[-83.75842104439576,34.20691355450595],[-83.75716504596623,34.20662755491081],[-83.75691704493406,34.20644955583876],[-83.75678404622991,34.20612055402273],[-83.75648704513905,34.20606555465851],[-83.75623804579652,34.205833555078684],[-83.75554404509641,34.20573755576276],[-83.75528704468482,34.20556955604476],[-83.75523004474097,34.20553255505685],[-83.75498204327822,34.20545055440696],[-83.75470004485261,34.205438555180756],[-83.75441804278292,34.20535755536164],[-83.75407004493452,34.20527655472759],[-83.75365504237188,34.20511255502012],[-83.75312404260373,34.205005554974285],[-83.75279204326301,34.20485555513305],[-83.75251204493712,34.20455555602564],[-83.75145004088554,34.20463955652505],[-83.75116804175443,34.20481855670194],[-83.75113604378275,34.20513355597639],[-83.75100404323187,34.20536755451751],[-83.75067304177819,34.20542355585553],[-83.75044104157816,34.20561655684782],[-83.75032604205592,34.20583655574176],[-83.75021004290463,34.20602955503924],[-83.75012804321356,34.2063465552179],[-83.75016204455517,34.206663557058626],[-83.74991404232901,34.20692555575732],[-83.74963404171734,34.20702155671417],[-83.7495190419664,34.20751655540932],[-83.7490740436253,34.207902554862926],[-83.74894304225418,34.2082865551687],[-83.74851304270815,34.208328555364304],[-83.7483320406373,34.20850755499646],[-83.74806704176633,34.20852155681441],[-83.74757004188344,34.20775355557023],[-83.74737104360992,34.20772655743228],[-83.74709004138427,34.20783655610303],[-83.74676004316672,34.207796556092376],[-83.74628104099804,34.20812655609169],[-83.74563704088247,34.208237558096066],[-83.74504303953837,34.2087195573313],[-83.74416704090673,34.208871556674126],[-83.74387004113812,34.209078556206705],[-83.74364004288242,34.209532556223266],[-83.74314604164402,34.21023355781538],[-83.74253604007045,34.21061955661444],[-83.74179203943696,34.210881556274195],[-83.74133004150166,34.21104655654515],[-83.7409660387606,34.21081455657169],[-83.74042004161655,34.210746556493305],[-83.74027204090957,34.211021556348655],[-83.74014004010262,34.211062556630274],[-83.73985803954514,34.21078855703981],[-83.73923003928749,34.210858558060664],[-83.73858403853583,34.21059655604815],[-83.73851903775648,34.21057055837943],[-83.737279040501,34.21024355606888],[-83.73625403930127,34.2103005580503],[-83.73567403901302,34.20979255767552],[-83.73537503750772,34.20913455774688],[-83.73516003770395,34.20912055647341],[-83.7347800390256,34.20935455709992],[-83.73458203720935,34.209286557645164],[-83.73448103823554,34.208682557029476],[-83.73396803925752,34.20831255705944],[-83.73381803677051,34.20779055670502],[-83.73317203873113,34.20732455783113],[-83.73252603760142,34.20669355708536],[-83.73237503753712,34.20602155609859],[-83.73161303623749,34.2053495550379],[-83.73153003750153,34.20517055631865],[-83.73164503906854,34.20492355662022],[-83.73159503875924,34.2047865552319],[-83.73080103655893,34.20418355624493],[-83.73040203699313,34.20348355704119],[-83.7302180376193,34.2027415559572],[-83.72990303734395,34.20227555655964],[-83.72986203571205,34.20208555449637],[-83.7208610347812,34.209752558513614],[-83.71727603193649,34.21280255964667],[-83.7139920343072,34.21559955997899],[-83.70925103188311,34.21963256034483],[-83.70716903152247,34.22140255967666],[-83.70508703173238,34.22317355958773],[-83.69818102899505,34.22904656304044],[-83.69696902982903,34.23008756368699],[-83.69633902697917,34.23062856250313],[-83.6948500285729,34.231894563656034],[-83.69439102814684,34.23228356417376],[-83.6933600269859,34.23316056493373],[-83.69332702620237,34.2331895638632],[-83.69330302678024,34.23320956464279],[-83.69322102622269,34.23327856392821],[-83.69313902753274,34.233348563012285],[-83.69298802834642,34.2334775651156],[-83.69283702871452,34.23360656432174],[-83.69238802695904,34.23398856259308],[-83.69194002739191,34.23437056395973],[-83.69137002551962,34.2348545638896],[-83.69091302810901,34.23524456407653],[-83.68988602579556,34.23611956332021],[-83.68988002498574,34.23612456356466],[-83.68919002799558,34.236710564914446],[-83.68894002684141,34.236923564686535],[-83.68849502762637,34.237302563488576],[-83.68767402757557,34.23800456650518],[-83.68644702544655,34.239042566401416],[-83.6851060248877,34.2401865666486],[-83.68376602442059,34.24133156645298],[-83.68363502652441,34.24144356510753],[-83.68350402392848,34.241555565403125],[-83.67753802240479,34.24663656824801],[-83.6771340240164,34.24698056663391],[-83.67685002321018,34.24722156689043],[-83.6765660215024,34.24746356631295],[-83.6764030233002,34.247602568261726],[-83.67624002132577,34.247741566366734],[-83.67617202203343,34.2477985685575],[-83.67610502475145,34.247855568408035],[-83.67330402302925,34.25013956748086],[-83.67217702408875,34.251088568535856],[-83.66934002241028,34.25350057008723],[-83.65948301995644,34.2618795704385],[-83.66017302075107,34.26203257104813],[-83.6634860214889,34.26276257132792],[-83.66406702223445,34.263007572091865],[-83.66635802287993,34.2646055726764],[-83.66643302298105,34.264671571691],[-83.66662102295712,34.264720571912044],[-83.66662402036695,34.26474657189622],[-83.6666050216364,34.2648215726284],[-83.66684002024628,34.26502857235915],[-83.66872002182873,34.26709457079936],[-83.66893602062827,34.267230572721175],[-83.6714700236842,34.267729572588095],[-83.67236502399035,34.267946572547245],[-83.67682102538954,34.26896157108276],[-83.67705302412293,34.269014571870414],[-83.67854202665653,34.26927557156905],[-83.67935602505378,34.26941857123679],[-83.6799340259726,34.26958557134398],[-83.68025102649415,34.26967657122446],[-83.68099702609985,34.270057573264786],[-83.68134602549443,34.27037257316168],[-83.68302802537339,34.27303157377505],[-83.68358002741256,34.27390457243615],[-83.68388002813438,34.274260571804895],[-83.68399702568888,34.27436757291655],[-83.68431202717413,34.274656574265435],[-83.68448002905572,34.27506757298862],[-83.68481302840242,34.27547857208834],[-83.68553002894718,34.27668357407798],[-83.6856300271306,34.27682057420418],[-83.68574602899254,34.27691557434155],[-83.68606202709636,34.27714857408586],[-83.68626302774891,34.27769657408695],[-83.686479027666,34.27788757328563],[-83.68824502915979,34.28050257339589],[-83.68836302724613,34.28078957510827],[-83.68887802839943,34.28122757468245],[-83.68907903057628,34.28176157478462],[-83.68943202862768,34.28226957389961],[-83.69026002755213,34.28345957458661],[-83.69079302799597,34.28422657504442],[-83.6910120297138,34.28454057428911],[-83.69162702879886,34.28522457629892],[-83.69219502949916,34.28638857562057],[-83.69311102943568,34.28746957590326],[-83.69357702954574,34.28814057653933],[-83.69382503134742,34.288558576592145],[-83.6941610310553,34.289126575757656],[-83.6948930321373,34.289905575003885],[-83.69497703257365,34.290111576653864],[-83.69497903075481,34.29053657703266],[-83.69504603012318,34.290687575244064],[-83.69514603185675,34.29079657738306],[-83.69556003077018,34.29096057557069],[-83.69572603280226,34.29108257554607],[-83.69589603106338,34.2919875758988],[-83.69646303251805,34.29286457648881],[-83.6965970329281,34.293220575064225],[-83.69668303146871,34.29386457622818],[-83.69684403261675,34.29441457630557],[-83.69688403086747,34.29455057601307],[-83.69683803300954,34.295167577301854],[-83.69687303327451,34.29563457717228],[-83.69704103042876,34.29608657721036],[-83.69725703080205,34.29636057614559],[-83.69753903206151,34.296537576318826],[-83.69797003301926,34.29657757675544],[-83.69810203311287,34.296605577647874],[-83.69861603344688,34.2967125758104],[-83.70025403422251,34.296734576512044],[-83.70075103355443,34.29677357695008],[-83.70126403340504,34.296881576280214],[-83.70133103289947,34.29695057706008],[-83.70136603405477,34.29732057784475],[-83.70123903316387,34.298418576222005],[-83.7013550329224,34.29858257638742],[-83.70177003361385,34.29869157626273],[-83.70197003358528,34.29899257659461],[-83.7022370332812,34.29959557775116],[-83.70237003360056,34.299745577848256],[-83.70250303246665,34.29981357760451],[-83.70281703362429,34.29978557774949],[-83.70306503410272,34.29968857838329],[-83.70329603340772,34.29952357574862],[-83.7036250339099,34.299178577466876],[-83.70427003444212,34.2989575773733],[-83.70459803559953,34.29842157659746],[-83.7047800362278,34.298296575441505],[-83.70506103462566,34.29829657696675],[-83.70522703369242,34.29837757790018],[-83.70532703479256,34.29848757693569],[-83.70545903327002,34.298500576851566],[-83.70592103602928,34.298197578350006],[-83.7062680341528,34.29803157723284],[-83.70663203630338,34.29797557786813],[-83.70691403586062,34.298070576121404],[-83.70723003403502,34.29841257734114],[-83.70789103444503,34.298341575745425],[-83.70815703372554,34.29846457700977],[-83.70834003628762,34.298806577027584],[-83.70834203736213,34.29913557623919],[-83.70796403474404,34.29968557700524],[-83.70794803541135,34.299809577212805],[-83.70811403438236,34.30004157857577],[-83.7082810359923,34.30015757795331],[-83.70876203482767,34.300492576885496],[-83.70906103417072,34.30050357615987],[-83.7094240368539,34.30051757780396],[-83.7103990352478,34.30030857653376],[-83.71058203745181,34.300308576369865],[-83.71076403670949,34.3003765773944]]]},"properties":{"OBJECTID":"5","COUNTY_NAM":"HALL","PRECINCTNO":"11","NAME":"11-Tadmore","LOCATION":"HARMONY HALL BAPTIST CHURCH - 4160 MANGUM MILL RD","PRECINCT":"TADMORE","MAPLABEL":"PRECINCT 11 - TADMORE","GlobalID":"{269715EC-FDEE-4B4C-BA73-1B9D659A295E}","EDITED_BY":"JBUDD","EDITED_DT":"2/7/20, 9:44 AM","created_user":"","created_date":"","Shape_Length":"146,947.54","Shape_Area":"864,585,754.89"},"id":5},{"type":"Feature","geometry":{"type":"Polygon","coordinates":[[[-83.64772401866348,34.33373558719284],[-83.64767901999056,34.33429958754235],[-83.647694018101,34.33473858764673],[-83.64777801963011,34.33517358781822],[-83.64796102098394,34.33573058790787],[-83.64822802102903,34.33636758794231],[-83.64871602084568,34.33735158829569],[-83.64881601996768,34.33757858821399],[-83.64900601942728,34.338011587891245],[-83.64920401951795,34.33885858869029],[-83.64947901971418,34.340334588842666],[-83.64961702043331,34.340691589119004],[-83.64970002237192,34.34090658793259],[-83.65008202064641,34.34162458896047],[-83.65121701979015,34.34324958807673],[-83.65144502045864,34.343721588181936],[-83.6514860203149,34.34370058762127],[-83.65165201957554,34.34361958952792],[-83.65192302085335,34.343471589862325],[-83.65227002281934,34.343266588768785],[-83.65278002263086,34.34297358916266],[-83.65533602116612,34.34148158759445],[-83.65602002118709,34.34106858847709],[-83.65652802367731,34.340795589209854],[-83.65665002243794,34.34070858857481],[-83.65675002102249,34.340590587168975],[-83.65682202352649,34.340310587977484],[-83.65693602468731,34.33968958768187],[-83.65733202259194,34.33798558657324],[-83.65750902154255,34.33724158817076],[-83.65759702261235,34.33699658667279],[-83.65774702387633,34.336754587143496],[-83.65794602335603,34.33650258804672],[-83.65828802322766,34.33618058760605],[-83.65861802280105,34.33593758690555],[-83.65880602158917,34.335855587405284],[-83.65906702351776,34.33577758574836],[-83.6594810250023,34.3356675863061],[-83.65973402332938,34.335565588425496],[-83.6598050244625,34.33549158573884],[-83.65980202362067,34.335394586270134],[-83.65973202388847,34.33521958692194],[-83.65944602309179,34.33493958633655],[-83.6593580247096,34.33479258587016],[-83.65934602261277,34.334665585763304],[-83.65938802276098,34.33456058654438],[-83.6595370243231,34.33440058638897],[-83.65967102266643,34.334239585404966],[-83.65972602279072,34.3341115852032],[-83.65973102288719,34.33377758620755],[-83.65966202204366,34.333608586286935],[-83.65977102168222,34.33357658770008],[-83.65982002226306,34.33356258555283],[-83.66018202391648,34.33353058591367],[-83.66037902233421,34.33354458586871],[-83.66059002450805,34.333582585199856],[-83.6609540240884,34.333616586602616],[-83.66105602428165,34.33361158582014],[-83.66142202378555,34.3335915852568],[-83.6615870253002,34.333539585099686],[-83.66196002545477,34.33338058768488],[-83.66289102367386,34.332752585648706],[-83.6631060224943,34.33265758454703],[-83.66340802373645,34.332560586675335],[-83.6636460250985,34.33251258550972],[-83.66387902619529,34.33253758700182],[-83.6641650233971,34.33262758532069],[-83.66445202518604,34.33273658476454],[-83.66483702480362,34.33284558668596],[-83.66520402449568,34.33299358639747],[-83.66534602548496,34.333105586201874],[-83.66555602334074,34.33331158668077],[-83.66577102419171,34.33346958657497],[-83.66593402425183,34.3335565856856],[-83.6663080258621,34.33368058595781],[-83.666821026511,34.33383858599599],[-83.66723802372047,34.3339195859302],[-83.66801002586946,34.33409858497458],[-83.66823802779176,34.33418958537982],[-83.66854202463314,34.334412585380264],[-83.66894302657927,34.33468658621331],[-83.66909102653524,34.33475558723217],[-83.66927402516785,34.33481758537696],[-83.66989202534747,34.33493958592993],[-83.67036702617881,34.335049586522054],[-83.67069502764875,34.33509658669522],[-83.6708550261798,34.33510958690905],[-83.67106702834488,34.33512558592349],[-83.6716700282441,34.335135584532395],[-83.67248902871792,34.335099586276804],[-83.67327602723715,34.335079586115754],[-83.6734790288069,34.33505158552265],[-83.67386702618249,34.33492258727272],[-83.67431102827976,34.33472558561255],[-83.67467102793584,34.33463958663131],[-83.67493802807307,34.33459158627692],[-83.67537602746899,34.33452458504849],[-83.67568202907029,34.33450658478818],[-83.67632902940527,34.33429458608021],[-83.67754002837304,34.3339265853427],[-83.67848202970522,34.333631586191615],[-83.68040502812647,34.333135585960584],[-83.68089003118143,34.33301558653955],[-83.68115003008998,34.33291858645777],[-83.68133502916936,34.33283658447562],[-83.68153403045609,34.332712585282],[-83.68184102923398,34.332494584805055],[-83.68239903168354,34.332089585636474],[-83.68176002897727,34.330784585320046],[-83.6818700281685,34.330712584909605],[-83.68212802848204,34.330558585281864],[-83.68232802856298,34.33044458608592],[-83.68255402950332,34.330355585059706],[-83.68346203016054,34.330067584666686],[-83.6836220287228,34.330022583357376],[-83.683755029007,34.32994858574515],[-83.68410402943574,34.32970158404315],[-83.68443003110748,34.329553584985696],[-83.6848250299696,34.329400583315966],[-83.68504303099004,34.32933258501787],[-83.68524503018557,34.32928558390073],[-83.6855930318224,34.329278584073194],[-83.68587503035378,34.32932858321697],[-83.68620003007592,34.329391583257284],[-83.68660003103622,34.32943958508896],[-83.6869320299631,34.32947458378364],[-83.68711003098453,34.329470584724916],[-83.68733803056598,34.32941958527048],[-83.68753103213689,34.32934458412902],[-83.68763903013155,34.329286585433984],[-83.68776403261757,34.32919158453387],[-83.68790403013905,34.3290545833743],[-83.68801803173348,34.328925582781494],[-83.68810103189614,34.32886758423427],[-83.68823603047721,34.32881558492508],[-83.68844703289139,34.328775584556396],[-83.6886410301826,34.32875758497252],[-83.68877703272581,34.32876858560935],[-83.68887303359719,34.328822583286545],[-83.6889850328509,34.328897583867644],[-83.68908003038578,34.32894458495629],[-83.68918303285707,34.328963584924225],[-83.68932603045303,34.328939583848175],[-83.68943503004702,34.32889458437572],[-83.68960103361573,34.32876458495325],[-83.68983003110002,34.32851258422382],[-83.69002603005555,34.32824058419719],[-83.69007203036321,34.328105584839506],[-83.69008502993331,34.32797158399232],[-83.69007103056119,34.32779558339008],[-83.69007603306386,34.327690583512805],[-83.69014003194337,34.32757658301833],[-83.69022203288613,34.32746858299975],[-83.69027003129925,34.327376583207275],[-83.6902910322811,34.327255584219],[-83.69027903292836,34.32715058400071],[-83.69014403177783,34.32674258247201],[-83.69031303270636,34.32674158287468],[-83.69065803308723,34.326667583482454],[-83.69073503146481,34.326651584298624],[-83.6909530302747,34.32658958249539],[-83.69113803177196,34.326529585276724],[-83.69125503191036,34.3264635826691],[-83.69141203074611,34.326340582442974],[-83.6915370339065,34.32627458357172],[-83.69171403124142,34.32622858453304],[-83.69217103340794,34.32616858458462],[-83.69248303109777,34.32611258347363],[-83.69265903048858,34.32605258334662],[-83.69279303266696,34.32597858329041],[-83.69294403116236,34.32584258257318],[-83.69315703210991,34.32567858266838],[-83.69335703307155,34.32557558414872],[-83.69368503177144,34.32546258280926],[-83.6940480330016,34.325398582158314],[-83.69428303167243,34.32533658319351],[-83.69446703332324,34.32522758254007],[-83.69464903096441,34.32510358360171],[-83.6949390322464,34.324878581864425],[-83.69518003209775,34.32471158214951],[-83.69537203148282,34.324594584291056],[-83.69585603431428,34.32435158236592],[-83.69684203344585,34.323864581500956],[-83.69784903270644,34.32336158353935],[-83.6977120339743,34.32320458376926],[-83.6973950339343,34.32286458381164],[-83.69721503410996,34.32264858180341],[-83.69704803503592,34.322517583665146],[-83.69686903395345,34.322343582485445],[-83.69668103359027,34.32219558365044],[-83.69647303404066,34.32205658198107],[-83.6962950343614,34.32190058260927],[-83.69615703370496,34.32174258371515],[-83.69603903250083,34.32155958183271],[-83.69594103327474,34.32134158319937],[-83.69515803426833,34.31884058096968],[-83.69564903398256,34.31891458174035],[-83.69596703329697,34.31896658211354],[-83.69628303404171,34.31899358264586],[-83.69661903350902,34.31897758240963],[-83.69678803261618,34.31893258110328],[-83.69640103274644,34.31759158140192],[-83.69601003370761,34.3161895803846],[-83.69580403100565,34.31548758102165],[-83.69576503157134,34.31522658247094],[-83.69577603315433,34.31493057997329],[-83.69582703106619,34.31460858134475],[-83.69592003350309,34.314335581849335],[-83.69621703267929,34.31373758209229],[-83.69634903129243,34.31342258025214],[-83.69636403257606,34.31324458069307],[-83.69636903422337,34.31308357959601],[-83.69633103120844,34.31283958123923],[-83.69609003452386,34.311999580377574],[-83.69588303409239,34.31156458065008],[-83.69571203371386,34.31132357970829],[-83.69550203193322,34.311133579682675],[-83.69527203159002,34.310952578386974],[-83.69474403238011,34.310663579999044],[-83.69459703235682,34.31059358047027],[-83.69421503331914,34.31041057946717],[-83.6946860307381,34.30994658011251],[-83.69480303343128,34.309798580119924],[-83.69490003208081,34.30963957961037],[-83.69500103197338,34.309384579569716],[-83.69505203398374,34.30912158029778],[-83.6950700319347,34.30885157860009],[-83.69507303277186,34.308666580005344],[-83.69509403204226,34.30842657859535],[-83.69511703180623,34.308080578852476],[-83.69510503208917,34.30798958006965],[-83.69496203282392,34.307760579218304],[-83.69494103326954,34.30763458126083],[-83.69496303047225,34.30752757986348],[-83.695028030561,34.30741358019862],[-83.69510203161565,34.30734157939936],[-83.6951390311092,34.307325580202075],[-83.69499003359009,34.306959577864376],[-83.6950880310971,34.306726577781006],[-83.69550003238884,34.30640957971136],[-83.69594703243425,34.306297578321086],[-83.69629503183616,34.30635157998957],[-83.69704103379799,34.30670557846323],[-83.69748803277376,34.30669057808199],[-83.69768603203306,34.3065525799406],[-83.69781703255289,34.30633257832233],[-83.6982950341333,34.30597457854362],[-83.69836003462521,34.305754579093815],[-83.6982420337243,34.30520658009863],[-83.69825503405796,34.30438357785746],[-83.69817003373636,34.30405457799452],[-83.69800403257032,34.30387657709492],[-83.6975070343264,34.30365857932281],[-83.69737303309635,34.30343957698935],[-83.69732103116897,34.302877578700425],[-83.69738403230332,34.30232757810737],[-83.69728303271025,34.30195757704117],[-83.6973290330653,34.30103857955354],[-83.69747503402212,34.300489578272305],[-83.69758303427207,34.29884257755597],[-83.6976150328395,34.298677577253386],[-83.69772503232404,34.298592577617455],[-83.69784603188785,34.29849857816349],[-83.69794503391743,34.29836057731603],[-83.69801003360874,34.29811357673475],[-83.6980080332637,34.29759257622199],[-83.69818803280074,34.29728957728627],[-83.69820303415678,34.29696057718279],[-83.69810203311287,34.296605577647874],[-83.69797003301926,34.29657757675544],[-83.69753903206151,34.296537576318826],[-83.69725703080205,34.29636057614559],[-83.69704103042876,34.29608657721036],[-83.69687303327451,34.29563457717228],[-83.69683803300954,34.295167577301854],[-83.69688403086747,34.29455057601307],[-83.69684403261675,34.29441457630557],[-83.69668303146871,34.29386457622818],[-83.6965970329281,34.293220575064225],[-83.69646303251805,34.29286457648881],[-83.69589603106338,34.2919875758988],[-83.69572603280226,34.29108257554607],[-83.69556003077018,34.29096057557069],[-83.69514603185675,34.29079657738306],[-83.69504603012318,34.290687575244064],[-83.69497903075481,34.29053657703266],[-83.69497703257365,34.290111576653864],[-83.6948930321373,34.289905575003885],[-83.6941610310553,34.289126575757656],[-83.69382503134742,34.288558576592145],[-83.69357702954574,34.28814057653933],[-83.69311102943568,34.28746957590326],[-83.69219502949916,34.28638857562057],[-83.69162702879886,34.28522457629892],[-83.6910120297138,34.28454057428911],[-83.69079302799597,34.28422657504442],[-83.69026002755213,34.28345957458661],[-83.68943202862768,34.28226957389961],[-83.68907903057628,34.28176157478462],[-83.68887802839943,34.28122757468245],[-83.68836302724613,34.28078957510827],[-83.68824502915979,34.28050257339589],[-83.686479027666,34.27788757328563],[-83.68626302774891,34.27769657408695],[-83.68606202709636,34.27714857408586],[-83.68574602899254,34.27691557434155],[-83.6856300271306,34.27682057420418],[-83.68553002894718,34.27668357407798],[-83.68481302840242,34.27547857208834],[-83.68448002905572,34.27506757298862],[-83.68431202717413,34.274656574265435],[-83.68399702568888,34.27436757291655],[-83.68388002813438,34.274260571804895],[-83.68358002741256,34.27390457243615],[-83.68302802537339,34.27303157377505],[-83.68134602549443,34.27037257316168],[-83.68099702609985,34.270057573264786],[-83.68025102649415,34.26967657122446],[-83.6799340259726,34.26958557134398],[-83.67935602505378,34.26941857123679],[-83.67854202665653,34.26927557156905],[-83.67705302412293,34.269014571870414],[-83.67682102538954,34.26896157108276],[-83.67236502399035,34.267946572547245],[-83.6714700236842,34.267729572588095],[-83.66893602062827,34.267230572721175],[-83.66872002182873,34.26709457079936],[-83.66684002024628,34.26502857235915],[-83.6666050216364,34.2648215726284],[-83.66662402036695,34.26474657189622],[-83.66662102295712,34.264720571912044],[-83.66643302298105,34.264671571691],[-83.66635802287993,34.2646055726764],[-83.66406702223445,34.263007572091865],[-83.6634860214889,34.26276257132792],[-83.66017302075107,34.26203257104813],[-83.65948301995644,34.2618795704385],[-83.65375601960135,34.266748573055196],[-83.64150701621841,34.2771635739353],[-83.63289901255455,34.28448257519204],[-83.63250901139742,34.284814576601235],[-83.6314720132101,34.285732577376436],[-83.6312490136475,34.28594357644735],[-83.63106801332239,34.286098576761646],[-83.63048601281376,34.28658657833081],[-83.62482501107662,34.29134057968244],[-83.62365201157026,34.292376580164195],[-83.62355301040387,34.29245757960413],[-83.6201190093136,34.295282579029546],[-83.62122500843499,34.29697758060968],[-83.62178101201091,34.2976655796718],[-83.62182400873411,34.297719581573055],[-83.62259201103288,34.298667580897856],[-83.62283500891786,34.29895957967132],[-83.62301701010874,34.29917758110792],[-83.62399601276832,34.3002805811366],[-83.62402301136713,34.300310579412255],[-83.62425700971322,34.300554580460826],[-83.62443001095224,34.30070158155023],[-83.62493801236893,34.30116558134058],[-83.62510300989678,34.30131658057696],[-83.62493801001608,34.301709579605806],[-83.62490501239074,34.301787581114546],[-83.6248390094762,34.30194457939245],[-83.62483701092954,34.301982580422674],[-83.62483101308224,34.302073581040105],[-83.6248210107368,34.30223158067859],[-83.62481701298313,34.302289580335184],[-83.62481501276542,34.30232157965512],[-83.62478201259925,34.302524580017256],[-83.62472901315977,34.302844580485434],[-83.62452201022614,34.30325758259458],[-83.62419701008567,34.30374358064077],[-83.62413701087432,34.30399858231628],[-83.6241290113549,34.30428058163151],[-83.62413501252809,34.30447758237172],[-83.62417501283049,34.304659581121264],[-83.6241950127222,34.30477158057023],[-83.62423500994649,34.30494058146134],[-83.62436201002991,34.3052185813853],[-83.62476101193606,34.30584558112893],[-83.62508801242221,34.30618158060031],[-83.62563801156648,34.30641758306298],[-83.62584501174655,34.30651158157114],[-83.62585301238214,34.30651258156395],[-83.62605901201513,34.306543580469146],[-83.62616901251165,34.3065605815791],[-83.62662901279081,34.30660758115899],[-83.62729201248077,34.306635582750786],[-83.62786901380228,34.306650580666364],[-83.62889201169347,34.3067695815064],[-83.6298600126219,34.30680558205928],[-83.63074401320013,34.306856580934586],[-83.63099201211946,34.30687558240182],[-83.63240401347362,34.306983582946785],[-83.63305001392676,34.30730258192112],[-83.63340101339635,34.30749858185612],[-83.63367301220325,34.30767958128379],[-83.63414201425354,34.30798458194333],[-83.63436501621182,34.30812058083089],[-83.63604501477495,34.30916058276777],[-83.63746901623745,34.31004758159142],[-83.63787601597303,34.310289582940726],[-83.6388270167821,34.31087558240603],[-83.63970701729666,34.311418582827294],[-83.64041201659805,34.31183758171039],[-83.6405030158557,34.31189158310457],[-83.64127201869748,34.3123705813265],[-83.64183701826813,34.31276758368836],[-83.64187601692234,34.31280858250958],[-83.6423010179184,34.313154582837335],[-83.6427720183984,34.313645581862836],[-83.6435370167218,34.31440958194255],[-83.64376701800168,34.31463858248415],[-83.64384201661281,34.31471658207788],[-83.64391901601175,34.3147955818821],[-83.64407901632141,34.31496058233148],[-83.64415001679582,34.31503458247999],[-83.64401101614908,34.315103581863205],[-83.6441230161241,34.315253581893735],[-83.64415601843017,34.31531558242138],[-83.64421501787638,34.315428582467675],[-83.64426101962316,34.31563058418754],[-83.64427601852611,34.31587858295201],[-83.64435201882364,34.31603158378153],[-83.64461901697102,34.316271583536825],[-83.64494401742613,34.3166155814622],[-83.64604101826478,34.3177785824383],[-83.64608401726353,34.31782458254532],[-83.64808301883411,34.3197505831387],[-83.64841901911983,34.32014358483898],[-83.64902901790923,34.32099058357331],[-83.64929601860149,34.32149358273165],[-83.64933002028258,34.321589583912804],[-83.6495020194289,34.322035584884],[-83.6495350193493,34.322316584737855],[-83.6496320180494,34.32316058277113],[-83.64961401828509,34.323811584958094],[-83.64961202122922,34.32386558450831],[-83.64957801847096,34.32429058350312],[-83.64952501971949,34.324660584597915],[-83.64938002112292,34.325228585431404],[-83.64931902038296,34.32558358487128],[-83.64930102122449,34.3270315847796],[-83.64929602128606,34.32748358689745],[-83.64925802071814,34.32777258546954],[-83.6491660205262,34.32812058651728],[-83.64879602098887,34.329188586037596],[-83.64860902061483,34.32972658696566],[-83.64779301846072,34.33331558721082],[-83.64772401866348,34.33373558719284]]]},"properties":{"OBJECTID":"6","COUNTY_NAM":"HALL","PRECINCTNO":"26","NAME":"26-Gillsville","LOCATION":"EMMANUEL COMMUNITY CHURCH - 6079 HIGHWAY 52","PRECINCT":"GILLSVILLE","MAPLABEL":"PRECINCT 26 - GILLSVILLE","GlobalID":"{EC0369F9-5D39-4E71-AAF9-1B74E6B17175}","EDITED_BY":"RPEOPLES","EDITED_DT":"6/6/22, 4:47 PM","created_user":"","created_date":"","Shape_Length":"89,526.99","Shape_Area":"408,051,876.63"},"id":6},{"type":"Feature","geometry":{"type":"Polygon","coordinates":[[[-83.85743308320436,34.3883205898968],[-83.8588460853853,34.38921559038625],[-83.85951608368897,34.38964059227514],[-83.86069408631951,34.39038659087111],[-83.8622680855479,34.390199591515284],[-83.86291108595775,34.387926590263355],[-83.8630900847421,34.387652590611054],[-83.86345708618612,34.387089589188356],[-83.86368908690973,34.38673459124296],[-83.86372308554807,34.38661758980593],[-83.87067608620382,34.38675158922339],[-83.87253708775442,34.38685758861286],[-83.87393108756645,34.38693758920522],[-83.87414408810423,34.386979589277836],[-83.87429408753941,34.386837589571606],[-83.8742320869528,34.38656758906169],[-83.87418708686268,34.38628458987497],[-83.87417808843627,34.38601458976678],[-83.87418008899745,34.38547558935973],[-83.87426208907787,34.384924588282665],[-83.87429308729887,34.384837587814154],[-83.87443708948099,34.38442958968586],[-83.87489108855931,34.383511589433105],[-83.8750190902975,34.38326858760743],[-83.87523408775273,34.382905587717225],[-83.87551308785721,34.382403589170345],[-83.87566108840635,34.38215958928903],[-83.87579809035756,34.381857589987646],[-83.87590109003446,34.381560587324564],[-83.87596708899497,34.38124458822734],[-83.87599608827959,34.38090058706046],[-83.87600408896512,34.38069458847957],[-83.87599108837286,34.38048958672357],[-83.87597608771135,34.38037658815602],[-83.8759280877336,34.38011758806702],[-83.8758910884922,34.37998558729855],[-83.87566708752942,34.37920758879921],[-83.87543508824193,34.378382587685884],[-83.87525308878865,34.37791158702535],[-83.87514008828981,34.37765858760429],[-83.87501108795674,34.37741058696784],[-83.87486708936085,34.377167587454316],[-83.87458008776672,34.376726587227196],[-83.87436708636406,34.376435586429196],[-83.87436608947527,34.37643458601924],[-83.87429408746439,34.376310588106726],[-83.87337708681855,34.37520558805667],[-83.87133908703315,34.372750586486454],[-83.871149087486,34.372522587954755],[-83.87188308659564,34.37227158603285],[-83.87206708814841,34.37220258801542],[-83.87225608716673,34.37209458572218],[-83.87256508811946,34.37189858513451],[-83.87281108626954,34.37163358738726],[-83.87317408852623,34.37133258636399],[-83.8735130892172,34.37108758682726],[-83.87425308868855,34.37061358520388],[-83.87464208654197,34.370334586793874],[-83.87492808964315,34.37003158459448],[-83.87548708674369,34.369476586465304],[-83.87618008985162,34.36876458556734],[-83.87641108879016,34.36849158399176],[-83.87664408779935,34.368348585804874],[-83.87701908725619,34.36819158572219],[-83.8773250878404,34.368095587052615],[-83.87801008818829,34.36797158599307],[-83.878306087019,34.36794458405926],[-83.87853008753636,34.367889586092524],[-83.87869309009464,34.36776758608575],[-83.87874409023078,34.36752958605366],[-83.87868008757528,34.36704858484132],[-83.87863408958872,34.36675358331622],[-83.87861308903128,34.36614258576956],[-83.87864208974372,34.3659445859043],[-83.878706089349,34.365736586180795],[-83.87883508716719,34.36545558549779],[-83.87908208888477,34.36491958599495],[-83.8791780881697,34.36457158519368],[-83.87918308913734,34.364374584506415],[-83.87910008968456,34.364041585358315],[-83.87897108896333,34.36374858410029],[-83.87872108724417,34.36338958402156],[-83.87851109002149,34.363167583697674],[-83.87819408956378,34.362918585990336],[-83.87833308777584,34.362584583775536],[-83.87837908893557,34.3624405825111],[-83.87797008882293,34.36212058479743],[-83.87728008780374,34.3614515825652],[-83.87733408848871,34.361176583460974],[-83.87727308773646,34.360586583606356],[-83.87720308674487,34.36027058297025],[-83.87675808735882,34.35978658437657],[-83.87669908724298,34.35972158428437],[-83.87686208908585,34.35972258244867],[-83.87691508664156,34.3597245822571],[-83.87707008644747,34.359729582181004],[-83.87916708741287,34.359730584396274],[-83.87918308812426,34.357806583798535],[-83.88082108844169,34.357809583763775],[-83.88082508743747,34.35729258440117],[-83.88084108774709,34.35538258312301],[-83.88084808776519,34.354653582970975],[-83.87970508822006,34.35464958197441],[-83.87821208667575,34.35464558097129],[-83.87822408918227,34.352651581906684],[-83.87822508720974,34.35258458261139],[-83.87823008624662,34.35188358295618],[-83.87823508949609,34.35105658220175],[-83.87823508766479,34.35103458218931],[-83.87823508800777,34.35079358193209],[-83.87769608728027,34.35080658088756],[-83.87765308833814,34.35035858058309],[-83.87764008958514,34.34944958211167],[-83.87763708811677,34.349164581894016],[-83.87762408901848,34.34870458121189],[-83.87762108897417,34.34855158016247],[-83.87741408784763,34.3484745816802],[-83.87707308630517,34.348623581600364],[-83.87687108844342,34.348712581369654],[-83.87663608594883,34.34888358119621],[-83.87637408751002,34.34907458181142],[-83.87614608550722,34.34908958128504],[-83.87597408504442,34.348993581779105],[-83.87546108770552,34.34870858125175],[-83.87542808792598,34.34869058052568],[-83.87535108701904,34.348714582743916],[-83.87481608603028,34.34888858293856],[-83.87423308628648,34.34897558313624],[-83.8739540871041,34.34901858195915],[-83.87302308639202,34.34929158169373],[-83.87257808516692,34.3494235810902],[-83.87232908557145,34.349496582046996],[-83.87215908536047,34.34954858305303],[-83.87207108576304,34.349571580346506],[-83.87184608676995,34.34923458158498],[-83.87182408495205,34.34919758243251],[-83.87169708746728,34.348985580745946],[-83.87169808404919,34.3487745824657],[-83.87169408678403,34.34869958238467],[-83.87168408713156,34.348489579977105],[-83.8716390863032,34.348410582720746],[-83.87156508560412,34.34827858100629],[-83.87151608636509,34.348251582702716],[-83.87140608526373,34.348189580937245],[-83.8713750848007,34.348134582771394],[-83.87131908516527,34.34813558186505],[-83.87119308391988,34.348029582753675],[-83.87116308605579,34.34788158140133],[-83.87113208651452,34.347705580388045],[-83.87114408682892,34.34763958136027],[-83.8711650852587,34.347533581726765],[-83.87125508555214,34.3473855814479],[-83.87137508459612,34.34727458070145],[-83.8715400846591,34.347165581606035],[-83.87109108443511,34.34715858149545],[-83.87084908665854,34.34715558174093],[-83.87032408640444,34.34714858269401],[-83.86848208496065,34.347128581851344],[-83.86798308307215,34.347122580923376],[-83.86668208377007,34.347109582120744],[-83.86667808267151,34.34631758258448],[-83.86667108378776,34.34580758191043],[-83.86665208377303,34.345406579999896],[-83.86664408601747,34.345153581804794],[-83.86663808483573,34.34494458042074],[-83.86663608433783,34.34442258031026],[-83.86663308464911,34.34378958134799],[-83.86662208220335,34.34033757879309],[-83.86660408541803,34.33532057819454],[-83.86660308254552,34.33480957973863],[-83.8666050850982,34.33409457821106],[-83.86661008436934,34.332874578702494],[-83.86661008480894,34.332782579086945],[-83.866006083606,34.33102757807002],[-83.86536908501255,34.330462579127804],[-83.86031608047419,34.326818578821296],[-83.85833308205066,34.32624157859172],[-83.85733607962423,34.32595057773887],[-83.85640608098431,34.32568057649957],[-83.8563270810181,34.326145577732895],[-83.85650007969018,34.327500578767484],[-83.85653908147437,34.327810579111684],[-83.85716708144422,34.3327455787525],[-83.8573160800569,34.333918577536096],[-83.85745208055656,34.334978579400556],[-83.8558330800436,34.339580579742105],[-83.85231208114617,34.3412625800504],[-83.84978907785776,34.342823581200626],[-83.84930807726595,34.34312058160477],[-83.84747407873927,34.34425458218546],[-83.8458720786631,34.34452458045304],[-83.84448407895373,34.34475758072913],[-83.8439910766484,34.34484158228611],[-83.84180807622555,34.345209581648795],[-83.8419450775091,34.34803158123416],[-83.84214907553815,34.34918758227606],[-83.84220307819623,34.34949358400775],[-83.84271807696912,34.35117858214483],[-83.8428410754315,34.35158158237243],[-83.84315907655024,34.353884585042174],[-83.84319207893024,34.35412758431363],[-83.84323007757502,34.354402584265415],[-83.84285707833384,34.35576158333764],[-83.84010207593484,34.36005358481108],[-83.84109007811612,34.360622583998605],[-83.84389107797891,34.36223758625707],[-83.84528807899773,34.36505558617434],[-83.84153207802645,34.3672185866274],[-83.83946107624504,34.371334588758884],[-83.84123107638072,34.37354758893359],[-83.84227407970235,34.373436586189655],[-83.84461907940425,34.37272658852022],[-83.84722907965315,34.37293658802831],[-83.85049408100154,34.37390058881451],[-83.85160908165862,34.37546558891444],[-83.85175807998321,34.380278590799705],[-83.85203408058254,34.383345588950256],[-83.85216808094931,34.384820590957474],[-83.8539990836672,34.385842591550905],[-83.85634808343816,34.38605259032639],[-83.85743308320436,34.3883205898968]]]},"properties":{"OBJECTID":"7","COUNTY_NAM":"HALL","PRECINCTNO":"20","NAME":"20-West Whelchel","LOCATION":"1ST UNITED METHODIST CHURCH - 2780 THOMPSON BRIDGE RD","PRECINCT":"WEST WHELCHEL","MAPLABEL":"PRECINCT 20 - WEST WHELCHEL","GlobalID":"{3EB60561-4217-4030-8771-9BCD08CE5021}","EDITED_BY":"JBUDD","EDITED_DT":"2/7/20, 9:44 AM","created_user":"","created_date":"","Shape_Length":"69,569.81","Shape_Area":"163,665,426.14"},"id":7},{"type":"Feature","geometry":{"type":"Polygon","coordinates":[[[-83.86778009300876,34.467399607013355],[-83.86800309019212,34.46743360852793],[-83.86822909216389,34.467544607396746],[-83.86843009049213,34.46761660697329],[-83.86903209262853,34.46778660791419],[-83.86962009106537,34.467889606656904],[-83.86995109111697,34.467997607372496],[-83.87023509296591,34.468106605737525],[-83.87041709061137,34.46829660740671],[-83.8705290914158,34.468506607777094],[-83.87063209205893,34.46878460715422],[-83.87061809131504,34.46904660642602],[-83.87058809073841,34.46920260797699],[-83.87053609071826,34.469377607736256],[-83.87041509245105,34.46961260777616],[-83.87024409115158,34.47006260841752],[-83.87021709109275,34.47014460634522],[-83.87014909348812,34.47035460847585],[-83.86993909358637,34.47072760747224],[-83.86971709201232,34.47106260643267],[-83.86938109312047,34.47149560728629],[-83.86903509197795,34.47197860880125],[-83.86890909132538,34.47216760890423],[-83.86876609078206,34.472450606969915],[-83.868719091739,34.472601608921714],[-83.86873609306097,34.472712608333005],[-83.86880309168923,34.47282360968519],[-83.86886209042949,34.472892607339794],[-83.86897209240003,34.472946608442314],[-83.86912409130511,34.472967607762584],[-83.86932809293462,34.472980606859984],[-83.86953209348215,34.473001607750625],[-83.86968309196376,34.47301560703348],[-83.86987609096413,34.4730456078146],[-83.87000809043174,34.47307460829225],[-83.87017909201172,34.47312960830873],[-83.87040109255412,34.4731856080165],[-83.87080509148007,34.473297607669984],[-83.8709540919696,34.47333260931042],[-83.87140709187001,34.47343560816643],[-83.87162909285733,34.473500607598766],[-83.87183209373724,34.47354760918297],[-83.87208509408065,34.47358860763419],[-83.87235909442043,34.473645608111724],[-83.87292609174686,34.47374460875651],[-83.87308809241124,34.47379160798463],[-83.87320809425204,34.47385360889326],[-83.87335809245339,34.47394160927597],[-83.8735680912613,34.47405760758268],[-83.87369109228992,34.47410360913375],[-83.87380909389412,34.474147607965456],[-83.8741910942278,34.47430960936069],[-83.87440109532774,34.47442460912878],[-83.87448009370104,34.474477607049906],[-83.87456709259821,34.474614606793814],[-83.87465109369482,34.47483660892489],[-83.87468909401206,34.4749136089168],[-83.87475109391627,34.47501260807904],[-83.87484009326825,34.47509060882405],[-83.87492009432741,34.475152608097666],[-83.87501009553347,34.47517960696683],[-83.87516309345983,34.47519260714739],[-83.87539709474981,34.475198608556546],[-83.87623209515054,34.475253608362344],[-83.87647609416189,34.4752846079329],[-83.87676009589036,34.47533460915935],[-83.8769620960487,34.47538160796903],[-83.87714309387607,34.47543760823286],[-83.87733509290914,34.47550960788889],[-83.8775960949403,34.4756266080203],[-83.87768809462247,34.47565060929584],[-83.87790209280897,34.47552760938689],[-83.87890509506731,34.474816608350494],[-83.88038409619475,34.473768608235986],[-83.88051309621058,34.473677607867145],[-83.8857550954331,34.47007160611839],[-83.88655309687128,34.46952360825331],[-83.88671009683303,34.469414605587005],[-83.88676509568995,34.46937660685367],[-83.88752409795609,34.468855607486425],[-83.88760809757943,34.468794605764664],[-83.88763109743579,34.45994260390675],[-83.88921909830242,34.45996960352916],[-83.88933209735099,34.4599716044301],[-83.89890510055396,34.45986760255831],[-83.89933709871411,34.45986560533428],[-83.9059571034222,34.45983160453709],[-83.90995410219837,34.459811603039974],[-83.90998610357722,34.460535604523926],[-83.9100541040147,34.461101603635825],[-83.91007710317568,34.461287604799935],[-83.91007110352535,34.46146160495623],[-83.91005910447193,34.461927603765616],[-83.90989410477965,34.468283605596554],[-83.90989110450543,34.46833060607805],[-83.90986310347634,34.46887060505007],[-83.90984710258331,34.46919160681314],[-83.91027710322459,34.469194605607576],[-83.91032610257675,34.46919560451498],[-83.9198061058698,34.469263604753685],[-83.92266010611324,34.469284605725065],[-83.92277710673886,34.469285605545004],[-83.92360310699802,34.469291603521675],[-83.92943310927507,34.46933360377712],[-83.93189011000061,34.46935160403962],[-83.93189010930641,34.46880060565499],[-83.93189011186178,34.4687336051806],[-83.9318951101129,34.46433660495868],[-83.93189510828893,34.46426960442695],[-83.93190211059756,34.460535603717254],[-83.93153711028803,34.46052260327214],[-83.92967010682078,34.46045360227201],[-83.92882210870164,34.46042260176864],[-83.92486310723905,34.4602756032062],[-83.92286710606179,34.46020160192545],[-83.92066610651601,34.460120602345235],[-83.92068910635146,34.45113260021731],[-83.92909410776959,34.45119560042739],[-83.931317110791,34.451212600832015],[-83.93509710860984,34.449009600069004],[-83.93496610920917,34.448790600012096],[-83.93438710901671,34.447905599117526],[-83.93418410845864,34.447587600690284],[-83.93390110889383,34.447250599072376],[-83.93321810823849,34.44646060025664],[-83.93304710911491,34.44623060118159],[-83.93276210884869,34.44588260131271],[-83.9323701083266,34.44545060000946],[-83.93184410734388,34.44478660037594],[-83.93165110746814,34.44457660038307],[-83.93127510969445,34.4441645983729],[-83.9310891063733,34.44393959917961],[-83.93084710824787,34.44358759896352],[-83.9301441077201,34.442728598645864],[-83.92943610862197,34.44186559873078],[-83.92913510744553,34.44146160063827],[-83.92888210860743,34.44111659906071],[-83.9272871076048,34.43901059980558],[-83.92559510478397,34.43700659723197],[-83.92504210511493,34.436360596908095],[-83.92445110566074,34.435791598080925],[-83.92395510570256,34.43530459651825],[-83.92324010559864,34.434713599205935],[-83.92234910397168,34.43400159652542],[-83.92179210354287,34.433565598600815],[-83.92069310587611,34.432627597186965],[-83.92010210266486,34.43213959715337],[-83.91959510491643,34.43171159838664],[-83.91846110320691,34.430752596252205],[-83.91728810402458,34.42980259798638],[-83.91667510358664,34.429296598155844],[-83.91378510336793,34.42691259778116],[-83.91081510061176,34.424488595417785],[-83.9078421007712,34.42202759531394],[-83.9072730982476,34.42150459535792],[-83.90679510011434,34.42104959486355],[-83.90657510008742,34.4207845962105],[-83.90652310139772,34.4207055949444],[-83.90647609931112,34.42062459471545],[-83.90643609978332,34.42054059546337],[-83.90629709851113,34.420199595198206],[-83.90617110047555,34.41985459429854],[-83.906060099664,34.41950559615042],[-83.90596509928875,34.41915459627325],[-83.90591010075705,34.41902859560316],[-83.90587109886533,34.41888859448343],[-83.90576710063556,34.41863259389112],[-83.9055730974635,34.41821159475893],[-83.90544410137976,34.41796359501366],[-83.90525910063133,34.41763759447264],[-83.9050611007713,34.41731659562246],[-83.90479509948933,34.41692359409281],[-83.90451810065618,34.41662559609544],[-83.90416409805168,34.416211594795406],[-83.90407510056818,34.416100595217245],[-83.90356009975753,34.41563559604766],[-83.90310409810816,34.415249595442404],[-83.90286909817634,34.41506259369015],[-83.90229009691815,34.4146145932959],[-83.90197809683902,34.41433559527853],[-83.9015371001283,34.41395159476057],[-83.90046709627468,34.41302359256329],[-83.8995260991674,34.41221059310672],[-83.89929409603748,34.412020593300305],[-83.89899609620267,34.41175759470576],[-83.89873909591235,34.41151459337532],[-83.89850509791371,34.41127559435319],[-83.89824309794929,34.41098859221485],[-83.89799509801824,34.41069259386107],[-83.89776209774546,34.41038759526201],[-83.89760209625489,34.41015259234419],[-83.89691809551027,34.40903259188888],[-83.89677509587732,34.40880759296121],[-83.89640209620633,34.40822159263741],[-83.89621709565871,34.40792959292124],[-83.89599909409002,34.407617591867144],[-83.89580109753163,34.40729659388434],[-83.89562309611854,34.40696859419422],[-83.89546509397707,34.40663259216212],[-83.89536109670712,34.406376593147115],[-83.89524009571312,34.40603059342822],[-83.89506209556562,34.405416594258185],[-83.89504409635683,34.405328591962814],[-83.89503509695565,34.405238592860556],[-83.89503309683205,34.405140593542576],[-83.89496509543179,34.404635593318766],[-83.89496209628054,34.40441059284847],[-83.89495209569328,34.404262593349564],[-83.89484509730057,34.40313859275318],[-83.89484009482476,34.40298359109565],[-83.8948010958033,34.402843592460904],[-83.89478209450762,34.40275459344612],[-83.89473509689404,34.40257859219799],[-83.8946760936392,34.40240559257283],[-83.89460709592326,34.40223459288658],[-83.89452709554618,34.402066592511716],[-83.8944370965422,34.40190359241695],[-83.89433609497857,34.40174359249175],[-83.8941770954134,34.40152759281939],[-83.89410609649362,34.40143759343259],[-83.89379409681754,34.40106859134801],[-83.89366009567105,34.40092659169627],[-83.89351609613587,34.40079159271732],[-83.893437093666,34.400729592811565],[-83.89331409566634,34.400611592504134],[-83.89277609442419,34.40029959308539],[-83.89230309555846,34.400045591921696],[-83.89156409475308,34.39970259234265],[-83.88849409472499,34.39833159207602],[-83.88809509362753,34.39817359209935],[-83.88773409384468,34.39807259288956],[-83.88737309260235,34.39799259262867],[-83.88702609345933,34.397941591303116],[-83.88673309187423,34.39791359051428],[-83.88651709264481,34.39789959257443],[-83.88547609267063,34.39782658993031],[-83.88400909308368,34.39771159031388],[-83.88370809320344,34.397689592531876],[-83.88332409203937,34.39763959233166],[-83.8829100906572,34.39756659290435],[-83.88238709051078,34.3974375900647],[-83.88166109227889,34.39719159119609],[-83.88110009079766,34.39695559106151],[-83.88062708998244,34.39669859124827],[-83.88020009127965,34.39643559105687],[-83.87969009251567,34.39606259202913],[-83.87944009099168,34.39584259113829],[-83.87919509203464,34.39561259147351],[-83.87910208948715,34.395513592688445],[-83.87900509072,34.39541159125967],[-83.87816109081258,34.39443059179212],[-83.87704908963761,34.393171589358495],[-83.87650708994282,34.39254659012785],[-83.876275089452,34.392243590834575],[-83.8760630883857,34.39192459082813],[-83.87580008977956,34.391509590150086],[-83.87559809070153,34.391116591419376],[-83.87536908859856,34.39055758965008],[-83.87519808977885,34.390061590459865],[-83.87499209092108,34.38942358940346],[-83.87476508865376,34.38855658844671],[-83.8747230885945,34.38840258922444],[-83.8746670874867,34.38822059017746],[-83.87435808802996,34.38711959007711],[-83.87433508762717,34.38701758849001],[-83.87429408753941,34.386837589571606],[-83.87414408810423,34.386979589277836],[-83.87393108756645,34.38693758920522],[-83.87253708775442,34.38685758861286],[-83.87067608620382,34.38675158922339],[-83.86372308554807,34.38661758980593],[-83.86368908690973,34.38673459124296],[-83.86345708618612,34.387089589188356],[-83.8630900847421,34.387652590611054],[-83.86291108595775,34.387926590263355],[-83.8622680855479,34.390199591515284],[-83.86069408631951,34.39038659087111],[-83.85951608368897,34.38964059227514],[-83.8588460853853,34.38921559038625],[-83.85743308320436,34.3883205898968],[-83.85634808343816,34.38605259032639],[-83.8539990836672,34.385842591550905],[-83.85216808094931,34.384820590957474],[-83.85203408058254,34.383345588950256],[-83.85175807998321,34.380278590799705],[-83.85160908165862,34.37546558891444],[-83.85049408100154,34.37390058881451],[-83.84722907965315,34.37293658802831],[-83.84461907940425,34.37272658852022],[-83.84227407970235,34.373436586189655],[-83.84123107638072,34.37354758893359],[-83.83946107624504,34.371334588758884],[-83.84153207802645,34.3672185866274],[-83.84528807899773,34.36505558617434],[-83.84389107797891,34.36223758625707],[-83.84109007811612,34.360622583998605],[-83.84010207593484,34.36005358481108],[-83.83579607462079,34.35960858451792],[-83.83273107615874,34.35950858634759],[-83.83260707550947,34.36123958431895],[-83.83346507651403,34.363887587345694],[-83.83451507497635,34.365615587892776],[-83.83236407665281,34.36629058732517],[-83.83190907609286,34.366433587414996],[-83.82956307390602,34.366763587442385],[-83.82564307265191,34.36498958729662],[-83.8210810708541,34.36575758822441],[-83.81974407270445,34.36678358699909],[-83.816984071763,34.36890458641214],[-83.8180280727392,34.37218858933084],[-83.81871507300016,34.374347590296416],[-83.81960607215679,34.377145590799095],[-83.81860407100955,34.37968959045784],[-83.81817807366545,34.38184659163314],[-83.81809207315926,34.38228659162679],[-83.81933907097387,34.383009591404765],[-83.8207390724079,34.383821591055806],[-83.82046807341388,34.385296590235455],[-83.82019607375165,34.386770591176806],[-83.82018507443489,34.38686759028446],[-83.82008007334251,34.38783659011949],[-83.82004707197657,34.38814059141973],[-83.81964807313261,34.38987259283239],[-83.81908807300142,34.390829592281044],[-83.81936007420246,34.391564592545684],[-83.81948807399169,34.39222759182695],[-83.81956407180448,34.39271959279755],[-83.81907407393945,34.39373259214343],[-83.8182230739135,34.394484594998325],[-83.81784107289913,34.3948285938796],[-83.81729607259778,34.394822593333814],[-83.81686107352397,34.39466359325967],[-83.8165820720868,34.39450759309349],[-83.81635607052714,34.3944455925635],[-83.81617807121233,34.39442159363775],[-83.81600107027633,34.39459059370491],[-83.81590307246938,34.39480459315815],[-83.81576107293971,34.395224592085476],[-83.81561007393077,34.395611592341965],[-83.81547307144946,34.395938593359716],[-83.81540007114373,34.39608759511758],[-83.81525907383086,34.39630259387611],[-83.81503107277281,34.396519592734954],[-83.81499707249266,34.3965555951626],[-83.8149920714996,34.39654159313081],[-83.81479407172695,34.39665159352521],[-83.81469707054988,34.39697459483156],[-83.81454507161676,34.39742259551023],[-83.81452307250382,34.39767259252202],[-83.81466107115224,34.397910594033014],[-83.81479307183047,34.39806659325978],[-83.81497007117329,34.39844159534568],[-83.81502107249693,34.39857759482379],[-83.81504907210761,34.398710593608754],[-83.81515207180007,34.398815595472406],[-83.81534607290108,34.39895459394073],[-83.81576807126498,34.39899159406646],[-83.81586207082452,34.39910859448204],[-83.81592007136486,34.39918059500585],[-83.81593107123753,34.39931159387663],[-83.81597507282167,34.3998455939026],[-83.81597607302002,34.400311594229514],[-83.8159010715626,34.400869595054125],[-83.81577207274712,34.40118759446876],[-83.81560207266172,34.40189059569683],[-83.8156030722745,34.40216559396256],[-83.81583807113022,34.40264859613464],[-83.81609607240412,34.403230595100474],[-83.81623007197643,34.403438594751044],[-83.81644607313032,34.40356459448527],[-83.81682507162542,34.40385259455047],[-83.81703407237389,34.404065595019674],[-83.81736607417959,34.40427059526481],[-83.8174570720263,34.40443159616706],[-83.8174830728311,34.404476596719086],[-83.81763307482991,34.40510759642451],[-83.8180160743612,34.40599859445691],[-83.81869807352672,34.40724659526257],[-83.81916407389994,34.40789159628463],[-83.81949607355689,34.40819259552351],[-83.82021007489006,34.408384596384494],[-83.8208240727144,34.40880859707554],[-83.82152107545248,34.40908259549978],[-83.82170407530288,34.409301595519125],[-83.82172607587239,34.41234859673971],[-83.82139907616299,34.41487459789457],[-83.82136907401998,34.41530559692272],[-83.8213500764262,34.4155745978077],[-83.82151707660564,34.41641159804471],[-83.82143507495321,34.41685059758869],[-83.82123607478533,34.4169465985465],[-83.8206560766054,34.4169885989835],[-83.82045707554312,34.417194599098025],[-83.82024307309106,34.417908598374034],[-83.82024407487515,34.41858159688],[-83.82032707372215,34.41880059850102],[-83.82056007531162,34.41899259752741],[-83.82175407362448,34.41912859966385],[-83.82203707495387,34.41930659779148],[-83.82210307627541,34.41952559718685],[-83.8219380752199,34.419814597778775],[-83.82117607418736,34.420446598034054],[-83.82087807456558,34.42081759905604],[-83.82092807488502,34.42110559837304],[-83.82132707620963,34.42131059840743],[-83.82142707527508,34.42148959838597],[-83.82089807458632,34.42254660001995],[-83.82076507588118,34.42265660024584],[-83.82048307522618,34.422670600498435],[-83.819537074372,34.42241159955209],[-83.81933807501531,34.42261759942129],[-83.81933907278591,34.42307060034994],[-83.8197720738805,34.42379659868706],[-83.81987207668708,34.424194599760916],[-83.82032007521045,34.4243725997763],[-83.82093407677512,34.42439959937457],[-83.82153207610374,34.42500259991578],[-83.82194707726744,34.425276600100204],[-83.8228430757999,34.425467599987684],[-83.82392407617711,34.426975601036794],[-83.82430707696648,34.427771599948805],[-83.82465607491484,34.42811360136063],[-83.82858907597702,34.42901459915489],[-83.82888807919076,34.4291376019618],[-83.8292040763258,34.429466599829674],[-83.8295350780125,34.42958960099165],[-83.82990007664108,34.42953460035545],[-83.8304470775328,34.42921760031239],[-83.83130907942527,34.428942601622275],[-83.83217207690278,34.42888660117347],[-83.83251708029879,34.42896259856319],[-83.83341608029463,34.42915960033174],[-83.83376508024786,34.429488599761456],[-83.83444608129878,34.429624599936425],[-83.83511008021138,34.43043360086956],[-83.836273081909,34.43110459875992],[-83.83687107951232,34.43183160030751],[-83.83806808145567,34.43300960131326],[-83.83831708205766,34.43313360069392],[-83.83871508005114,34.4331736012916],[-83.83881508075092,34.43335160057222],[-83.8387660808691,34.433804601161526],[-83.83909807937962,34.434271601579276],[-83.83906607981588,34.43458660207752],[-83.83914908213308,34.43469660191391],[-83.83971308144791,34.43501160157031],[-83.84095808180936,34.43550360033567],[-83.84236908062134,34.435845601873005],[-83.84268408265885,34.43605060052969],[-83.8427510830048,34.43654460139984],[-83.84266908362382,34.437025602913245],[-83.84220708234574,34.43808260250477],[-83.84235608109849,34.43828860025981],[-83.84275608236635,34.438334601005884],[-83.84318608269095,34.438383602636236],[-83.8436340829679,34.4387806024319],[-83.84436608332753,34.4397406012737],[-83.84519608330605,34.44023360255288],[-83.84538008352895,34.440754603272175],[-83.84589508501286,34.44138560343509],[-83.84749008279934,34.442714602481345],[-83.84792508526704,34.443511602330084],[-83.8482380830535,34.44408560335845],[-83.84900208298974,34.44448260342086],[-83.85046308419938,34.44493460278896],[-83.85210608431959,34.44532960261778],[-83.85326808462588,34.4460966023331],[-83.85419808619541,34.44657660351111],[-83.85441808528562,34.446641602084334],[-83.85444808551084,34.44680360355984],[-83.85451108662714,34.449632603505904],[-83.85449908563913,34.45028060376023],[-83.85444308519503,34.45063460329737],[-83.85392008698541,34.45225260324774],[-83.85370308652176,34.452862604735834],[-83.85364608725068,34.45320260282024],[-83.85368108571261,34.4537226036614],[-83.85369808590559,34.454229604909095],[-83.85367308767268,34.4544836057692],[-83.85358708587191,34.45484360338595],[-83.85399908536495,34.454946603193015],[-83.85417108563594,34.4549656049631],[-83.8542770868444,34.454985603573284],[-83.85438108492913,34.45501160400102],[-83.85448208623167,34.455043605517176],[-83.85458108664295,34.45508160436054],[-83.85467608510622,34.4551246046262],[-83.85476908532515,34.455172606025876],[-83.85485808626326,34.455224604543496],[-83.85494308791235,34.45528060379381],[-83.85502408700464,34.45534060557989],[-83.85510108791321,34.45540460541296],[-83.85517308759793,34.45547160543398],[-83.85535808694613,34.45558260303651],[-83.85552508539887,34.455697603407195],[-83.85568308704654,34.455821604274654],[-83.855832086904,34.45595360403896],[-83.85597008604397,34.45609260414473],[-83.85645008552514,34.4566366046141],[-83.85652908747545,34.45671460427384],[-83.8566220884321,34.45678260423697],[-83.85671508768267,34.45682960433085],[-83.85681508553556,34.456863605519544],[-83.85692108608546,34.456884604361164],[-83.85703308776668,34.45687060392842],[-83.85714208928478,34.45687060587737],[-83.85725008701311,34.45688160409334],[-83.85735508920476,34.45690360616148],[-83.85745608873601,34.45693760575454],[-83.85755008861923,34.4569826045016],[-83.85769808700368,34.457043606027725],[-83.85778708738675,34.457095605111235],[-83.85786908615812,34.457155603924974],[-83.85794108737177,34.457222605015815],[-83.8580020875335,34.45729660406442],[-83.85805308727299,34.45737660379459],[-83.85817408974434,34.457530606252845],[-83.85830708813558,34.45767360658575],[-83.85845508972017,34.45780560512427],[-83.85861608964737,34.45792660667981],[-83.85871008670742,34.458009605736294],[-83.85901608813579,34.458234604145595],[-83.85920108798463,34.45833960602149],[-83.85947608739977,34.45836160456006],[-83.85969308895707,34.45837460635102],[-83.86004608667288,34.45848260620602],[-83.86044608958622,34.45862460572361],[-83.86064208822664,34.458701606503276],[-83.86089208910671,34.45884160438578],[-83.86067908915628,34.4589826065815],[-83.86044308926729,34.45922460545488],[-83.86020808797295,34.459534606617865],[-83.85984608746884,34.46008360486576],[-83.85953808716012,34.46060860679486],[-83.85929508838024,34.46106560522492],[-83.85922909005494,34.46151760484387],[-83.85918908778976,34.46171160681865],[-83.85916908921628,34.46189160665013],[-83.85916508875998,34.46207160524487],[-83.85919408948472,34.462487606842856],[-83.85919908725863,34.46275760532513],[-83.85919508966279,34.46293860732639],[-83.85920408741026,34.463089606011316],[-83.85919008985765,34.46317860685309],[-83.85916108951677,34.46326560728165],[-83.85911808963424,34.46334860747068],[-83.85906209020942,34.463425605779115],[-83.85889608698926,34.463609606934654],[-83.85894808812638,34.46410260634753],[-83.85905909012143,34.46496160615468],[-83.85913208750144,34.46538560772809],[-83.85919608997159,34.46556860814682],[-83.85931909070626,34.4657496066884],[-83.85947608824554,34.46588160754745],[-83.8596560902143,34.46601260576171],[-83.85990508859108,34.46614260576594],[-83.86020309045288,34.46628960601349],[-83.86054608861429,34.46640760723256],[-83.86096108941712,34.466601607790075],[-83.86135208975148,34.466747606265216],[-83.86191808878542,34.46687960611359],[-83.86234109044796,34.46695660638212],[-83.86300908972653,34.467008607371476],[-83.86388308951308,34.46692060794992],[-83.86466408889846,34.46686360758336],[-83.86551509078905,34.46679460740826],[-83.86576309178125,34.46686660634935],[-83.86600109214943,34.46700560760465],[-83.8663720916771,34.467258606019016],[-83.86678608980962,34.46739460578799],[-83.86706708936111,34.46741660833662],[-83.86745208941802,34.46738860714585],[-83.86778009300876,34.467399607013355]]]},"properties":{"OBJECTID":"8","COUNTY_NAM":"HALL","PRECINCTNO":"27","NAME":"27-Big Hickory","LOCATION":"NORTH HALL CHURCH - 4091 MOUNT VERNON RD","PRECINCT":"BIG HICKORY","MAPLABEL":"PRECINCT 27 - BIG HICKORY","GlobalID":"{13E0E728-2A97-43AA-9F7A-E0D36E8FA597}","EDITED_BY":"RPEOPLES","EDITED_DT":"6/6/22, 4:47 PM","created_user":"","created_date":"","Shape_Length":"157,223.26","Shape_Area":"740,390,198.46"},"id":8},{"type":"Feature","geometry":{"type":"Polygon","coordinates":[[[-83.76235505648538,34.411024599685824],[-83.76417905757903,34.41401260056857],[-83.76439405710624,34.41386560013379],[-83.76463805905259,34.41363460051225],[-83.76483405670007,34.413399600289225],[-83.76484605840103,34.413382600368195],[-83.76500005803884,34.41316360059541],[-83.76499005930454,34.412759599103865],[-83.76620505774014,34.41227859867158],[-83.76740405968181,34.411755598132345],[-83.76889805755802,34.41109059955777],[-83.76938206093784,34.41091659852714],[-83.76969205914621,34.4108415994646],[-83.76994305827859,34.410807597552456],[-83.77024105993586,34.410784598547764],[-83.77098906087498,34.41077859796473],[-83.77168805965833,34.41075159969977],[-83.7722860599584,34.410749599206476],[-83.77307606034647,34.41079859790986],[-83.773389061831,34.41080859848288],[-83.77366206002847,34.41082459760209],[-83.77407806109635,34.410866597945585],[-83.77450005956895,34.41088459781742],[-83.77495706066196,34.410925596960254],[-83.77531805983634,34.41094559755882],[-83.77569906289996,34.410975597949914],[-83.776207060329,34.4109855995168],[-83.77669806195975,34.410947597474745],[-83.77721806013848,34.41084559884393],[-83.77834306100085,34.410538598143894],[-83.77893706048447,34.410406597074],[-83.77933006175576,34.41036959907443],[-83.7795470607942,34.41035859823193],[-83.77983206353633,34.410357598432356],[-83.78019306150799,34.41037759906211],[-83.781306063321,34.41051559686488],[-83.7815520633936,34.410549597426936],[-83.78169006248422,34.41055959728062],[-83.78188606338182,34.41057559986544],[-83.7822050619556,34.41055759809031],[-83.78246906200948,34.41052359688673],[-83.7826710646181,34.41047359717952],[-83.78294006468674,34.4103945978727],[-83.78326206263908,34.410257597636296],[-83.78467406236751,34.40957759846064],[-83.78541106530695,34.40925059778104],[-83.78578606287881,34.40907859900576],[-83.78619306353892,34.40884959867578],[-83.78655206578836,34.40859959669632],[-83.78684906462433,34.408355598438035],[-83.78736206424045,34.4078255976139],[-83.78805506532166,34.40709959667668],[-83.78822906537624,34.40692859718182],[-83.78870706350537,34.40645959683876],[-83.78904906341624,34.40613059741729],[-83.78954806405393,34.40558959634557],[-83.78996306536895,34.40519159612466],[-83.79020206667917,34.40501659804026],[-83.79053606659195,34.40484559517843],[-83.79091806536988,34.40467959550365],[-83.79127906464264,34.40456759554542],[-83.79142906561562,34.40452059605972],[-83.79192806543912,34.40439159482246],[-83.79250806679927,34.40427059537876],[-83.79398306543284,34.404040595849494],[-83.79439606747424,34.40401359583253],[-83.79477806607728,34.40404959642385],[-83.79506606789641,34.404111596995186],[-83.79532606642822,34.4041835966903],[-83.79608906834427,34.40441459696217],[-83.79649306784822,34.40452359736716],[-83.79673406854135,34.4045775947383],[-83.79685606617723,34.40460559714606],[-83.79764806644957,34.40468859671879],[-83.79800206816766,34.40470359663801],[-83.79822506753607,34.40469259509867],[-83.79842906645474,34.40468759531609],[-83.79995506876422,34.40457959550518],[-83.80062706701044,34.404558596673944],[-83.80125406859167,34.40458959670644],[-83.80202606864711,34.40472959650045],[-83.80358006987487,34.40505959430502],[-83.80398506739085,34.40515759562405],[-83.80429306978515,34.40524059765721],[-83.80517707108585,34.40542859706612],[-83.80610507054956,34.40550859713821],[-83.8066640682185,34.40557459459793],[-83.80708907038994,34.405666595983746],[-83.80807207131035,34.40580159703547],[-83.80918906951423,34.40587759545847],[-83.80977306956525,34.4058525964786],[-83.81043907003752,34.405837596454546],[-83.81110207109239,34.405765596759686],[-83.8115890699442,34.405675595283576],[-83.81207506995088,34.405574594498084],[-83.81278907200114,34.40537759482834],[-83.81329907081222,34.405196595025025],[-83.8138780733113,34.40501459572426],[-83.81477007321713,34.40476259512553],[-83.81540007426113,34.40458459573169],[-83.81594507382628,34.40449459552493],[-83.81678807298324,34.404446595213905],[-83.8174570720263,34.40443159616706],[-83.81736607417959,34.40427059526481],[-83.81703407237389,34.404065595019674],[-83.81682507162542,34.40385259455047],[-83.81644607313032,34.40356459448527],[-83.81623007197643,34.403438594751044],[-83.81609607240412,34.403230595100474],[-83.81583807113022,34.40264859613464],[-83.8156030722745,34.40216559396256],[-83.81560207266172,34.40189059569683],[-83.81577207274712,34.40118759446876],[-83.8159010715626,34.400869595054125],[-83.81597607302002,34.400311594229514],[-83.81597507282167,34.3998455939026],[-83.81593107123753,34.39931159387663],[-83.81592007136486,34.39918059500585],[-83.81586207082452,34.39910859448204],[-83.81576807126498,34.39899159406646],[-83.81534607290108,34.39895459394073],[-83.81515207180007,34.398815595472406],[-83.81504907210761,34.398710593608754],[-83.81502107249693,34.39857759482379],[-83.81497007117329,34.39844159534568],[-83.81479307183047,34.39806659325978],[-83.81466107115224,34.397910594033014],[-83.81452307250382,34.39767259252202],[-83.81454507161676,34.39742259551023],[-83.81469707054988,34.39697459483156],[-83.81479407172695,34.39665159352521],[-83.8149920714996,34.39654159313081],[-83.81499707249266,34.3965555951626],[-83.81503107277281,34.396519592734954],[-83.81525907383086,34.39630259387611],[-83.81540007114373,34.39608759511758],[-83.81547307144946,34.395938593359716],[-83.81561007393077,34.395611592341965],[-83.81576107293971,34.395224592085476],[-83.81590307246938,34.39480459315815],[-83.81600107027633,34.39459059370491],[-83.81617807121233,34.39442159363775],[-83.81635607052714,34.3944455925635],[-83.8165820720868,34.39450759309349],[-83.81686107352397,34.39466359325967],[-83.81729607259778,34.394822593333814],[-83.81784107289913,34.3948285938796],[-83.8182230739135,34.394484594998325],[-83.81907407393945,34.39373259214343],[-83.81956407180448,34.39271959279755],[-83.81948807399169,34.39222759182695],[-83.81936007420246,34.391564592545684],[-83.81908807300142,34.390829592281044],[-83.81964807313261,34.38987259283239],[-83.82004707197657,34.38814059141973],[-83.82008007334251,34.38783659011949],[-83.82018507443489,34.38686759028446],[-83.82019607375165,34.386770591176806],[-83.82046807341388,34.385296590235455],[-83.8207390724079,34.383821591055806],[-83.81933907097387,34.383009591404765],[-83.81809207315926,34.38228659162679],[-83.81817807366545,34.38184659163314],[-83.81860407100955,34.37968959045784],[-83.81960607215679,34.377145590799095],[-83.81871507300016,34.374347590296416],[-83.8180280727392,34.37218858933084],[-83.816984071763,34.36890458641214],[-83.81974407270445,34.36678358699909],[-83.8210810708541,34.36575758822441],[-83.82564307265191,34.36498958729662],[-83.82956307390602,34.366763587442385],[-83.83190907609286,34.366433587414996],[-83.83236407665281,34.36629058732517],[-83.83451507497635,34.365615587892776],[-83.83346507651403,34.363887587345694],[-83.83260707550947,34.36123958431895],[-83.83273107615874,34.35950858634759],[-83.83579607462079,34.35960858451792],[-83.84010207593484,34.36005358481108],[-83.84285707833384,34.35576158333764],[-83.84323007757502,34.354402584265415],[-83.84319207893024,34.35412758431363],[-83.84315907655024,34.353884585042174],[-83.8428410754315,34.35158158237243],[-83.84271807696912,34.35117858214483],[-83.84220307819623,34.34949358400775],[-83.84214907553815,34.34918758227606],[-83.8419450775091,34.34803158123416],[-83.84180807622555,34.345209581648795],[-83.8439910766484,34.34484158228611],[-83.84448407895373,34.34475758072913],[-83.8458720786631,34.34452458045304],[-83.84550607829168,34.3443465823064],[-83.84498607787863,34.34392758311055],[-83.84476607861062,34.34366958173179],[-83.84449307685739,34.34278858196928],[-83.84394407698974,34.34179958151271],[-83.84391207797805,34.341537582299104],[-83.84372407549279,34.341338580661514],[-83.8430580758016,34.34097458022682],[-83.84281007730128,34.34097058063135],[-83.8424160756798,34.34097157993964],[-83.84119607658306,34.3413365805852],[-83.84109907636211,34.34137258189209],[-83.84050807446948,34.34159458208815],[-83.83995007590141,34.34192858156673],[-83.83959907589875,34.342444579822946],[-83.83952107658311,34.34294958187725],[-83.83963507708913,34.34426658251792],[-83.83965907649653,34.34551258217484],[-83.83954107619418,34.34552958242481],[-83.83909107647447,34.3460425834782],[-83.83884207519363,34.34632458208134],[-83.83816207663789,34.347100582125854],[-83.83695207513833,34.34785758149553],[-83.83665307499213,34.348045581646765],[-83.83634907423139,34.3478835818702],[-83.83450707693471,34.34690158328639],[-83.83475107591431,34.34481058131787],[-83.83298007304943,34.342829582092044],[-83.83160107282804,34.341337580139275],[-83.83095607551125,34.34064058088659],[-83.82932007151267,34.34127158192941],[-83.82909707457947,34.34157958137919],[-83.82906607307405,34.34162158098888],[-83.82870807248875,34.34211558173266],[-83.82764707353799,34.341443581511086],[-83.82758907348631,34.34140358072423],[-83.82728907178111,34.341201581439776],[-83.82640207090448,34.3406015800606],[-83.8248420709446,34.33934558051082],[-83.82488607240842,34.33931758079566],[-83.8250040702912,34.33924158173513],[-83.82458807280511,34.33889358158811],[-83.82432907147084,34.33864858208323],[-83.82411507105252,34.33839258079796],[-83.8239610694369,34.33820958007424],[-83.82394907285911,34.33806258133058],[-83.82392006981853,34.33802258061399],[-83.82378307249324,34.337829580202836],[-83.82331807153874,34.337514581841],[-83.82313907209766,34.33745058250276],[-83.82323007248146,34.33739358020877],[-83.82329107087033,34.33727858072127],[-83.82283706970578,34.337042580439785],[-83.82167307241835,34.335653580434894],[-83.82120907107856,34.335226579762214],[-83.82109106951356,34.33459457968751],[-83.82090807039681,34.33425257951746],[-83.81959706959033,34.33318358081071],[-83.81931407065096,34.33288258108871],[-83.81924707164738,34.332608579846855],[-83.8192120690694,34.33190858082288],[-83.81894507063043,34.33120857952814],[-83.81891106931128,34.330934580668576],[-83.81895006838623,34.33069657858724],[-83.81733406952908,34.330648580735016],[-83.81730506701308,34.32995857935998],[-83.8165820672565,34.3299755800835],[-83.81502306752128,34.329946579093814],[-83.81496406758366,34.32972657971637],[-83.8143270668333,34.329742579838296],[-83.81392506878531,34.32975358021267],[-83.81366706720303,34.329766579376674],[-83.81368506682846,34.3299295804447],[-83.81363006659721,34.329937581081104],[-83.81360706710909,34.33033958019496],[-83.81339806754617,34.33144957955327],[-83.81318006730069,34.332575580402114],[-83.81308706892311,34.33306258148507],[-83.8129570669611,34.33369958004397],[-83.81289406632871,34.33415858013506],[-83.81289906705058,34.3343065812542],[-83.81291506577196,34.33438558032273],[-83.81293906801946,34.33450258188143],[-83.81300506787278,34.33469858184868],[-83.81314306823856,34.33507258208932],[-83.81318106905088,34.33513858003932],[-83.81325506777357,34.33529857997426],[-83.81345006918822,34.335815581231095],[-83.81347106979858,34.3358775811878],[-83.81348806671537,34.33592658073289],[-83.81368506975717,34.33673258066268],[-83.81373506917491,34.33688658149205],[-83.81378806718779,34.33703258052743],[-83.81387806923658,34.337199581742944],[-83.8139420675268,34.33729757968086],[-83.81395906795947,34.33732458095764],[-83.81402406630616,34.337442582065606],[-83.81385706721221,34.33757358084541],[-83.81339906760375,34.33782958163433],[-83.80880806619416,34.33736258092803],[-83.80865506694926,34.3375095820299],[-83.80637006512102,34.3389905826355],[-83.80612206561182,34.33995558217025],[-83.8058420663454,34.34120258278236],[-83.80554806528978,34.342513582921896],[-83.80532506693977,34.34253358347917],[-83.80331406583403,34.343896582148446],[-83.80269306552785,34.34651058281205],[-83.8034610653998,34.349852583797876],[-83.80536206538125,34.35319258470937],[-83.80625606779115,34.35663858505306],[-83.80399406551497,34.35821158440004],[-83.80389406528116,34.358215585842615],[-83.80172606615837,34.358321586528206],[-83.79932706519405,34.35696858618874],[-83.79679406225792,34.353003585734704],[-83.7950220629859,34.350813586345055],[-83.79446406381618,34.35064658420514],[-83.79458306547346,34.3501575846986],[-83.79382306411937,34.34985358429202],[-83.79244306324605,34.349888584672186],[-83.79225306259191,34.34993958578892],[-83.79015306268887,34.35085458613398],[-83.78851006166443,34.35210358513464],[-83.78701006093317,34.35349658622838],[-83.785658062793,34.35442858622595],[-83.78536606196047,34.35469458636676],[-83.78325205945127,34.35662158784476],[-83.78103506122606,34.35854758643728],[-83.78100805956964,34.35856558579327],[-83.77881105986954,34.36010458851457],[-83.77857006051131,34.36028958683085],[-83.77808805859016,34.360659588312465],[-83.77750805752284,34.361062586315946],[-83.77689805986101,34.36148758867955],[-83.77686706076564,34.36151058615477],[-83.77641205835862,34.361811588400734],[-83.77373605682868,34.363912589089196],[-83.77275905711856,34.364722589553466],[-83.7718170570099,34.36621058959153],[-83.77070705846162,34.367414589087474],[-83.76750405585346,34.37199459150518],[-83.76632105635059,34.37190959184722],[-83.7632210564491,34.37084859074181],[-83.76150505490885,34.3704025901459],[-83.76019005429512,34.369864590170096],[-83.75860905262628,34.37045159136921],[-83.75782205342836,34.370599591146096],[-83.75692505151974,34.37093459036937],[-83.75620005522094,34.37170458942232],[-83.75570305248719,34.371968591055655],[-83.75448205338469,34.37284159136952],[-83.75439305329903,34.373600590196865],[-83.75442705203726,34.374004591014796],[-83.75459605273275,34.375055593282106],[-83.75470405449201,34.37572059343262],[-83.75345105155998,34.37685859148037],[-83.75273105342227,34.37701459178983],[-83.75194405261168,34.37722559112736],[-83.7511570533791,34.37704159324063],[-83.75003805129879,34.37695059303892],[-83.74905205168447,34.376922591994294],[-83.74725605100252,34.377005590856555],[-83.74568305052523,34.37793259221466],[-83.74460805115208,34.37851059221939],[-83.74365504911317,34.378546592632404],[-83.74284504965547,34.37840959344355],[-83.74212504926372,34.37838159193711],[-83.74098405096774,34.37740859366424],[-83.73932105028186,34.37696459263726],[-83.73823604725602,34.377007591776724],[-83.73723204826956,34.377483593003255],[-83.7366240489594,34.37800259302067],[-83.73528204782227,34.380351593206605],[-83.73558804843312,34.3815015949043],[-83.73613904929334,34.38361759419821],[-83.73656204932388,34.38536559437862],[-83.7354420495952,34.3879545953992],[-83.7343670474478,34.389276595804986],[-83.73299004794714,34.39009459488057],[-83.73347604684855,34.390197594352685],[-83.73626104867435,34.39015959472572],[-83.73799004842014,34.391099593961044],[-83.7388560512551,34.39223659504795],[-83.73913505068275,34.393764597267605],[-83.73852504836674,34.39496559584638],[-83.73827905020207,34.395364596655924],[-83.73831404950842,34.39555659697487],[-83.73866604894262,34.396075595871324],[-83.73908805123295,34.39703359679305],[-83.73940505081022,34.39731959706725],[-83.74103604980324,34.39807959763387],[-83.74180005034773,34.3982675963324],[-83.74261205076273,34.398304597596],[-83.74321005047692,34.39842459653866],[-83.7446240510916,34.399006596781184],[-83.74498905226713,34.39908759867005],[-83.74532205320143,34.399236596264984],[-83.74612005356074,34.39961559817988],[-83.74662105414286,34.399997598312865],[-83.7472190526172,34.400186597954466],[-83.7484330534053,34.40067359740742],[-83.74888205324507,34.40091859700443],[-83.74962905316502,34.40106459633634],[-83.74992905212554,34.401200597422616],[-83.75075805311836,34.40169159811117],[-83.75105505326357,34.40203059903066],[-83.75159905408377,34.40250159910749],[-83.75269905572762,34.40272459751477],[-83.75315705372908,34.4029175985374],[-83.75336905410013,34.40333459742195],[-83.75384305332624,34.40374359727828],[-83.75431605466343,34.404261598771484],[-83.75479305501212,34.404280597465466],[-83.75522005519255,34.40442259730888],[-83.75573105619283,34.40493459866497],[-83.75625905660976,34.40532659772069],[-83.7570210558339,34.405720598964315],[-83.75760305507728,34.40630959745865],[-83.75805105535467,34.40651459869965],[-83.75869905520176,34.40693959804542],[-83.75938005448285,34.40735059811965],[-83.75996105780361,34.407514598810145],[-83.76069205739772,34.40837760008144],[-83.76088905576768,34.40873859910275],[-83.76107505803584,34.409077599499625],[-83.76195505911957,34.40989959755717],[-83.76218805806447,34.410201597794476],[-83.76235505648538,34.411024599685824]]]},"properties":{"OBJECTID":"9","COUNTY_NAM":"HALL","PRECINCTNO":"19","NAME":"19-Whelchel","LOCATION":"RIVERBEND BAPTIST CHURCH - 1715 CLEVELAND HWY","PRECINCT":"WHELCHEL","MAPLABEL":"PRECINCT 19 - WHELCHEL","GlobalID":"{30EC4A96-23FC-42BB-88B3-CA2DDFE8E004}","EDITED_BY":"JBUDD","EDITED_DT":"2/7/20, 9:44 AM","created_user":"","created_date":"","Shape_Length":"127,544.42","Shape_Area":"466,898,565.52"},"id":9},{"type":"Feature","geometry":{"type":"Polygon","coordinates":[[[-83.82506208023514,34.46863560923811],[-83.8252780780143,34.46865860801205],[-83.8253850778461,34.468674609045166],[-83.82559607806179,34.46871960997857],[-83.82570007790382,34.46874660935019],[-83.8258180792613,34.46879060847705],[-83.8265080777148,34.469303608432746],[-83.82654107982187,34.469341607604264],[-83.82672507915655,34.46945760940012],[-83.82695508150003,34.46965660985441],[-83.82700808090192,34.46969860783913],[-83.82728507736607,34.46991760923682],[-83.82748307961442,34.47010960858067],[-83.82766208091387,34.4702356085702],[-83.82796907924781,34.47052260872768],[-83.82820007871405,34.470778609868965],[-83.82850408080144,34.47115060990069],[-83.82886708036716,34.47164360920437],[-83.82960708190478,34.472613609110624],[-83.82976608128575,34.472879609664034],[-83.82995008119697,34.473112609257505],[-83.83042308149622,34.47382261058614],[-83.83099208165005,34.47455260946119],[-83.8315490802077,34.47531761131162],[-83.83209208061648,34.47610461053176],[-83.83221008135287,34.476264608995145],[-83.83240507993983,34.476420608627535],[-83.83301908122449,34.47693960955049],[-83.83346008072068,34.47710960905191],[-83.83408508112535,34.47747861195557],[-83.83487708137139,34.477978609852606],[-83.83587808104907,34.478597609012866],[-83.83622608390695,34.47882561098954],[-83.83632908306488,34.478884609798094],[-83.83649708344501,34.47899961054801],[-83.83657408261263,34.47906261118995],[-83.83664708308001,34.4791306108747],[-83.83671408259546,34.47920061017075],[-83.83677708188868,34.47927461141183],[-83.83683408281563,34.47935161120053],[-83.83688608108902,34.479430610614656],[-83.83702108220709,34.47960561050712],[-83.83718508261097,34.479840609654325],[-83.83745508387534,34.480160609681334],[-83.8376830838495,34.48048261107383],[-83.83812208401424,34.480967609970435],[-83.8385010844698,34.48133761002878],[-83.83886708391985,34.48167161228744],[-83.83905208312783,34.48179961120099],[-83.8393930855795,34.48202261151541],[-83.83974308341915,34.48223761118603],[-83.84039508315537,34.48259361217983],[-83.84124208346387,34.483092611101945],[-83.8417980851258,34.48345160982591],[-83.84226108350252,34.483846611203504],[-83.84237608484098,34.483991609902645],[-83.84255908370133,34.4842226105266],[-83.84264908590993,34.48430461030792],[-83.84271608414495,34.48437561240284],[-83.84277708435734,34.484450611341195],[-83.84283208336933,34.484527610201134],[-83.84288108322995,34.484608611327566],[-83.8429230845738,34.484691610650174],[-83.84295908358392,34.48477661081473],[-83.8433810838758,34.485411611369415],[-83.84404308557687,34.48638161100602],[-83.84442908591255,34.48697761292587],[-83.84504808456335,34.487921612899655],[-83.8454080867425,34.488505612153034],[-83.8458130873581,34.488918613517015],[-83.84628708781399,34.48934361278778],[-83.84666008456696,34.48979961130714],[-83.84693408803975,34.49037061393669],[-83.84710608726563,34.4909026116489],[-83.8474700865861,34.491802614410894],[-83.84758008727593,34.4920416125463],[-83.84763608643756,34.49272561236803],[-83.847743086311,34.49413761473948],[-83.84774808632402,34.494250612861116],[-83.84944608771286,34.4931486139204],[-83.85516508746746,34.48943461288103],[-83.86099909131293,34.485667611895146],[-83.86185909033553,34.485110610576236],[-83.86271909242414,34.484552612331214],[-83.86272809096346,34.48454661058318],[-83.86719809351189,34.481656608792285],[-83.86739408986934,34.481530610976876],[-83.86779009255113,34.48127560852447],[-83.871077093686,34.47915061030253],[-83.87121409136121,34.479062608915456],[-83.87364809205631,34.47749060743365],[-83.87390509332283,34.47732360858805],[-83.87469309283797,34.47726160995393],[-83.87491009561265,34.4772446074925],[-83.87768809462247,34.47565060929584],[-83.8775960949403,34.4756266080203],[-83.87733509290914,34.47550960788889],[-83.87714309387607,34.47543760823286],[-83.8769620960487,34.47538160796903],[-83.87676009589036,34.47533460915935],[-83.87647609416189,34.4752846079329],[-83.87623209515054,34.475253608362344],[-83.87539709474981,34.475198608556546],[-83.87516309345983,34.47519260714739],[-83.87501009553347,34.47517960696683],[-83.87492009432741,34.475152608097666],[-83.87484009326825,34.47509060882405],[-83.87475109391627,34.47501260807904],[-83.87468909401206,34.4749136089168],[-83.87465109369482,34.47483660892489],[-83.87456709259821,34.474614606793814],[-83.87448009370104,34.474477607049906],[-83.87440109532774,34.47442460912878],[-83.8741910942278,34.47430960936069],[-83.87380909389412,34.474147607965456],[-83.87369109228992,34.47410360913375],[-83.8735680912613,34.47405760758268],[-83.87335809245339,34.47394160927597],[-83.87320809425204,34.47385360889326],[-83.87308809241124,34.47379160798463],[-83.87292609174686,34.47374460875651],[-83.87235909442043,34.473645608111724],[-83.87208509408065,34.47358860763419],[-83.87183209373724,34.47354760918297],[-83.87162909285733,34.473500607598766],[-83.87140709187001,34.47343560816643],[-83.8709540919696,34.47333260931042],[-83.87080509148007,34.473297607669984],[-83.87040109255412,34.4731856080165],[-83.87017909201172,34.47312960830873],[-83.87000809043174,34.47307460829225],[-83.86987609096413,34.4730456078146],[-83.86968309196376,34.47301560703348],[-83.86953209348215,34.473001607750625],[-83.86932809293462,34.472980606859984],[-83.86912409130511,34.472967607762584],[-83.86897209240003,34.472946608442314],[-83.86886209042949,34.472892607339794],[-83.86880309168923,34.47282360968519],[-83.86873609306097,34.472712608333005],[-83.868719091739,34.472601608921714],[-83.86876609078206,34.472450606969915],[-83.86890909132538,34.47216760890423],[-83.86903509197795,34.47197860880125],[-83.86938109312047,34.47149560728629],[-83.86971709201232,34.47106260643267],[-83.86993909358637,34.47072760747224],[-83.87014909348812,34.47035460847585],[-83.87021709109275,34.47014460634522],[-83.87024409115158,34.47006260841752],[-83.87041509245105,34.46961260777616],[-83.87053609071826,34.469377607736256],[-83.87058809073841,34.46920260797699],[-83.87061809131504,34.46904660642602],[-83.87063209205893,34.46878460715422],[-83.8705290914158,34.468506607777094],[-83.87041709061137,34.46829660740671],[-83.87023509296591,34.468106605737525],[-83.86995109111697,34.467997607372496],[-83.86962009106537,34.467889606656904],[-83.86903209262853,34.46778660791419],[-83.86843009049213,34.46761660697329],[-83.86822909216389,34.467544607396746],[-83.86800309019212,34.46743360852793],[-83.86778009300876,34.467399607013355],[-83.86745208941802,34.46738860714585],[-83.86706708936111,34.46741660833662],[-83.86678608980962,34.46739460578799],[-83.8663720916771,34.467258606019016],[-83.86600109214943,34.46700560760465],[-83.86576309178125,34.46686660634935],[-83.86551509078905,34.46679460740826],[-83.86466408889846,34.46686360758336],[-83.86388308951308,34.46692060794992],[-83.86300908972653,34.467008607371476],[-83.86234109044796,34.46695660638212],[-83.86191808878542,34.46687960611359],[-83.86135208975148,34.466747606265216],[-83.86096108941712,34.466601607790075],[-83.86054608861429,34.46640760723256],[-83.86020309045288,34.46628960601349],[-83.85990508859108,34.46614260576594],[-83.8596560902143,34.46601260576171],[-83.85947608824554,34.46588160754745],[-83.85931909070626,34.4657496066884],[-83.85919608997159,34.46556860814682],[-83.85913208750144,34.46538560772809],[-83.85905909012143,34.46496160615468],[-83.85894808812638,34.46410260634753],[-83.85889608698926,34.463609606934654],[-83.85906209020942,34.463425605779115],[-83.85911808963424,34.46334860747068],[-83.85916108951677,34.46326560728165],[-83.85919008985765,34.46317860685309],[-83.85920408741026,34.463089606011316],[-83.85919508966279,34.46293860732639],[-83.85919908725863,34.46275760532513],[-83.85919408948472,34.462487606842856],[-83.85916508875998,34.46207160524487],[-83.85916908921628,34.46189160665013],[-83.85918908778976,34.46171160681865],[-83.85922909005494,34.46151760484387],[-83.85929508838024,34.46106560522492],[-83.85953808716012,34.46060860679486],[-83.85984608746884,34.46008360486576],[-83.86020808797295,34.459534606617865],[-83.86044308926729,34.45922460545488],[-83.86067908915628,34.4589826065815],[-83.86089208910671,34.45884160438578],[-83.86064208822664,34.458701606503276],[-83.86044608958622,34.45862460572361],[-83.86004608667288,34.45848260620602],[-83.85969308895707,34.45837460635102],[-83.85947608739977,34.45836160456006],[-83.85920108798463,34.45833960602149],[-83.85901608813579,34.458234604145595],[-83.85871008670742,34.458009605736294],[-83.85861608964737,34.45792660667981],[-83.85845508972017,34.45780560512427],[-83.85830708813558,34.45767360658575],[-83.85817408974434,34.457530606252845],[-83.85805308727299,34.45737660379459],[-83.8580020875335,34.45729660406442],[-83.85794108737177,34.457222605015815],[-83.85786908615812,34.457155603924974],[-83.85778708738675,34.457095605111235],[-83.85769808700368,34.457043606027725],[-83.85755008861923,34.4569826045016],[-83.85745608873601,34.45693760575454],[-83.85735508920476,34.45690360616148],[-83.85725008701311,34.45688160409334],[-83.85714208928478,34.45687060587737],[-83.85703308776668,34.45687060392842],[-83.85692108608546,34.456884604361164],[-83.85681508553556,34.456863605519544],[-83.85671508768267,34.45682960433085],[-83.8566220884321,34.45678260423697],[-83.85652908747545,34.45671460427384],[-83.85645008552514,34.4566366046141],[-83.85597008604397,34.45609260414473],[-83.855832086904,34.45595360403896],[-83.85568308704654,34.455821604274654],[-83.85552508539887,34.455697603407195],[-83.85535808694613,34.45558260303651],[-83.85517308759793,34.45547160543398],[-83.85510108791321,34.45540460541296],[-83.85502408700464,34.45534060557989],[-83.85494308791235,34.45528060379381],[-83.85485808626326,34.455224604543496],[-83.85476908532515,34.455172606025876],[-83.85467608510622,34.4551246046262],[-83.85458108664295,34.45508160436054],[-83.85448208623167,34.455043605517176],[-83.85438108492913,34.45501160400102],[-83.8542770868444,34.454985603573284],[-83.85417108563594,34.4549656049631],[-83.85399908536495,34.454946603193015],[-83.85358708587191,34.45484360338595],[-83.85367308767268,34.4544836057692],[-83.85369808590559,34.454229604909095],[-83.85368108571261,34.4537226036614],[-83.85364608725068,34.45320260282024],[-83.85370308652176,34.452862604735834],[-83.85392008698541,34.45225260324774],[-83.85444308519503,34.45063460329737],[-83.85449908563913,34.45028060376023],[-83.85451108662714,34.449632603505904],[-83.85444808551084,34.44680360355984],[-83.85441808528562,34.446641602084334],[-83.85419808619541,34.44657660351111],[-83.85326808462588,34.4460966023331],[-83.85210608431959,34.44532960261778],[-83.85046308419938,34.44493460278896],[-83.84900208298974,34.44448260342086],[-83.8482380830535,34.44408560335845],[-83.84792508526704,34.443511602330084],[-83.84749008279934,34.442714602481345],[-83.84589508501286,34.44138560343509],[-83.84538008352895,34.440754603272175],[-83.84519608330605,34.44023360255288],[-83.84436608332753,34.4397406012737],[-83.8436340829679,34.4387806024319],[-83.84318608269095,34.438383602636236],[-83.84275608236635,34.438334601005884],[-83.84235608109849,34.43828860025981],[-83.84220708234574,34.43808260250477],[-83.84266908362382,34.437025602913245],[-83.8427510830048,34.43654460139984],[-83.84268408265885,34.43605060052969],[-83.84236908062134,34.435845601873005],[-83.84095808180936,34.43550360033567],[-83.83971308144791,34.43501160157031],[-83.83914908213308,34.43469660191391],[-83.83906607981588,34.43458660207752],[-83.83909807937962,34.434271601579276],[-83.8387660808691,34.433804601161526],[-83.83881508075092,34.43335160057222],[-83.83871508005114,34.4331736012916],[-83.83831708205766,34.43313360069392],[-83.83806808145567,34.43300960131326],[-83.83687107951232,34.43183160030751],[-83.836273081909,34.43110459875992],[-83.83511008021138,34.43043360086956],[-83.83444608129878,34.429624599936425],[-83.83376508024786,34.429488599761456],[-83.83341608029463,34.42915960033174],[-83.83251708029879,34.42896259856319],[-83.83217207690278,34.42888660117347],[-83.83130907942527,34.428942601622275],[-83.8304470775328,34.42921760031239],[-83.82990007664108,34.42953460035545],[-83.8295350780125,34.42958960099165],[-83.8292040763258,34.429466599829674],[-83.82888807919076,34.4291376019618],[-83.82858907597702,34.42901459915489],[-83.82465607491484,34.42811360136063],[-83.82430707696648,34.427771599948805],[-83.82392407617711,34.426975601036794],[-83.8228430757999,34.425467599987684],[-83.82194707726744,34.425276600100204],[-83.82153207610374,34.42500259991578],[-83.82093407677512,34.42439959937457],[-83.82032007521045,34.4243725997763],[-83.81987207668708,34.424194599760916],[-83.8197720738805,34.42379659868706],[-83.81933907278591,34.42307060034994],[-83.81933807501531,34.42261759942129],[-83.819537074372,34.42241159955209],[-83.82048307522618,34.422670600498435],[-83.82076507588118,34.42265660024584],[-83.82089807458632,34.42254660001995],[-83.82142707527508,34.42148959838597],[-83.82132707620963,34.42131059840743],[-83.82092807488502,34.42110559837304],[-83.82087807456558,34.42081759905604],[-83.82117607418736,34.420446598034054],[-83.8219380752199,34.419814597778775],[-83.82210307627541,34.41952559718685],[-83.82203707495387,34.41930659779148],[-83.82175407362448,34.41912859966385],[-83.82056007531162,34.41899259752741],[-83.82032707372215,34.41880059850102],[-83.82024407487515,34.41858159688],[-83.82024307309106,34.417908598374034],[-83.82045707554312,34.417194599098025],[-83.8206560766054,34.4169885989835],[-83.82123607478533,34.4169465985465],[-83.82143507495321,34.41685059758869],[-83.82151707660564,34.41641159804471],[-83.8213500764262,34.4155745978077],[-83.82136907401998,34.41530559692272],[-83.82139907616299,34.41487459789457],[-83.82172607587239,34.41234859673971],[-83.82170407530288,34.409301595519125],[-83.82152107545248,34.40908259549978],[-83.8208240727144,34.40880859707554],[-83.82021007489006,34.408384596384494],[-83.81949607355689,34.40819259552351],[-83.81916407389994,34.40789159628463],[-83.81869807352672,34.40724659526257],[-83.8180160743612,34.40599859445691],[-83.81763307482991,34.40510759642451],[-83.8174830728311,34.404476596719086],[-83.8174570720263,34.40443159616706],[-83.81678807298324,34.404446595213905],[-83.81594507382628,34.40449459552493],[-83.81540007426113,34.40458459573169],[-83.81477007321713,34.40476259512553],[-83.8138780733113,34.40501459572426],[-83.81329907081222,34.405196595025025],[-83.81278907200114,34.40537759482834],[-83.81207506995088,34.405574594498084],[-83.8115890699442,34.405675595283576],[-83.81110207109239,34.405765596759686],[-83.81043907003752,34.405837596454546],[-83.80977306956525,34.4058525964786],[-83.80918906951423,34.40587759545847],[-83.80807207131035,34.40580159703547],[-83.80708907038994,34.405666595983746],[-83.8066640682185,34.40557459459793],[-83.80610507054956,34.40550859713821],[-83.80517707108585,34.40542859706612],[-83.80429306978515,34.40524059765721],[-83.80398506739085,34.40515759562405],[-83.80358006987487,34.40505959430502],[-83.80202606864711,34.40472959650045],[-83.80125406859167,34.40458959670644],[-83.80062706701044,34.404558596673944],[-83.79995506876422,34.40457959550518],[-83.79842906645474,34.40468759531609],[-83.79822506753607,34.40469259509867],[-83.79800206816766,34.40470359663801],[-83.79764806644957,34.40468859671879],[-83.79685606617723,34.40460559714606],[-83.79673406854135,34.4045775947383],[-83.79649306784822,34.40452359736716],[-83.79608906834427,34.40441459696217],[-83.79532606642822,34.4041835966903],[-83.79506606789641,34.404111596995186],[-83.79477806607728,34.40404959642385],[-83.79439606747424,34.40401359583253],[-83.79398306543284,34.404040595849494],[-83.79250806679927,34.40427059537876],[-83.79192806543912,34.40439159482246],[-83.79142906561562,34.40452059605972],[-83.79127906464264,34.40456759554542],[-83.79091806536988,34.40467959550365],[-83.79053606659195,34.40484559517843],[-83.79020206667917,34.40501659804026],[-83.78996306536895,34.40519159612466],[-83.78954806405393,34.40558959634557],[-83.78904906341624,34.40613059741729],[-83.78870706350537,34.40645959683876],[-83.78822906537624,34.40692859718182],[-83.78805506532166,34.40709959667668],[-83.78736206424045,34.4078255976139],[-83.78684906462433,34.408355598438035],[-83.78655206578836,34.40859959669632],[-83.78619306353892,34.40884959867578],[-83.78578606287881,34.40907859900576],[-83.78541106530695,34.40925059778104],[-83.78467406236751,34.40957759846064],[-83.78326206263908,34.410257597636296],[-83.78294006468674,34.4103945978727],[-83.7826710646181,34.41047359717952],[-83.78246906200948,34.41052359688673],[-83.7822050619556,34.41055759809031],[-83.78188606338182,34.41057559986544],[-83.78169006248422,34.41055959728062],[-83.7815520633936,34.410549597426936],[-83.781306063321,34.41051559686488],[-83.78019306150799,34.41037759906211],[-83.77983206353633,34.410357598432356],[-83.7795470607942,34.41035859823193],[-83.77933006175576,34.41036959907443],[-83.77893706048447,34.410406597074],[-83.77834306100085,34.410538598143894],[-83.77721806013848,34.41084559884393],[-83.77669806195975,34.410947597474745],[-83.776207060329,34.4109855995168],[-83.77569906289996,34.410975597949914],[-83.77531805983634,34.41094559755882],[-83.77495706066196,34.410925596960254],[-83.77450005956895,34.41088459781742],[-83.77407806109635,34.410866597945585],[-83.77366206002847,34.41082459760209],[-83.773389061831,34.41080859848288],[-83.77307606034647,34.41079859790986],[-83.7722860599584,34.410749599206476],[-83.77168805965833,34.41075159969977],[-83.77098906087498,34.41077859796473],[-83.77024105993586,34.410784598547764],[-83.76994305827859,34.410807597552456],[-83.76969205914621,34.4108415994646],[-83.76938206093784,34.41091659852714],[-83.76889805755802,34.41109059955777],[-83.76740405968181,34.411755598132345],[-83.76620505774014,34.41227859867158],[-83.76499005930454,34.412759599103865],[-83.76500005803884,34.41316360059541],[-83.76484605840103,34.413382600368195],[-83.76483405670007,34.413399600289225],[-83.76463805905259,34.41363460051225],[-83.76439405710624,34.41386560013379],[-83.76417905757903,34.41401260056857],[-83.76235505648538,34.411024599685824],[-83.76218805806447,34.410201597794476],[-83.76195505911957,34.40989959755717],[-83.76107505803584,34.409077599499625],[-83.76088905576768,34.40873859910275],[-83.76069205739772,34.40837760008144],[-83.75996105780361,34.407514598810145],[-83.75938005448285,34.40735059811965],[-83.75869905520176,34.40693959804542],[-83.75805105535467,34.40651459869965],[-83.75760305507728,34.40630959745865],[-83.7570210558339,34.405720598964315],[-83.75625905660976,34.40532659772069],[-83.75573105619283,34.40493459866497],[-83.75522005519255,34.40442259730888],[-83.75479305501212,34.404280597465466],[-83.75431605466343,34.404261598771484],[-83.75384305332624,34.40374359727828],[-83.75336905410013,34.40333459742195],[-83.75315705372908,34.4029175985374],[-83.75269905572762,34.40272459751477],[-83.75159905408377,34.40250159910749],[-83.75105505326357,34.40203059903066],[-83.75075805311836,34.40169159811117],[-83.74992905212554,34.401200597422616],[-83.74962905316502,34.40106459633634],[-83.74888205324507,34.40091859700443],[-83.7484330534053,34.40067359740742],[-83.7472190526172,34.400186597954466],[-83.74662105414286,34.399997598312865],[-83.74612005356074,34.39961559817988],[-83.74532205320143,34.399236596264984],[-83.74498905226713,34.39908759867005],[-83.7446240510916,34.399006596781184],[-83.74321005047692,34.39842459653866],[-83.74261205076273,34.398304597596],[-83.74180005034773,34.3982675963324],[-83.74103604980324,34.39807959763387],[-83.73940505081022,34.39731959706725],[-83.73908805123295,34.39703359679305],[-83.73866604894262,34.396075595871324],[-83.73831404950842,34.39555659697487],[-83.73827905020207,34.395364596655924],[-83.73852504836674,34.39496559584638],[-83.73913505068275,34.393764597267605],[-83.7388560512551,34.39223659504795],[-83.73799004842014,34.391099593961044],[-83.73626104867435,34.39015959472572],[-83.73347604684855,34.390197594352685],[-83.73299004794714,34.39009459488057],[-83.73199604817651,34.39067959559637],[-83.72883504786344,34.396420596055556],[-83.72909204623812,34.3974075969087],[-83.72904804692527,34.39830659667348],[-83.72849004764198,34.39883659714838],[-83.7270790464505,34.39924559830461],[-83.72555504606603,34.39994659717275],[-83.72326304687344,34.40181159803337],[-83.7215860442741,34.40286959839738],[-83.72071404674443,34.40407059925858],[-83.72099104459059,34.40508860002051],[-83.72150404509755,34.405608599672846],[-83.72346604654133,34.40539259910488],[-83.72434904603632,34.40531859942962],[-83.72426004467972,34.40675960058921],[-83.72417204502625,34.407465601342906],[-83.72360104686007,34.4080245991625],[-83.72305904604917,34.40871859945939],[-83.72175604654512,34.409469601141545],[-83.72017004544287,34.409731600517844],[-83.71917904363848,34.40981259991333],[-83.71791204525712,34.41038759922255],[-83.71755504270007,34.41074260008344],[-83.71952104463138,34.41041860204593],[-83.71866404643491,34.41315260223039],[-83.72019404398695,34.41314960076539],[-83.72156704609911,34.41269260011558],[-83.72231304412843,34.412820600814456],[-83.72305904774332,34.41311259993065],[-83.72380504546051,34.41324160128205],[-83.7245520474159,34.413825600962674],[-83.7255340455649,34.41405159945809],[-83.72620004647632,34.41385460160956],[-83.7266310464944,34.41359360132013],[-83.72761204599136,34.41323460001639],[-83.7287870487334,34.41261460203764],[-83.72974804716632,34.41276260113559],[-83.73006504644269,34.413008601522925],[-83.73025004810326,34.4133086001528],[-83.73013604748837,34.41365259946672],[-83.72989304716285,34.41428460020138],[-83.72979804838313,34.41483360034725],[-83.7296530475769,34.41535560239722],[-83.72973604954554,34.41546560142728],[-83.72990104898827,34.41538260159911],[-83.73099004977134,34.414690601405205],[-83.73146604730424,34.41408460169735],[-83.7317460479245,34.41391859962666],[-83.73225904997707,34.413778602208666],[-83.73343104972147,34.413099600060015],[-83.7343720500621,34.4126835995445],[-83.7346410504789,34.41309359913107],[-83.73470905012158,34.413312599832125],[-83.73471504875585,34.41408059944615],[-83.73408205064125,34.41577160096316],[-83.73367304847844,34.416541600197746],[-83.7334670491239,34.41765360271139],[-83.73325405116348,34.418011601343345],[-83.73329005031458,34.418395601053184],[-83.7331460498866,34.41895860134753],[-83.73310204772861,34.41976860118381],[-83.73261404865177,34.42084060241028],[-83.73261704861315,34.42123860149668],[-83.73286904804796,34.421744603416414],[-83.73279104883169,34.42234860240906],[-83.73304305055399,34.42271760256718],[-83.73320905034385,34.42279960184205],[-83.73393905035455,34.42290560175611],[-83.73458705124675,34.42306660243353],[-83.73573205225985,34.4232116020848],[-83.73631405055416,34.423413602464194],[-83.73650905044619,34.42351060282905],[-83.73678004885332,34.423644602780634],[-83.73689805175064,34.42384960351826],[-83.73746805042236,34.424751604359294],[-83.73789005231953,34.425654602810134],[-83.738208049995,34.42607860447586],[-83.73826005116125,34.42637960221667],[-83.73862705251608,34.42663860419954],[-83.74010305211502,34.42671360231648],[-83.74048305203198,34.426628603696166],[-83.74125905291444,34.42624060251014],[-83.74162305181908,34.42611560330746],[-83.74207005064761,34.42608560441523],[-83.74228605224707,34.4261386034337],[-83.74233705145797,34.426303603535736],[-83.74225705162648,34.42659160282064],[-83.74245905124228,34.426947602596094],[-83.74244305315366,34.42709860357009],[-83.74208105217988,34.42747060427775],[-83.74190205239393,34.42778760226961],[-83.74132305115906,34.42802360445646],[-83.74110905202824,34.42816160307436],[-83.74058505064316,34.4290156041896],[-83.74053705233078,34.42915260228444],[-83.74057105078089,34.4293036040418],[-83.74073805042534,34.42943960388699],[-83.74095605046678,34.42972660302998],[-83.74153805103856,34.4299836028297],[-83.74182105202006,34.430188603265876],[-83.7419560536599,34.43040660338632],[-83.74205805104182,34.430831603467105],[-83.742343053943,34.43111860462817],[-83.74272505277075,34.43129460458963],[-83.74335605187395,34.431469604705136],[-83.74434005445697,34.43217760258118],[-83.74457305456323,34.43227260355176],[-83.7449880538107,34.43235260341196],[-83.7451880528297,34.43244760481553],[-83.74572105344896,34.43281460405828],[-83.74690305471736,34.43350760547637],[-83.74707005592447,34.433575604540124],[-83.74731805436426,34.43357460342136],[-83.74740005378241,34.43345060424363],[-83.74743005430112,34.43297060517471],[-83.74749505500641,34.432914602880395],[-83.747695055897,34.43294160536442],[-83.74777805582055,34.43300960414487],[-83.74821605420479,34.433843603959716],[-83.74868405458852,34.434335605627716],[-83.74896805462168,34.43471760303289],[-83.74991905534016,34.43538460398498],[-83.75015105497052,34.435562605543815],[-83.7507860560758,34.43643560335074],[-83.75121905549481,34.43682760532592],[-83.75217905693958,34.43731360447338],[-83.75285605748941,34.43750260532946],[-83.75310305558668,34.437825604817775],[-83.75350605554287,34.43786760349658],[-83.75393505653987,34.4380166050646],[-83.75434205464957,34.43830160527827],[-83.75483105638776,34.43870860472393],[-83.7556940579335,34.43874060655828],[-83.7564980572074,34.43898860477894],[-83.75694605655954,34.43896060529558],[-83.75744305825461,34.438739605059695],[-83.75775805818328,34.438739605803065],[-83.75824005640669,34.438821605026526],[-83.75843905843806,34.439040605691105],[-83.75853905931316,34.43961660533216],[-83.75917105714923,34.4403706054497],[-83.76016805944397,34.44101460569369],[-83.76038305921207,34.441028606358536],[-83.76058205903007,34.44090460487702],[-83.76063105729538,34.44027260447262],[-83.76082905981364,34.43999860410556],[-83.76255405976029,34.43962560617709],[-83.76305106051964,34.439638605354],[-83.76343305832248,34.43983060448893],[-83.7639970587437,34.439939603989295],[-83.76452905987087,34.44019960514801],[-83.76472805959482,34.440446605811324],[-83.76476205977055,34.44074860474887],[-83.76446406077407,34.440995605800296],[-83.76453106056083,34.44150360446247],[-83.76416605970157,34.441599605799844],[-83.76345405841091,34.4423006048593],[-83.76299106039662,34.44289160724192],[-83.7628750593325,34.44319360531263],[-83.76340705968936,34.443810605424524],[-83.76407106084913,34.44398760547973],[-83.76428706077701,34.44426160547574],[-83.76419105891084,34.444894606301425],[-83.76407406176844,34.44567560718238],[-83.7632110596475,34.44573160663633],[-83.76311205926211,34.446157606570246],[-83.76334505882578,34.44651360772817],[-83.76434205896277,34.44740460585845],[-83.76455805864313,34.44780260502024],[-83.76464305888176,34.44901060752313],[-83.76470805856586,34.44913360658288],[-83.76561905900293,34.44893960554183],[-83.76631406067018,34.44887460617122],[-83.76694105943417,34.448839606727226],[-83.76708706029369,34.44882960617491],[-83.76797706221298,34.44878060585414],[-83.76986606112955,34.448850607576645],[-83.7707490607825,34.44881660667032],[-83.7713270617941,34.44880260791658],[-83.77181706308276,34.448707607603595],[-83.77206206155222,34.448649605923706],[-83.77247506293715,34.44855160651316],[-83.77303006235942,34.44836960503957],[-83.77376606376146,34.44802260721779],[-83.77461306208937,34.44741160716277],[-83.77620806441061,34.44575560485053],[-83.77658906343783,34.44545060550223],[-83.7769930649133,34.44532960586149],[-83.77743206247189,34.44524860440052],[-83.77802506298599,34.445192605860264],[-83.77815606439235,34.445183605501995],[-83.77902506319903,34.44508560471255],[-83.77910706444256,34.44550660564538],[-83.77926006502959,34.44603860473297],[-83.77933506557977,34.446740604917196],[-83.77953906509704,34.447764605656396],[-83.77964406289085,34.448888605109865],[-83.779635064688,34.44912860567604],[-83.77948006565772,34.44959660523637],[-83.77932406313458,34.450008607142586],[-83.77930806324208,34.45013960545002],[-83.77928406569185,34.45034760756069],[-83.77929106498112,34.451051606017515],[-83.77934606391335,34.451618605826674],[-83.77975806411129,34.45180160553736],[-83.78033006642177,34.45214060668811],[-83.78122906589067,34.45258560637449],[-83.78167906552476,34.45284260573508],[-83.78192906663567,34.45318860608207],[-83.78225806546662,34.4538716066285],[-83.78257006516706,34.45456860885183],[-83.78278506632873,34.45490160619257],[-83.78299406444265,34.45505260699003],[-83.7831830645519,34.45511860813193],[-83.78337206472843,34.45517060615],[-83.78360906716647,34.455122606810434],[-83.78381206470777,34.45508860793817],[-83.78448806494505,34.45497560713824],[-83.78480206523064,34.45487060601023],[-83.7852610677314,34.45471860627839],[-83.7864100677666,34.453988607934576],[-83.78696706759776,34.45384860679174],[-83.7875970660906,34.45387660657222],[-83.78915606878122,34.45423560791758],[-83.79044006714246,34.45450160797341],[-83.79109306754943,34.4546986078623],[-83.79195607002285,34.455087608787764],[-83.79265306930827,34.4553686070748],[-83.79347306784321,34.45570060873025],[-83.79427706759978,34.45598960823623],[-83.79523106839301,34.456542608579056],[-83.79526306823108,34.456569607975354],[-83.79555006878714,34.45679360803564],[-83.79567907063267,34.45708660671774],[-83.79570606872431,34.457395606573414],[-83.79575407099584,34.45783160890533],[-83.79583006801606,34.458068608323636],[-83.79604106920921,34.45826160863359],[-83.79721407067888,34.45723460843013],[-83.79791407160158,34.45733160792338],[-83.79914007214862,34.457387605759365],[-83.79956706936336,34.4574256069171],[-83.80028307027123,34.45748860748025],[-83.80091007136,34.45743160758788],[-83.80155207185355,34.45730460803849],[-83.80207207259761,34.457080608040975],[-83.80247207314949,34.45684660814149],[-83.8027600705733,34.45659060667703],[-83.80314707273074,34.45718260808586],[-83.80379107214073,34.45814060630504],[-83.80381807248546,34.45834460659122],[-83.80385707169262,34.45858960609036],[-83.8038760719108,34.45892760755821],[-83.80381207375692,34.45927360643193],[-83.80347507109893,34.4614216067575],[-83.80339907147149,34.461826608314595],[-83.80297007182912,34.46411660954971],[-83.8026130709827,34.465110609994255],[-83.80232507126432,34.465652608230684],[-83.8018660725543,34.46626760851852],[-83.80170607124941,34.4664836093125],[-83.80084207156648,34.46758860858427],[-83.80030506988587,34.46831861118896],[-83.79999807175142,34.46880461021314],[-83.79976707222046,34.469514611042015],[-83.79959507071494,34.47060361079089],[-83.79947707005125,34.47178861111207],[-83.79947207155998,34.47207461047396],[-83.79948007339746,34.4723446112871],[-83.79950407123295,34.472523611275584],[-83.79954707176644,34.472700610103956],[-83.79960707104614,34.47287360931962],[-83.79968507288055,34.47304160939386],[-83.79978007258511,34.47320460998177],[-83.79998107247054,34.47363661064822],[-83.80007907302246,34.47389061114321],[-83.80016207072829,34.47415261015003],[-83.80022907055812,34.47441661124296],[-83.80028007127288,34.474683611552756],[-83.80030107247862,34.474850609989886],[-83.8003140712092,34.474952610085815],[-83.80050807287458,34.476159610878106],[-83.800777072854,34.4776036128635],[-83.80081107105876,34.47787961072638],[-83.80269007174137,34.47682761252015],[-83.80422907296709,34.47604561150555],[-83.80440707479259,34.47595861002202],[-83.80557207276868,34.47538661114285],[-83.80584107263581,34.47523461080305],[-83.80612107274942,34.47509461122782],[-83.8064090740171,34.47496661071515],[-83.80670407509973,34.474852612198625],[-83.80700707216192,34.474751611534025],[-83.80731207359716,34.474664610694745],[-83.80838907550077,34.474344609021195],[-83.81034907285509,34.473817611797095],[-83.81066207418276,34.47374060869692],[-83.81097907581047,34.473675609694126],[-83.81140607619379,34.47360760924384],[-83.81172907617712,34.47357060970094],[-83.81205407605489,34.47354561017004],[-83.81238007553901,34.473532609539404],[-83.81270707367669,34.47353160870032],[-83.81300607524089,34.47354061157318],[-83.81448507610543,34.473535610593615],[-83.81472407802207,34.473550610152564],[-83.8149150772224,34.47356860848756],[-83.81513007516243,34.473554611174386],[-83.8160490766093,34.47357560994297],[-83.81626507761071,34.47355261067407],[-83.81658707762269,34.47350660971117],[-83.81690407747845,34.47344360936881],[-83.81721707562019,34.47336560946336],[-83.81751907562142,34.47327360878583],[-83.81839207840798,34.472943610215566],[-83.81877807640905,34.47279360946316],[-83.81923107920058,34.472559610696514],[-83.8193460759686,34.47247061053921],[-83.8195600774334,34.472328610095026],[-83.81980407606545,34.47214961020359],[-83.82003507763474,34.47195860944148],[-83.82025207866631,34.47175661026121],[-83.82038807889941,34.47161560974636],[-83.82149307898982,34.47057660900489],[-83.8226310779334,34.46953560741815],[-83.82284607926745,34.46936160983896],[-83.82297507648276,34.469251607983814],[-83.82305407866613,34.46918960895066],[-83.82322307854405,34.469075608221374],[-83.82340107768017,34.46897260795682],[-83.82359007956602,34.46888260796291],[-83.82378607730712,34.468805609571305],[-83.82398907861787,34.468741607361395],[-83.82419807799499,34.46869161001728],[-83.82441208063615,34.46865560931412],[-83.82462807815881,34.468634610146715],[-83.82484507984236,34.46862760811603],[-83.82506208023514,34.46863560923811]]]},"properties":{"OBJECTID":"10","COUNTY_NAM":"HALL","PRECINCTNO":"15","NAME":"15-Quillians","LOCATION":"NORTH HALL COMMUNITY CENTER - 4175 NOPONE RD","PRECINCT":"QUILLIANS","MAPLABEL":"PRECINCT 15 - QUILLIANS","GlobalID":"{34E5268D-1DEA-4D5B-86A7-F1C082877740}","EDITED_BY":"JBUDD","EDITED_DT":"2/7/20, 9:44 AM","created_user":"","created_date":"","Shape_Length":"170,858.62","Shape_Area":"663,654,224.75"},"id":10},{"type":"Feature","geometry":{"type":"Polygon","coordinates":[[[-83.77564806752824,34.50476861698515],[-83.77670606486997,34.504786617859054],[-83.77770706515247,34.50480361944755],[-83.77767206837461,34.5079526180114],[-83.77766306664583,34.509095618445436],[-83.77765006825713,34.510127618378895],[-83.7776090672754,34.513702620660844],[-83.77796506813479,34.51371561907929],[-83.7780590678112,34.51371861914814],[-83.7806680672985,34.51381362061714],[-83.78079806898008,34.513818620153],[-83.78081606769977,34.51381961911188],[-83.78388006924213,34.513930620271275],[-83.78401107113933,34.51393561952309],[-83.78683906904477,34.514037621031996],[-83.78691107003392,34.51404061981613],[-83.78844307106397,34.514096618851035],[-83.78860807176885,34.51410261997316],[-83.78860807124838,34.51353461895045],[-83.78860907243251,34.51336961879487],[-83.78860907047616,34.51332061834615],[-83.78860907203034,34.513283620997086],[-83.78860607158246,34.513058619147834],[-83.78860507055252,34.5124606189253],[-83.78860507122438,34.51223861854174],[-83.78860607104886,34.51205462021368],[-83.78860806953143,34.51123061960867],[-83.78860807074247,34.511093618105164],[-83.7886080712746,34.51107661958446],[-83.78860807057087,34.51106061816228],[-83.7886050687188,34.510728619742025],[-83.78861306994627,34.508560618823594],[-83.78860806985675,34.507612619951814],[-83.78857207186964,34.50666861889896],[-83.78859906976459,34.50645961731335],[-83.78862207085746,34.506044618593684],[-83.78861807200069,34.50594161699608],[-83.78860907046563,34.50566561782575],[-83.78860007101929,34.50551361737147],[-83.78858607028732,34.505255618186325],[-83.78853406897818,34.50501461712237],[-83.78849207126866,34.50481661619992],[-83.78848306976255,34.504760616215954],[-83.79019906931775,34.5048266174933],[-83.79052907112987,34.504825617159035],[-83.79064207046136,34.504825618802585],[-83.79088207059502,34.50482561796226],[-83.79094006929328,34.504825617834605],[-83.79130007209216,34.50482661713839],[-83.79137707010919,34.504823616248345],[-83.79467307131335,34.50479261841308],[-83.79537907048245,34.50480161856993],[-83.79584907311873,34.504807618601646],[-83.79611907203913,34.50481161751574],[-83.80065007269563,34.50487361622398],[-83.8008050732428,34.50487561670555],[-83.80098407241873,34.504877617601224],[-83.81335507817428,34.50506061662221],[-83.81410007580739,34.50507161648909],[-83.81685407916235,34.505112617552385],[-83.8168570794181,34.505112615324194],[-83.8169050791833,34.50511361552153],[-83.82143108143269,34.505178616679125],[-83.82328508104959,34.505204615753016],[-83.82406808100248,34.50521661547582],[-83.82422508123697,34.505218616196665],[-83.82710508162543,34.50526161630727],[-83.8272120828973,34.5052636175627],[-83.82747108164273,34.50526761760652],[-83.82751508167527,34.50526861605449],[-83.82855808230407,34.50528361732343],[-83.82976908227054,34.505301617212716],[-83.83092508141864,34.50531861553415],[-83.83138308403174,34.50532561700525],[-83.83195408186161,34.50533361515297],[-83.8327580815941,34.50534761723871],[-83.83376208172407,34.5053616155327],[-83.83670108533462,34.505404616031676],[-83.84096808420716,34.50546661602303],[-83.84175108700148,34.5054776153193],[-83.8421250848304,34.50548361563011],[-83.84339908644102,34.505500614603214],[-83.84340508745458,34.50550161676832],[-83.84340908803652,34.5055006167248],[-83.84341708629415,34.504791614755604],[-83.84342408545392,34.5040996149485],[-83.84342608489844,34.503864616136696],[-83.84343808638683,34.50244961592092],[-83.84343808773664,34.50241061519938],[-83.84345108496943,34.50118861411361],[-83.84345808509995,34.50009661381042],[-83.84331908503476,34.49702861349714],[-83.84774808632402,34.494250612861116],[-83.847743086311,34.49413761473948],[-83.84763608643756,34.49272561236803],[-83.84758008727593,34.4920416125463],[-83.8474700865861,34.491802614410894],[-83.84710608726563,34.4909026116489],[-83.84693408803975,34.49037061393669],[-83.84666008456696,34.48979961130714],[-83.84628708781399,34.48934361278778],[-83.8458130873581,34.488918613517015],[-83.8454080867425,34.488505612153034],[-83.84504808456335,34.487921612899655],[-83.84442908591255,34.48697761292587],[-83.84404308557687,34.48638161100602],[-83.8433810838758,34.485411611369415],[-83.84295908358392,34.48477661081473],[-83.8429230845738,34.484691610650174],[-83.84288108322995,34.484608611327566],[-83.84283208336933,34.484527610201134],[-83.84277708435734,34.484450611341195],[-83.84271608414495,34.48437561240284],[-83.84264908590993,34.48430461030792],[-83.84255908370133,34.4842226105266],[-83.84237608484098,34.483991609902645],[-83.84226108350252,34.483846611203504],[-83.8417980851258,34.48345160982591],[-83.84124208346387,34.483092611101945],[-83.84039508315537,34.48259361217983],[-83.83974308341915,34.48223761118603],[-83.8393930855795,34.48202261151541],[-83.83905208312783,34.48179961120099],[-83.83886708391985,34.48167161228744],[-83.8385010844698,34.48133761002878],[-83.83812208401424,34.480967609970435],[-83.8376830838495,34.48048261107383],[-83.83745508387534,34.480160609681334],[-83.83718508261097,34.479840609654325],[-83.83702108220709,34.47960561050712],[-83.83688608108902,34.479430610614656],[-83.83683408281563,34.47935161120053],[-83.83677708188868,34.47927461141183],[-83.83671408259546,34.47920061017075],[-83.83664708308001,34.4791306108747],[-83.83657408261263,34.47906261118995],[-83.83649708344501,34.47899961054801],[-83.83632908306488,34.478884609798094],[-83.83622608390695,34.47882561098954],[-83.83587808104907,34.478597609012866],[-83.83487708137139,34.477978609852606],[-83.83408508112535,34.47747861195557],[-83.83346008072068,34.47710960905191],[-83.83301908122449,34.47693960955049],[-83.83240507993983,34.476420608627535],[-83.83221008135287,34.476264608995145],[-83.83209208061648,34.47610461053176],[-83.8315490802077,34.47531761131162],[-83.83099208165005,34.47455260946119],[-83.83042308149622,34.47382261058614],[-83.82995008119697,34.473112609257505],[-83.82976608128575,34.472879609664034],[-83.82960708190478,34.472613609110624],[-83.82886708036716,34.47164360920437],[-83.82850408080144,34.47115060990069],[-83.82820007871405,34.470778609868965],[-83.82796907924781,34.47052260872768],[-83.82766208091387,34.4702356085702],[-83.82748307961442,34.47010960858067],[-83.82728507736607,34.46991760923682],[-83.82700808090192,34.46969860783913],[-83.82695508150003,34.46965660985441],[-83.82672507915655,34.46945760940012],[-83.82654107982187,34.469341607604264],[-83.8265080777148,34.469303608432746],[-83.8258180792613,34.46879060847705],[-83.82570007790382,34.46874660935019],[-83.82559607806179,34.46871960997857],[-83.8253850778461,34.468674609045166],[-83.8252780780143,34.46865860801205],[-83.82506208023514,34.46863560923811],[-83.82484507984236,34.46862760811603],[-83.82462807815881,34.468634610146715],[-83.82441208063615,34.46865560931412],[-83.82419807799499,34.46869161001728],[-83.82398907861787,34.468741607361395],[-83.82378607730712,34.468805609571305],[-83.82359007956602,34.46888260796291],[-83.82340107768017,34.46897260795682],[-83.82322307854405,34.469075608221374],[-83.82305407866613,34.46918960895066],[-83.82297507648276,34.469251607983814],[-83.82284607926745,34.46936160983896],[-83.8226310779334,34.46953560741815],[-83.82149307898982,34.47057660900489],[-83.82038807889941,34.47161560974636],[-83.82025207866631,34.47175661026121],[-83.82003507763474,34.47195860944148],[-83.81980407606545,34.47214961020359],[-83.8195600774334,34.472328610095026],[-83.8193460759686,34.47247061053921],[-83.81923107920058,34.472559610696514],[-83.81877807640905,34.47279360946316],[-83.81839207840798,34.472943610215566],[-83.81751907562142,34.47327360878583],[-83.81721707562019,34.47336560946336],[-83.81690407747845,34.47344360936881],[-83.81658707762269,34.47350660971117],[-83.81626507761071,34.47355261067407],[-83.8160490766093,34.47357560994297],[-83.81513007516243,34.473554611174386],[-83.8149150772224,34.47356860848756],[-83.81472407802207,34.473550610152564],[-83.81448507610543,34.473535610593615],[-83.81300607524089,34.47354061157318],[-83.81270707367669,34.47353160870032],[-83.81238007553901,34.473532609539404],[-83.81205407605489,34.47354561017004],[-83.81172907617712,34.47357060970094],[-83.81140607619379,34.47360760924384],[-83.81097907581047,34.473675609694126],[-83.81066207418276,34.47374060869692],[-83.81034907285509,34.473817611797095],[-83.80838907550077,34.474344609021195],[-83.80731207359716,34.474664610694745],[-83.80700707216192,34.474751611534025],[-83.80670407509973,34.474852612198625],[-83.8064090740171,34.47496661071515],[-83.80612107274942,34.47509461122782],[-83.80584107263581,34.47523461080305],[-83.80557207276868,34.47538661114285],[-83.80440707479259,34.47595861002202],[-83.80422907296709,34.47604561150555],[-83.80269007174137,34.47682761252015],[-83.80081107105876,34.47787961072638],[-83.800777072854,34.4776036128635],[-83.80050807287458,34.476159610878106],[-83.8003140712092,34.474952610085815],[-83.80030107247862,34.474850609989886],[-83.80028007127288,34.474683611552756],[-83.80022907055812,34.47441661124296],[-83.80016207072829,34.47415261015003],[-83.80007907302246,34.47389061114321],[-83.79998107247054,34.47363661064822],[-83.79978007258511,34.47320460998177],[-83.79968507288055,34.47304160939386],[-83.79960707104614,34.47287360931962],[-83.79954707176644,34.472700610103956],[-83.79950407123295,34.472523611275584],[-83.79948007339746,34.4723446112871],[-83.79947207155998,34.47207461047396],[-83.79947707005125,34.47178861111207],[-83.79959507071494,34.47060361079089],[-83.79976707222046,34.469514611042015],[-83.79999807175142,34.46880461021314],[-83.80030506988587,34.46831861118896],[-83.80084207156648,34.46758860858427],[-83.80170607124941,34.4664836093125],[-83.8018660725543,34.46626760851852],[-83.80232507126432,34.465652608230684],[-83.8026130709827,34.465110609994255],[-83.80297007182912,34.46411660954971],[-83.80339907147149,34.461826608314595],[-83.80347507109893,34.4614216067575],[-83.80381207375692,34.45927360643193],[-83.8038760719108,34.45892760755821],[-83.80385707169262,34.45858960609036],[-83.80381807248546,34.45834460659122],[-83.80379107214073,34.45814060630504],[-83.80314707273074,34.45718260808586],[-83.8027600705733,34.45659060667703],[-83.80247207314949,34.45684660814149],[-83.80207207259761,34.457080608040975],[-83.80155207185355,34.45730460803849],[-83.80091007136,34.45743160758788],[-83.80028307027123,34.45748860748025],[-83.79956706936336,34.4574256069171],[-83.79914007214862,34.457387605759365],[-83.79791407160158,34.45733160792338],[-83.79721407067888,34.45723460843013],[-83.79604106920921,34.45826160863359],[-83.79583006801606,34.458068608323636],[-83.79575407099584,34.45783160890533],[-83.79570606872431,34.457395606573414],[-83.79567907063267,34.45708660671774],[-83.79555006878714,34.45679360803564],[-83.79526306823108,34.456569607975354],[-83.79523106839301,34.456542608579056],[-83.79427706759978,34.45598960823623],[-83.79347306784321,34.45570060873025],[-83.79265306930827,34.4553686070748],[-83.79195607002285,34.455087608787764],[-83.79109306754943,34.4546986078623],[-83.79044006714246,34.45450160797341],[-83.78915606878122,34.45423560791758],[-83.7875970660906,34.45387660657222],[-83.78696706759776,34.45384860679174],[-83.7864100677666,34.453988607934576],[-83.7852610677314,34.45471860627839],[-83.78480206523064,34.45487060601023],[-83.78448806494505,34.45497560713824],[-83.78381206470777,34.45508860793817],[-83.78360906716647,34.455122606810434],[-83.78337206472843,34.45517060615],[-83.7831830645519,34.45511860813193],[-83.78299406444265,34.45505260699003],[-83.78278506632873,34.45490160619257],[-83.78257006516706,34.45456860885183],[-83.78225806546662,34.4538716066285],[-83.78192906663567,34.45318860608207],[-83.78167906552476,34.45284260573508],[-83.78122906589067,34.45258560637449],[-83.78033006642177,34.45214060668811],[-83.77975806411129,34.45180160553736],[-83.77934606391335,34.451618605826674],[-83.77929106498112,34.451051606017515],[-83.77928406569185,34.45034760756069],[-83.77930806324208,34.45013960545002],[-83.77932406313458,34.450008607142586],[-83.77948006565772,34.44959660523637],[-83.779635064688,34.44912860567604],[-83.77964406289085,34.448888605109865],[-83.77953906509704,34.447764605656396],[-83.77933506557977,34.446740604917196],[-83.77926006502959,34.44603860473297],[-83.77910706444256,34.44550660564538],[-83.77902506319903,34.44508560471255],[-83.77815606439235,34.445183605501995],[-83.77802506298599,34.445192605860264],[-83.77743206247189,34.44524860440052],[-83.7769930649133,34.44532960586149],[-83.77658906343783,34.44545060550223],[-83.77620806441061,34.44575560485053],[-83.77461306208937,34.44741160716277],[-83.77376606376146,34.44802260721779],[-83.77303006235942,34.44836960503957],[-83.77247506293715,34.44855160651316],[-83.77206206155222,34.448649605923706],[-83.77181706308276,34.448707607603595],[-83.7713270617941,34.44880260791658],[-83.7707490607825,34.44881660667032],[-83.76986606112955,34.448850607576645],[-83.76797706221298,34.44878060585414],[-83.76708706029369,34.44882960617491],[-83.76694105943417,34.448839606727226],[-83.76631406067018,34.44887460617122],[-83.76561905900293,34.44893960554183],[-83.76470805856586,34.44913360658288],[-83.76464305888176,34.44901060752313],[-83.76455805864313,34.44780260502024],[-83.76434205896277,34.44740460585845],[-83.76334505882578,34.44651360772817],[-83.76311205926211,34.446157606570246],[-83.7632110596475,34.44573160663633],[-83.76407406176844,34.44567560718238],[-83.76419105891084,34.444894606301425],[-83.76428706077701,34.44426160547574],[-83.76407106084913,34.44398760547973],[-83.76340705968936,34.443810605424524],[-83.7628750593325,34.44319360531263],[-83.76299106039662,34.44289160724192],[-83.76345405841091,34.4423006048593],[-83.76416605970157,34.441599605799844],[-83.76453106056083,34.44150360446247],[-83.76446406077407,34.440995605800296],[-83.76476205977055,34.44074860474887],[-83.76472805959482,34.440446605811324],[-83.76452905987087,34.44019960514801],[-83.7639970587437,34.439939603989295],[-83.76343305832248,34.43983060448893],[-83.76305106051964,34.439638605354],[-83.76255405976029,34.43962560617709],[-83.76082905981364,34.43999860410556],[-83.76063105729538,34.44027260447262],[-83.76058205903007,34.44090460487702],[-83.76038305921207,34.441028606358536],[-83.76016805944397,34.44101460569369],[-83.75917105714923,34.4403706054497],[-83.75853905931316,34.43961660533216],[-83.75843905843806,34.439040605691105],[-83.75824005640669,34.438821605026526],[-83.75775805818328,34.438739605803065],[-83.75744305825461,34.438739605059695],[-83.75694605655954,34.43896060529558],[-83.7564980572074,34.43898860477894],[-83.7556940579335,34.43874060655828],[-83.75483105638776,34.43870860472393],[-83.75434205464957,34.43830160527827],[-83.75393505653987,34.4380166050646],[-83.75350605554287,34.43786760349658],[-83.75310305558668,34.437825604817775],[-83.75285605748941,34.43750260532946],[-83.75217905693958,34.43731360447338],[-83.75121905549481,34.43682760532592],[-83.7507860560758,34.43643560335074],[-83.75015105497052,34.435562605543815],[-83.74991905534016,34.43538460398498],[-83.74896805462168,34.43471760303289],[-83.74868405458852,34.434335605627716],[-83.74821605420479,34.433843603959716],[-83.74777805582055,34.43300960414487],[-83.747695055897,34.43294160536442],[-83.74749505500641,34.432914602880395],[-83.74743005430112,34.43297060517471],[-83.74740005378241,34.43345060424363],[-83.74731805436426,34.43357460342136],[-83.74707005592447,34.433575604540124],[-83.74690305471736,34.43350760547637],[-83.74572105344896,34.43281460405828],[-83.7451880528297,34.43244760481553],[-83.7449880538107,34.43235260341196],[-83.74457305456323,34.43227260355176],[-83.74434005445697,34.43217760258118],[-83.74335605187395,34.431469604705136],[-83.74272505277075,34.43129460458963],[-83.742343053943,34.43111860462817],[-83.74205805104182,34.430831603467105],[-83.7419560536599,34.43040660338632],[-83.74182105202006,34.430188603265876],[-83.74153805103856,34.4299836028297],[-83.74095605046678,34.42972660302998],[-83.74073805042534,34.42943960388699],[-83.74057105078089,34.4293036040418],[-83.74053705233078,34.42915260228444],[-83.74058505064316,34.4290156041896],[-83.74110905202824,34.42816160307436],[-83.74132305115906,34.42802360445646],[-83.74190205239393,34.42778760226961],[-83.74208105217988,34.42747060427775],[-83.74244305315366,34.42709860357009],[-83.74245905124228,34.426947602596094],[-83.74225705162648,34.42659160282064],[-83.74233705145797,34.426303603535736],[-83.74228605224707,34.4261386034337],[-83.74207005064761,34.42608560441523],[-83.74162305181908,34.42611560330746],[-83.74125905291444,34.42624060251014],[-83.74048305203198,34.426628603696166],[-83.74010305211502,34.42671360231648],[-83.73862705251608,34.42663860419954],[-83.73826005116125,34.42637960221667],[-83.738208049995,34.42607860447586],[-83.73789005231953,34.425654602810134],[-83.73746805042236,34.424751604359294],[-83.73689805175064,34.42384960351826],[-83.73678004885332,34.423644602780634],[-83.73650905044619,34.42351060282905],[-83.73631405055416,34.423413602464194],[-83.73573205225985,34.4232116020848],[-83.73458705124675,34.42306660243353],[-83.73393905035455,34.42290560175611],[-83.73320905034385,34.42279960184205],[-83.73304305055399,34.42271760256718],[-83.73279104883169,34.42234860240906],[-83.73286904804796,34.421744603416414],[-83.73261704861315,34.42123860149668],[-83.73261404865177,34.42084060241028],[-83.73310204772861,34.41976860118381],[-83.7331460498866,34.41895860134753],[-83.73329005031458,34.418395601053184],[-83.73325405116348,34.418011601343345],[-83.7334670491239,34.41765360271139],[-83.73367304847844,34.416541600197746],[-83.73408205064125,34.41577160096316],[-83.73471504875585,34.41408059944615],[-83.73470905012158,34.413312599832125],[-83.7346410504789,34.41309359913107],[-83.7343720500621,34.4126835995445],[-83.73343104972147,34.413099600060015],[-83.73225904997707,34.413778602208666],[-83.7317460479245,34.41391859962666],[-83.73146604730424,34.41408460169735],[-83.73099004977134,34.414690601405205],[-83.72990104898827,34.41538260159911],[-83.72973604954554,34.41546560142728],[-83.7296530475769,34.41535560239722],[-83.72979804838313,34.41483360034725],[-83.72989304716285,34.41428460020138],[-83.73013604748837,34.41365259946672],[-83.73025004810326,34.4133086001528],[-83.73006504644269,34.413008601522925],[-83.72974804716632,34.41276260113559],[-83.7287870487334,34.41261460203764],[-83.72761204599136,34.41323460001639],[-83.7266310464944,34.41359360132013],[-83.72620004647632,34.41385460160956],[-83.7255340455649,34.41405159945809],[-83.7245520474159,34.413825600962674],[-83.72380504546051,34.41324160128205],[-83.72305904774332,34.41311259993065],[-83.72231304412843,34.412820600814456],[-83.72156704609911,34.41269260011558],[-83.72019404398695,34.41314960076539],[-83.71866404643491,34.41315260223039],[-83.71952104463138,34.41041860204593],[-83.71755504270007,34.41074260008344],[-83.7158740421161,34.412645600539044],[-83.71579504510137,34.41297460258168],[-83.71500204397135,34.41365760203268],[-83.71449704267769,34.41406660082826],[-83.71435304387681,34.414826602818444],[-83.71397704356833,34.415516601758036],[-83.71355004219221,34.41596160090404],[-83.712697042558,34.41625760216635],[-83.7127940423833,34.41630760147332],[-83.71134404266377,34.41672660276882],[-83.71077404158017,34.41617460181412],[-83.70937604296016,34.41406260066337],[-83.70889404359058,34.41367260020669],[-83.70839304140348,34.413267600588135],[-83.70605804073041,34.41338460032747],[-83.70088003908775,34.41838560433966],[-83.69816803945778,34.420641604537266],[-83.69825803921235,34.420937604018334],[-83.6983910402574,34.421374604383736],[-83.69878903919589,34.42268160405622],[-83.69903804074765,34.42400860324719],[-83.698549038394,34.42543760399729],[-83.69694904012209,34.42605260450426],[-83.69419503974844,34.426327604971874],[-83.69210303766877,34.42719860437936],[-83.69141803900287,34.42799560617243],[-83.69099103755006,34.42908260676895],[-83.69075803849204,34.43001260443991],[-83.69047503838576,34.43022660472852],[-83.69058803720307,34.43046160464132],[-83.69045803745396,34.43070760666711],[-83.6902680385146,34.43102860620778],[-83.6900600368085,34.4313426059823],[-83.68989303877147,34.43157160694383],[-83.68976503585938,34.431714607035076],[-83.68969303784012,34.43178260668856],[-83.68961803870523,34.43184660705063],[-83.68917103815373,34.43199660546989],[-83.68775403547843,34.432523605372054],[-83.68660603614926,34.43292660774399],[-83.68618103656026,34.43297560735891],[-83.68575003571043,34.4329756053904],[-83.68542703528118,34.432963607250436],[-83.6852130361347,34.43294060583019],[-83.68500103559163,34.43290760654702],[-83.68479203536302,34.43286260741802],[-83.68458803451678,34.43280860676819],[-83.68448303654681,34.43279060635363],[-83.68437503732542,34.43278460711703],[-83.68426703477272,34.432789605735024],[-83.68416203485502,34.43280660757148],[-83.68405903435819,34.43283560687169],[-83.68396403643587,34.43287560678551],[-83.68387303399942,34.43292560612169],[-83.68379203568468,34.43298460535945],[-83.68336403590544,34.43309760753252],[-83.6831810338181,34.433485607419286],[-83.68304503521885,34.43362260592981],[-83.68292503477558,34.43377160674336],[-83.68282303526219,34.43393060738271],[-83.68278003504558,34.434011607940306],[-83.68270703511283,34.4341796070533],[-83.68262003568427,34.43434360734257],[-83.68256803499413,34.43442260772354],[-83.6824490339371,34.43457060587257],[-83.68238103727144,34.43464160742344],[-83.68223203500541,34.434771606179375],[-83.68206903590507,34.43488560634675],[-83.6819800348549,34.43493760639332],[-83.68181203591922,34.43504960840363],[-83.68165403570839,34.43516960687922],[-83.6815060356941,34.43529960600046],[-83.68136803470013,34.43543660815875],[-83.68124203672828,34.43558160763355],[-83.6811280348611,34.435732606608774],[-83.68103103450521,34.43589260640726],[-83.68099003624113,34.43597560666342],[-83.68092403521625,34.436146608433496],[-83.68088003573877,34.436320607755334],[-83.6808660363834,34.43641060662859],[-83.68086803563612,34.436500605948595],[-83.6808810361386,34.4365896076857],[-83.68090803464182,34.43667760751294],[-83.6809470347696,34.43676060634958],[-83.68099903474445,34.4368406068754],[-83.68105903535466,34.436915607624705],[-83.68113103399455,34.43698360770049],[-83.6812110361557,34.437044607452016],[-83.681909034046,34.43761860737387],[-83.68213203724727,34.43781660780213],[-83.68234303602668,34.43802460619759],[-83.68253803577034,34.43824260664034],[-83.68271803567723,34.438469607035465],[-83.68296903709441,34.438764608515015],[-83.6831680368228,34.43897960899658],[-83.68344803663497,34.439256606684275],[-83.68364503699345,34.439473607125],[-83.68383203659037,34.43969560829623],[-83.68400303618294,34.439926608356274],[-83.68416103560983,34.44016360714557],[-83.68430503583824,34.44040660708335],[-83.68443803748104,34.44065360870425],[-83.68455703819694,34.44090460831994],[-83.6850500369963,34.44209860728557],[-83.68518403498904,34.442440607760545],[-83.68532603870665,34.44287560869803],[-83.68542403519136,34.44322660971604],[-83.68545903617904,34.44331260878952],[-83.6855010352976,34.44339560980657],[-83.68555003803546,34.443475607372505],[-83.6856070357314,34.44355260808391],[-83.68567103735057,34.44362560821819],[-83.68572603482484,34.443703609833356],[-83.68577403678769,34.44378360878018],[-83.68581403820453,34.44386760795286],[-83.6858480375955,34.44395360837939],[-83.68587303610543,34.444040609278176],[-83.68589103793349,34.444129608431176],[-83.68590003882993,34.444219608064714],[-83.68590203702023,34.444309609913596],[-83.68589603570182,34.44439960825561],[-83.68588203509967,34.44448860958817],[-83.68586003493276,34.44457760831104],[-83.68583103718973,34.44466360801964],[-83.68579303567067,34.444748608558925],[-83.68574903771388,34.44483060859972],[-83.68569703741305,34.44491060727058],[-83.68539003657236,34.44518160801446],[-83.68513103571043,34.44533960990776],[-83.68499503556858,34.44547460971791],[-83.68486703824037,34.44556860891515],[-83.68475803590405,34.44556860758408],[-83.68454303564951,34.44554060819669],[-83.68433003755872,34.44550660933952],[-83.68411903716807,34.44546360976413],[-83.68391003671333,34.44541161039133],[-83.68381303729285,34.44537160810454],[-83.68364003552001,34.44526261054131],[-83.68350403743537,34.445122607896494],[-83.68345203514527,34.44504360921513],[-83.68333903538145,34.44488960883604],[-83.68321703804419,34.44474060970447],[-83.68308503439252,34.44459660870602],[-83.68294503700105,34.4444596097902],[-83.68270303696607,34.44401760938421],[-83.68229503672697,34.44373760858082],[-83.68221903668079,34.44367260724489],[-83.68205203635382,34.44355760798764],[-83.68196103464784,34.44350860895181],[-83.6818660354621,34.44346460929157],[-83.68176703484473,34.44342760950933],[-83.68166503678353,34.443395609444224],[-83.68156103521466,34.44337060815016],[-83.68145403581607,34.44335160817421],[-83.68122903557405,34.44324960779113],[-83.68038303570908,34.44327261005975],[-83.67966003547208,34.44346460861931],[-83.6791180349074,34.44371460795681],[-83.67869003554608,34.4437766082585],[-83.67825803338904,34.44382060886587],[-83.67804403266867,34.44385160814259],[-83.67783203461855,34.44389260866928],[-83.67742003503758,34.44400660915113],[-83.67722003484313,34.444078609338156],[-83.67702603517925,34.444160607910526],[-83.67693403483702,34.444207608399765],[-83.67684503551398,34.44426060799623],[-83.67676103634889,34.44431660896776],[-83.67668103500107,34.44437860854849],[-83.67660603489513,34.44444360952713],[-83.67653703463465,34.44451261031896],[-83.67647303305918,34.44458561052649],[-83.67641503391974,34.44466160986182],[-83.67636203605404,34.44474060882656],[-83.67621403570149,34.44498160925207],[-83.67608003437162,34.44522860863231],[-83.67596003512378,34.44547961100687],[-83.67585503560474,34.44573561121849],[-83.67570003366826,34.44616760829735],[-83.67559303540855,34.4465166088946],[-83.6755790350677,34.44660660968044],[-83.6755770326858,34.44669660996996],[-83.67566303422474,34.4468766105044],[-83.67578103393568,34.44720361084161],[-83.67584103498412,34.44727861133472],[-83.67597603433966,34.44742160972643],[-83.6761290323602,34.447552609411105],[-83.67621203614094,34.44761261106528],[-83.67629803440161,34.447668609197144],[-83.67638103475305,34.447729610534715],[-83.67645803510226,34.447794610448085],[-83.67660003479706,34.44793261100931],[-83.67672203281765,34.44808361085149],[-83.67677503290173,34.44816260912181],[-83.67682303601852,34.44824360951139],[-83.67686503659928,34.44832661070231],[-83.67725503505605,34.448762610971016],[-83.67742003356157,34.44888261045391],[-83.6776000344922,34.44898861105481],[-83.67844903682624,34.44941461082867],[-83.67864003392144,34.44950660956344],[-83.67883703489724,34.44958861039768],[-83.6790410369592,34.449659611157045],[-83.67924903383306,34.44972060864908],[-83.67946303584831,34.44977061105244],[-83.67967903443146,34.44981061029485],[-83.6798970356416,34.449838611273734],[-83.68011203701174,34.449880611716615],[-83.68032303633738,34.449936609455975],[-83.68052803700624,34.45000561118663],[-83.6807250352348,34.45008860968795],[-83.68091303488542,34.450183609530974],[-83.68109203744552,34.450289610049474],[-83.68159803594743,34.45064161133487],[-83.68200703649187,34.45090961059765],[-83.68228003730687,34.4510346096526],[-83.68274903757998,34.45130861130569],[-83.68294703552488,34.45137561139882],[-83.68343903774517,34.45156560994426],[-83.68384603769566,34.451662612024364],[-83.68413303623288,34.45178061035396],[-83.68432103621727,34.451867609176595],[-83.68450103762001,34.45196461124685],[-83.68458603542607,34.45201861080363],[-83.68474903755059,34.45213461041819],[-83.6848990375223,34.452367611375195],[-83.68540403701837,34.45301161099649],[-83.68575403752516,34.45340261184461],[-83.68607303719018,34.45380260983186],[-83.68624203871035,34.45420361155642],[-83.6866360394581,34.45494361052738],[-83.68708203880834,34.455761610821035],[-83.68729003711277,34.456125612295736],[-83.68746903830176,34.45640561117346],[-83.68768603841339,34.45671761288206],[-83.68773303899731,34.456799610236764],[-83.68777303780283,34.4568826106087],[-83.68780603972581,34.45696861274444],[-83.68783103829279,34.45705661019157],[-83.68784603704447,34.45714361012692],[-83.68785203674614,34.457231610686506],[-83.68785103701663,34.457319610876816],[-83.68782503840708,34.45758561113289],[-83.6877700376249,34.45802861124701],[-83.68771303919559,34.45838161238658],[-83.68762803791367,34.458818611366326],[-83.68753703816226,34.45935761160717],[-83.68752803871901,34.459447611584466],[-83.68752803913104,34.45953861148449],[-83.68755303964852,34.45971761156192],[-83.687578038713,34.459805612631996],[-83.68761103721603,34.45989161116411],[-83.68765003844345,34.45997761157074],[-83.68767703821963,34.4600656114419],[-83.68769803971414,34.46015361304785],[-83.68771203995229,34.4602436120832],[-83.68771903725487,34.460333611627135],[-83.68771203793855,34.46051461121128],[-83.68769903990167,34.4606036119354],[-83.68767803940241,34.460693610862855],[-83.68760403864344,34.46095661181632],[-83.68754503941527,34.46122361215002],[-83.68748803756324,34.46139661375866],[-83.6874530403083,34.46148261261958],[-83.68736803723785,34.461649612813744],[-83.68732003878603,34.461729611379155],[-83.6871540390134,34.46196061160198],[-83.68694503705471,34.462276614225935],[-83.68679603734603,34.46251761383532],[-83.68630503943048,34.46321361232364],[-83.68620203641983,34.46330161271886],[-83.68568003801556,34.46403761163401],[-83.68556303729336,34.46418961363818],[-83.68543503881753,34.464335613940435],[-83.68529803834532,34.46447361263233],[-83.68522303651855,34.46453861321822],[-83.68515403716358,34.46460861391117],[-83.68509003730907,34.46468161295364],[-83.6850310369506,34.46475761215643],[-83.68493503838756,34.46491761271765],[-83.68489503895012,34.46500261289287],[-83.6848670383548,34.465089613987566],[-83.68485303730922,34.465178612176],[-83.68485003840998,34.46526861386973],[-83.68486003754144,34.465357613794296],[-83.68488403632699,34.46544861442167],[-83.68512003813943,34.465954612240374],[-83.68517703631112,34.4660316129389],[-83.68524903845766,34.46610161363327],[-83.68529303718209,34.46613361312507],[-83.6853940379095,34.466223615029904],[-83.68547803605931,34.466281612816296],[-83.68555703645116,34.466326613185764],[-83.68566303889119,34.46637761313683],[-83.68576203882091,34.466414613358154],[-83.6858650381775,34.46644361362601],[-83.68597103768037,34.466464614508325],[-83.68607903944299,34.46647661316605],[-83.68618703780083,34.46648161304902],[-83.68640504002143,34.46647861477154],[-83.68651303911676,34.46646961343084],[-83.68672704047461,34.46643761430535],[-83.68693603736997,34.46638761482073],[-83.6870380373654,34.46635561458786],[-83.68713703956021,34.466319612286526],[-83.6872350394231,34.46627861323625],[-83.68733603991623,34.46624661424208],[-83.68754504033762,34.46619661372466],[-83.68765203858835,34.46617961438477],[-83.68776003797059,34.46616761431497],[-83.68786803817305,34.46616061229916],[-83.68808603819048,34.466162614566436],[-83.68823403734788,34.46617761227426],[-83.68830103907815,34.46618661314101],[-83.6884050379887,34.46621261395197],[-83.68850503712098,34.46624961226034],[-83.68859803815415,34.46629561385967],[-83.68868303836572,34.466351612851305],[-83.68876003826072,34.466415613240734],[-83.68895603837794,34.466732614009885],[-83.6890090382943,34.46690761199497],[-83.68904504068976,34.4670846134777],[-83.68906403762301,34.4672646119401],[-83.68906603842044,34.4674446134067],[-83.6890500404683,34.46762461305879],[-83.68900104120198,34.467891613210575],[-83.68895303795618,34.46806761293701],[-83.68889403890398,34.46824061350625],[-83.68882403937985,34.46841161379173],[-83.6887430376575,34.46857861414933],[-83.68860204038003,34.46882261484873],[-83.68849603959318,34.468980614532185],[-83.688323038347,34.469209612452744],[-83.68819703845972,34.46935661322884],[-83.68802503785805,34.469537614774296],[-83.6879270402749,34.469638614691476],[-83.68773603845877,34.469857613470566],[-83.68755803843683,34.4700846153956],[-83.6873940398777,34.470318612913616],[-83.68734803796377,34.470399613583375],[-83.6873090389352,34.47048361588161],[-83.68727603837684,34.470569613362144],[-83.68725003991283,34.47065761447405],[-83.68723103870597,34.47074561327439],[-83.6872190374633,34.47083561480399],[-83.68721403678708,34.47092561404047],[-83.68721603776272,34.47101561549678],[-83.68723203907098,34.47119561408476],[-83.68728203792715,34.471643613597635],[-83.68734303941802,34.472052614088014],[-83.6873820393432,34.47226961459495],[-83.68739003781486,34.472358615397134],[-83.68739303842578,34.47253961414472],[-83.68738603943257,34.47262861383323],[-83.68735703814079,34.47280761368078],[-83.6873080400583,34.47298361410054],[-83.68727603996402,34.473069616366985],[-83.6868780371108,34.4739246163616],[-83.68657703803245,34.47429761603619],[-83.68636403934816,34.47460461553519],[-83.68613604037849,34.47491061536022],[-83.68577004000313,34.475358614342106],[-83.68510703797132,34.47618361581778],[-83.68497903646231,34.476329616161955],[-83.68484103748602,34.476468616164794],[-83.68469203948517,34.47660061454781],[-83.68453403711818,34.47672461662738],[-83.68436803742685,34.476840615524566],[-83.68410803828435,34.477004617011254],[-83.68349503833326,34.4773786159532],[-83.68341403638917,34.477438615015],[-83.68333803941862,34.4775036157231],[-83.68326903780853,34.47757261713622],[-83.68320603840642,34.47764661604641],[-83.68315003687957,34.477723615885424],[-83.68310103650691,34.47780361667582],[-83.68305903807654,34.47788761643342],[-83.68293203773376,34.47823161464529],[-83.6828820374662,34.47840761452231],[-83.68282503766729,34.47867361619858],[-83.68274503824772,34.47920961535578],[-83.68270903740692,34.479569617945316],[-83.68269403699404,34.47992961531483],[-83.68269803805713,34.48024461725721],[-83.68270403773575,34.480379617666166],[-83.68269603936199,34.48055961706126],[-83.68266703926845,34.48073861551269],[-83.68261803847955,34.48091461645431],[-83.68255003699481,34.481085615193884],[-83.68246303827873,34.48125061731584],[-83.68235803692866,34.4814076171905],[-83.68223503611986,34.48155661839056],[-83.68209903733606,34.48169761725276],[-83.68198703710667,34.481801618217126],[-83.68180103699596,34.48195961798745],[-83.68163903871796,34.4820806162042],[-83.68147003902492,34.482193617702926],[-83.68138203694652,34.482247616659684],[-83.68129003724918,34.482294616355],[-83.68119403890418,34.48233761619576],[-83.6810950362649,34.48237561671073],[-83.68099403784537,34.48240761848793],[-83.68089003735645,34.48243461823081],[-83.68078403896254,34.48245561651145],[-83.68067703630133,34.48247161798426],[-83.6805690363161,34.48248161655701],[-83.68046003681583,34.48248561852929],[-83.68024303905487,34.48248561779807],[-83.68002503712421,34.482495617960296],[-83.67980903799892,34.48251561656473],[-83.67959403814288,34.48254461883081],[-83.67904603852432,34.482906617306625],[-83.6789280378895,34.48307261643797],[-83.67891103656103,34.48316161609385],[-83.67890803784967,34.48334161614382],[-83.67891303601282,34.48343161865946],[-83.67892403637788,34.483521618082754],[-83.67896503888105,34.48369861670566],[-83.67899003846848,34.483773618095356],[-83.67902903642481,34.48387061788285],[-83.67922403618739,34.48429161824348],[-83.67958703631895,34.48504461687507],[-83.67969903631922,34.485298617284414],[-83.67981003841687,34.485600618720376],[-83.67991003682013,34.48590961722969],[-83.67997903628579,34.48617761915459],[-83.68000803640746,34.48635761676506],[-83.68001703845393,34.48653961818256],[-83.68000903827101,34.48672161769877],[-83.67998103580197,34.48690161727352],[-83.67993403766613,34.487077619487366],[-83.6798690374764,34.48725061816513],[-83.67966003693432,34.48748261664418],[-83.67934403717696,34.487921619366915],[-83.67926303761416,34.48798061752222],[-83.67909003713825,34.4880866171846],[-83.6789980362364,34.48813361867637],[-83.67884203641673,34.488205616708846],[-83.67856903804437,34.488442618240086],[-83.67821403612898,34.48861261906728],[-83.67753203564989,34.48896261865434],[-83.67711803640753,34.489237618391655],[-83.67667203785177,34.48972461748087],[-83.67646403488446,34.49002061898761],[-83.6764320363303,34.49016061929691],[-83.67637603737583,34.49036861912884],[-83.67634503592517,34.49045261809863],[-83.67627303783307,34.490619618466],[-83.6761870356803,34.4907796180334],[-83.67608503560653,34.49093561900002],[-83.67607203513417,34.491154620544705],[-83.67556703565737,34.491787618635975],[-83.67510303703828,34.49230661784342],[-83.67468003515114,34.492770619748526],[-83.67427103778314,34.49335762005766],[-83.6736020355263,34.49402262128154],[-83.6732200356497,34.49455462039895],[-83.67268903426539,34.49532362044351],[-83.67248403587656,34.495707619589766],[-83.67191103500433,34.49613662015625],[-83.67132403577511,34.49660062197705],[-83.67080803627093,34.49680662074341],[-83.67037103644375,34.49710561974117],[-83.67024703556075,34.4971856204875],[-83.66983903604932,34.497437620187945],[-83.66967703413735,34.497562621961265],[-83.66953303602429,34.497700620287],[-83.66940503640556,34.497850620786615],[-83.6691940354234,34.49817262175367],[-83.66905203608208,34.49841961971422],[-83.66888303356907,34.49875862010981],[-83.6685640346412,34.499439620387065],[-83.66831103489014,34.50001062122352],[-83.66820203331928,34.50027962033063],[-83.66812403516441,34.500474622482834],[-83.6679030345757,34.501088622729036],[-83.6677080346011,34.501576621015225],[-83.66751603563468,34.5020056221098],[-83.66739103623948,34.502257622387994],[-83.66725403608602,34.502508620548284],[-83.6671040336069,34.5027536215559],[-83.66693903533094,34.50299162281637],[-83.66676203319165,34.503223622790735],[-83.66652103534231,34.5035056211153],[-83.6664750334569,34.503560622061315],[-83.6664480344132,34.50358062296697],[-83.66640203468576,34.5036026204995],[-83.66641703556317,34.503604622024824],[-83.66667103575311,34.5036056211949],[-83.66677603468533,34.503606622422566],[-83.66983503536561,34.50363662334834],[-83.67047903514846,34.503642623050354],[-83.67146103676845,34.50365262230198],[-83.67233903609876,34.5036566232242],[-83.67260503512271,34.503657621641814],[-83.67570303840724,34.50368562204177],[-83.67578303650313,34.503686622343594],[-83.67585603782226,34.50368762243308],[-83.6763230366962,34.503691621605064],[-83.67675903920772,34.50369662072313],[-83.67681903727889,34.503696622384744],[-83.67688303701422,34.50369762092962],[-83.67696603967049,34.503698621683185],[-83.67703803805736,34.50369962155426],[-83.67705003658862,34.50369962095566],[-83.67763203617312,34.503704622262525],[-83.6779580360533,34.50370762249716],[-83.6786440397358,34.50371362095746],[-83.67897703975585,34.503716621191565],[-83.67899303815643,34.50371662194375],[-83.67900703934194,34.50371662283595],[-83.67979503762518,34.50372462122179],[-83.6808180391696,34.50373462029644],[-83.68087003862318,34.503734621517694],[-83.68324704060308,34.50375362053863],[-83.68400003843452,34.50376162099749],[-83.68496303924562,34.503769622774556],[-83.6856110415424,34.50377562160595],[-83.68619104166187,34.503781621854586],[-83.70101304506113,34.503912620275784],[-83.70134704349464,34.50391562104481],[-83.71673604920569,34.50401861966974],[-83.73125205329153,34.50418561973831],[-83.73233605451858,34.50419562030781],[-83.732470055476,34.50419662129765],[-83.73261205299757,34.50419761989793],[-83.74051905764563,34.50427061962945],[-83.74082605662679,34.50427361934364],[-83.74691305776722,34.5043246193716],[-83.75330106113978,34.50440661941044],[-83.75362405921042,34.5044126197822],[-83.7537010612101,34.5044136193423],[-83.75526705909976,34.504439618988506],[-83.75677106195538,34.5044636181637],[-83.75682206181342,34.50446461867175],[-83.7578130627549,34.50447961755112],[-83.75837406207681,34.5044896191845],[-83.75855706068272,34.504492618777846],[-83.75856806074884,34.50449261945985],[-83.76086306275158,34.50452961972457],[-83.76106306157864,34.50453361954703],[-83.76183506072064,34.50454761965173],[-83.76323406385217,34.504570619735986],[-83.76365406210337,34.50457761976292],[-83.76637906440276,34.50462061938113],[-83.77010906344579,34.50468061883711],[-83.7701940658145,34.504681619546176],[-83.77564806752824,34.50476861698515]]]},"properties":{"OBJECTID":"11","COUNTY_NAM":"HALL","PRECINCTNO":"14","NAME":"14-Clermont","LOCATION":"CHATTAHOOCHEE CENTER - 639 MAIN ST","PRECINCT":"CLERMONT","MAPLABEL":"PRECINCT 14 - CLERMONT","GlobalID":"{3C7A2601-4605-456F-944D-7A84A4B1A8D0}","EDITED_BY":"MLANE","EDITED_DT":"11/7/22, 2:53 PM","created_user":"","created_date":"","Shape_Length":"192,626.35","Shape_Area":"1,091,627,358.1"},"id":11},{"type":"Feature","geometry":{"type":"Polygon","coordinates":[[[-83.64290602711213,34.47036961475486],[-83.64291302501582,34.47037961666048],[-83.64610002708865,34.47496161826621],[-83.65285202830411,34.48440761972337],[-83.65339203169923,34.48516961969203],[-83.65675402933253,34.48985861906365],[-83.65972503170165,34.49406662169707],[-83.65976603044098,34.494124620815356],[-83.66052503025817,34.49518362086484],[-83.66131603056814,34.49630262215928],[-83.66371003354175,34.49968862132924],[-83.66398003550243,34.500074620496015],[-83.66398403510821,34.500080622244944],[-83.66399003562582,34.50008962171726],[-83.66624503338235,34.503371622717644],[-83.66640203468576,34.5036026204995],[-83.6664480344132,34.50358062296697],[-83.6664750334569,34.503560622061315],[-83.66652103534231,34.5035056211153],[-83.66676203319165,34.503223622790735],[-83.66693903533094,34.50299162281637],[-83.6671040336069,34.5027536215559],[-83.66725403608602,34.502508620548284],[-83.66739103623948,34.502257622387994],[-83.66751603563468,34.5020056221098],[-83.6677080346011,34.501576621015225],[-83.6679030345757,34.501088622729036],[-83.66812403516441,34.500474622482834],[-83.66820203331928,34.50027962033063],[-83.66831103489014,34.50001062122352],[-83.6685640346412,34.499439620387065],[-83.66888303356907,34.49875862010981],[-83.66905203608208,34.49841961971422],[-83.6691940354234,34.49817262175367],[-83.66940503640556,34.497850620786615],[-83.66953303602429,34.497700620287],[-83.66967703413735,34.497562621961265],[-83.66983903604932,34.497437620187945],[-83.67024703556075,34.4971856204875],[-83.67037103644375,34.49710561974117],[-83.67080803627093,34.49680662074341],[-83.67132403577511,34.49660062197705],[-83.67191103500433,34.49613662015625],[-83.67248403587656,34.495707619589766],[-83.67268903426539,34.49532362044351],[-83.6732200356497,34.49455462039895],[-83.6736020355263,34.49402262128154],[-83.67427103778314,34.49335762005766],[-83.67468003515114,34.492770619748526],[-83.67510303703828,34.49230661784342],[-83.67556703565737,34.491787618635975],[-83.67607203513417,34.491154620544705],[-83.67608503560653,34.49093561900002],[-83.6761870356803,34.4907796180334],[-83.67627303783307,34.490619618466],[-83.67634503592517,34.49045261809863],[-83.67637603737583,34.49036861912884],[-83.6764320363303,34.49016061929691],[-83.67646403488446,34.49002061898761],[-83.67667203785177,34.48972461748087],[-83.67711803640753,34.489237618391655],[-83.67753203564989,34.48896261865434],[-83.67821403612898,34.48861261906728],[-83.67856903804437,34.488442618240086],[-83.67884203641673,34.488205616708846],[-83.6789980362364,34.48813361867637],[-83.67909003713825,34.4880866171846],[-83.67926303761416,34.48798061752222],[-83.67934403717696,34.487921619366915],[-83.67966003693432,34.48748261664418],[-83.6798690374764,34.48725061816513],[-83.67993403766613,34.487077619487366],[-83.67998103580197,34.48690161727352],[-83.68000903827101,34.48672161769877],[-83.68001703845393,34.48653961818256],[-83.68000803640746,34.48635761676506],[-83.67997903628579,34.48617761915459],[-83.67991003682013,34.48590961722969],[-83.67981003841687,34.485600618720376],[-83.67969903631922,34.485298617284414],[-83.67958703631895,34.48504461687507],[-83.67922403618739,34.48429161824348],[-83.67902903642481,34.48387061788285],[-83.67899003846848,34.483773618095356],[-83.67896503888105,34.48369861670566],[-83.67892403637788,34.483521618082754],[-83.67891303601282,34.48343161865946],[-83.67890803784967,34.48334161614382],[-83.67891103656103,34.48316161609385],[-83.6789280378895,34.48307261643797],[-83.67904603852432,34.482906617306625],[-83.67959403814288,34.48254461883081],[-83.67980903799892,34.48251561656473],[-83.68002503712421,34.482495617960296],[-83.68024303905487,34.48248561779807],[-83.68046003681583,34.48248561852929],[-83.6805690363161,34.48248161655701],[-83.68067703630133,34.48247161798426],[-83.68078403896254,34.48245561651145],[-83.68089003735645,34.48243461823081],[-83.68099403784537,34.48240761848793],[-83.6810950362649,34.48237561671073],[-83.68119403890418,34.48233761619576],[-83.68129003724918,34.482294616355],[-83.68138203694652,34.482247616659684],[-83.68147003902492,34.482193617702926],[-83.68163903871796,34.4820806162042],[-83.68180103699596,34.48195961798745],[-83.68198703710667,34.481801618217126],[-83.68209903733606,34.48169761725276],[-83.68223503611986,34.48155661839056],[-83.68235803692866,34.4814076171905],[-83.68246303827873,34.48125061731584],[-83.68255003699481,34.481085615193884],[-83.68261803847955,34.48091461645431],[-83.68266703926845,34.48073861551269],[-83.68269603936199,34.48055961706126],[-83.68270403773575,34.480379617666166],[-83.68269803805713,34.48024461725721],[-83.68269403699404,34.47992961531483],[-83.68270903740692,34.479569617945316],[-83.68274503824772,34.47920961535578],[-83.68282503766729,34.47867361619858],[-83.6828820374662,34.47840761452231],[-83.68293203773376,34.47823161464529],[-83.68305903807654,34.47788761643342],[-83.68310103650691,34.47780361667582],[-83.68315003687957,34.477723615885424],[-83.68320603840642,34.47764661604641],[-83.68326903780853,34.47757261713622],[-83.68333803941862,34.4775036157231],[-83.68341403638917,34.477438615015],[-83.68349503833326,34.4773786159532],[-83.68410803828435,34.477004617011254],[-83.68436803742685,34.476840615524566],[-83.68453403711818,34.47672461662738],[-83.68469203948517,34.47660061454781],[-83.68484103748602,34.476468616164794],[-83.68497903646231,34.476329616161955],[-83.68510703797132,34.47618361581778],[-83.68577004000313,34.475358614342106],[-83.68613604037849,34.47491061536022],[-83.68636403934816,34.47460461553519],[-83.68657703803245,34.47429761603619],[-83.6868780371108,34.4739246163616],[-83.68727603996402,34.473069616366985],[-83.6873080400583,34.47298361410054],[-83.68735703814079,34.47280761368078],[-83.68738603943257,34.47262861383323],[-83.68739303842578,34.47253961414472],[-83.68739003781486,34.472358615397134],[-83.6873820393432,34.47226961459495],[-83.68734303941802,34.472052614088014],[-83.68728203792715,34.471643613597635],[-83.68723203907098,34.47119561408476],[-83.68721603776272,34.47101561549678],[-83.68721403678708,34.47092561404047],[-83.6872190374633,34.47083561480399],[-83.68723103870597,34.47074561327439],[-83.68725003991283,34.47065761447405],[-83.68727603837684,34.470569613362144],[-83.6873090389352,34.47048361588161],[-83.68734803796377,34.470399613583375],[-83.6873940398777,34.470318612913616],[-83.68755803843683,34.4700846153956],[-83.68773603845877,34.469857613470566],[-83.6879270402749,34.469638614691476],[-83.68802503785805,34.469537614774296],[-83.68819703845972,34.46935661322884],[-83.688323038347,34.469209612452744],[-83.68849603959318,34.468980614532185],[-83.68860204038003,34.46882261484873],[-83.6887430376575,34.46857861414933],[-83.68882403937985,34.46841161379173],[-83.68889403890398,34.46824061350625],[-83.68895303795618,34.46806761293701],[-83.68900104120198,34.467891613210575],[-83.6890500404683,34.46762461305879],[-83.68906603842044,34.4674446134067],[-83.68906403762301,34.4672646119401],[-83.68904504068976,34.4670846134777],[-83.6890090382943,34.46690761199497],[-83.68895603837794,34.466732614009885],[-83.68876003826072,34.466415613240734],[-83.68868303836572,34.466351612851305],[-83.68859803815415,34.46629561385967],[-83.68850503712098,34.46624961226034],[-83.6884050379887,34.46621261395197],[-83.68830103907815,34.46618661314101],[-83.68823403734788,34.46617761227426],[-83.68808603819048,34.466162614566436],[-83.68786803817305,34.46616061229916],[-83.68776003797059,34.46616761431497],[-83.68765203858835,34.46617961438477],[-83.68754504033762,34.46619661372466],[-83.68733603991623,34.46624661424208],[-83.6872350394231,34.46627861323625],[-83.68713703956021,34.466319612286526],[-83.6870380373654,34.46635561458786],[-83.68693603736997,34.46638761482073],[-83.68672704047461,34.46643761430535],[-83.68651303911676,34.46646961343084],[-83.68640504002143,34.46647861477154],[-83.68618703780083,34.46648161304902],[-83.68607903944299,34.46647661316605],[-83.68597103768037,34.466464614508325],[-83.6858650381775,34.46644361362601],[-83.68576203882091,34.466414613358154],[-83.68566303889119,34.46637761313683],[-83.68555703645116,34.466326613185764],[-83.68547803605931,34.466281612816296],[-83.6853940379095,34.466223615029904],[-83.68529303718209,34.46613361312507],[-83.68524903845766,34.46610161363327],[-83.68517703631112,34.4660316129389],[-83.68512003813943,34.465954612240374],[-83.68488403632699,34.46544861442167],[-83.68486003754144,34.465357613794296],[-83.68485003840998,34.46526861386973],[-83.68485303730922,34.465178612176],[-83.6848670383548,34.465089613987566],[-83.68489503895012,34.46500261289287],[-83.68493503838756,34.46491761271765],[-83.6850310369506,34.46475761215643],[-83.68509003730907,34.46468161295364],[-83.68515403716358,34.46460861391117],[-83.68522303651855,34.46453861321822],[-83.68529803834532,34.46447361263233],[-83.68543503881753,34.464335613940435],[-83.68556303729336,34.46418961363818],[-83.68568003801556,34.46403761163401],[-83.68620203641983,34.46330161271886],[-83.68630503943048,34.46321361232364],[-83.68679603734603,34.46251761383532],[-83.68694503705471,34.462276614225935],[-83.6871540390134,34.46196061160198],[-83.68732003878603,34.461729611379155],[-83.68736803723785,34.461649612813744],[-83.6874530403083,34.46148261261958],[-83.68748803756324,34.46139661375866],[-83.68754503941527,34.46122361215002],[-83.68760403864344,34.46095661181632],[-83.68767803940241,34.460693610862855],[-83.68769903990167,34.4606036119354],[-83.68771203793855,34.46051461121128],[-83.68771903725487,34.460333611627135],[-83.68771203995229,34.4602436120832],[-83.68769803971414,34.46015361304785],[-83.68767703821963,34.4600656114419],[-83.68765003844345,34.45997761157074],[-83.68761103721603,34.45989161116411],[-83.687578038713,34.459805612631996],[-83.68755303964852,34.45971761156192],[-83.68752803913104,34.45953861148449],[-83.68752803871901,34.459447611584466],[-83.68753703816226,34.45935761160717],[-83.68762803791367,34.458818611366326],[-83.68771303919559,34.45838161238658],[-83.6877700376249,34.45802861124701],[-83.68782503840708,34.45758561113289],[-83.68785103701663,34.457319610876816],[-83.68785203674614,34.457231610686506],[-83.68784603704447,34.45714361012692],[-83.68783103829279,34.45705661019157],[-83.68780603972581,34.45696861274444],[-83.68777303780283,34.4568826106087],[-83.68773303899731,34.456799610236764],[-83.68768603841339,34.45671761288206],[-83.68746903830176,34.45640561117346],[-83.68729003711277,34.456125612295736],[-83.68708203880834,34.455761610821035],[-83.6866360394581,34.45494361052738],[-83.68624203871035,34.45420361155642],[-83.68607303719018,34.45380260983186],[-83.68575403752516,34.45340261184461],[-83.68540403701837,34.45301161099649],[-83.6848990375223,34.452367611375195],[-83.68474903755059,34.45213461041819],[-83.68458603542607,34.45201861080363],[-83.68450103762001,34.45196461124685],[-83.68432103621727,34.451867609176595],[-83.68413303623288,34.45178061035396],[-83.68384603769566,34.451662612024364],[-83.68343903774517,34.45156560994426],[-83.68294703552488,34.45137561139882],[-83.68274903757998,34.45130861130569],[-83.68228003730687,34.4510346096526],[-83.68200703649187,34.45090961059765],[-83.68159803594743,34.45064161133487],[-83.68109203744552,34.450289610049474],[-83.68091303488542,34.450183609530974],[-83.6807250352348,34.45008860968795],[-83.68052803700624,34.45000561118663],[-83.68032303633738,34.449936609455975],[-83.68011203701174,34.449880611716615],[-83.6798970356416,34.449838611273734],[-83.67967903443146,34.44981061029485],[-83.67946303584831,34.44977061105244],[-83.67924903383306,34.44972060864908],[-83.6790410369592,34.449659611157045],[-83.67883703489724,34.44958861039768],[-83.67864003392144,34.44950660956344],[-83.67844903682624,34.44941461082867],[-83.6776000344922,34.44898861105481],[-83.67742003356157,34.44888261045391],[-83.67725503505605,34.448762610971016],[-83.67686503659928,34.44832661070231],[-83.67682303601852,34.44824360951139],[-83.67677503290173,34.44816260912181],[-83.67672203281765,34.44808361085149],[-83.67660003479706,34.44793261100931],[-83.67645803510226,34.447794610448085],[-83.67638103475305,34.447729610534715],[-83.67629803440161,34.447668609197144],[-83.67621203614094,34.44761261106528],[-83.6761290323602,34.447552609411105],[-83.67597603433966,34.44742160972643],[-83.67584103498412,34.44727861133472],[-83.67578103393568,34.44720361084161],[-83.67566303422474,34.4468766105044],[-83.6755770326858,34.44669660996996],[-83.6755790350677,34.44660660968044],[-83.67559303540855,34.4465166088946],[-83.67570003366826,34.44616760829735],[-83.67585503560474,34.44573561121849],[-83.67596003512378,34.44547961100687],[-83.67608003437162,34.44522860863231],[-83.67621403570149,34.44498160925207],[-83.67636203605404,34.44474060882656],[-83.67641503391974,34.44466160986182],[-83.67647303305918,34.44458561052649],[-83.67653703463465,34.44451261031896],[-83.67660603489513,34.44444360952713],[-83.67668103500107,34.44437860854849],[-83.67676103634889,34.44431660896776],[-83.67684503551398,34.44426060799623],[-83.67693403483702,34.444207608399765],[-83.67702603517925,34.444160607910526],[-83.67722003484313,34.444078609338156],[-83.67742003503758,34.44400660915113],[-83.67783203461855,34.44389260866928],[-83.67804403266867,34.44385160814259],[-83.67825803338904,34.44382060886587],[-83.67869003554608,34.4437766082585],[-83.6791180349074,34.44371460795681],[-83.67966003547208,34.44346460861931],[-83.68038303570908,34.44327261005975],[-83.68122903557405,34.44324960779113],[-83.68145403581607,34.44335160817421],[-83.68156103521466,34.44337060815016],[-83.68166503678353,34.443395609444224],[-83.68176703484473,34.44342760950933],[-83.6818660354621,34.44346460929157],[-83.68196103464784,34.44350860895181],[-83.68205203635382,34.44355760798764],[-83.68221903668079,34.44367260724489],[-83.68229503672697,34.44373760858082],[-83.68270303696607,34.44401760938421],[-83.68294503700105,34.4444596097902],[-83.68308503439252,34.44459660870602],[-83.68321703804419,34.44474060970447],[-83.68333903538145,34.44488960883604],[-83.68345203514527,34.44504360921513],[-83.68350403743537,34.445122607896494],[-83.68364003552001,34.44526261054131],[-83.68381303729285,34.44537160810454],[-83.68391003671333,34.44541161039133],[-83.68411903716807,34.44546360976413],[-83.68433003755872,34.44550660933952],[-83.68454303564951,34.44554060819669],[-83.68475803590405,34.44556860758408],[-83.68486703824037,34.44556860891515],[-83.68499503556858,34.44547460971791],[-83.68513103571043,34.44533960990776],[-83.68539003657236,34.44518160801446],[-83.68569703741305,34.44491060727058],[-83.68574903771388,34.44483060859972],[-83.68579303567067,34.444748608558925],[-83.68583103718973,34.44466360801964],[-83.68586003493276,34.44457760831104],[-83.68588203509967,34.44448860958817],[-83.68589603570182,34.44439960825561],[-83.68590203702023,34.444309609913596],[-83.68590003882993,34.444219608064714],[-83.68589103793349,34.444129608431176],[-83.68587303610543,34.444040609278176],[-83.6858480375955,34.44395360837939],[-83.68581403820453,34.44386760795286],[-83.68577403678769,34.44378360878018],[-83.68572603482484,34.443703609833356],[-83.68567103735057,34.44362560821819],[-83.6856070357314,34.44355260808391],[-83.68555003803546,34.443475607372505],[-83.6855010352976,34.44339560980657],[-83.68545903617904,34.44331260878952],[-83.68542403519136,34.44322660971604],[-83.68532603870665,34.44287560869803],[-83.68518403498904,34.442440607760545],[-83.6850500369963,34.44209860728557],[-83.68455703819694,34.44090460831994],[-83.68443803748104,34.44065360870425],[-83.68430503583824,34.44040660708335],[-83.68416103560983,34.44016360714557],[-83.68400303618294,34.439926608356274],[-83.68383203659037,34.43969560829623],[-83.68364503699345,34.439473607125],[-83.68344803663497,34.439256606684275],[-83.6831680368228,34.43897960899658],[-83.68296903709441,34.438764608515015],[-83.68271803567723,34.438469607035465],[-83.68253803577034,34.43824260664034],[-83.68234303602668,34.43802460619759],[-83.68213203724727,34.43781660780213],[-83.681909034046,34.43761860737387],[-83.6812110361557,34.437044607452016],[-83.68113103399455,34.43698360770049],[-83.68105903535466,34.436915607624705],[-83.68099903474445,34.4368406068754],[-83.6809470347696,34.43676060634958],[-83.68090803464182,34.43667760751294],[-83.6808810361386,34.4365896076857],[-83.68086803563612,34.436500605948595],[-83.6808660363834,34.43641060662859],[-83.68088003573877,34.436320607755334],[-83.68092403521625,34.436146608433496],[-83.68099003624113,34.43597560666342],[-83.68103103450521,34.43589260640726],[-83.6811280348611,34.435732606608774],[-83.68124203672828,34.43558160763355],[-83.68136803470013,34.43543660815875],[-83.6815060356941,34.43529960600046],[-83.68165403570839,34.43516960687922],[-83.68181203591922,34.43504960840363],[-83.6819800348549,34.43493760639332],[-83.68206903590507,34.43488560634675],[-83.68223203500541,34.434771606179375],[-83.68238103727144,34.43464160742344],[-83.6824490339371,34.43457060587257],[-83.68256803499413,34.43442260772354],[-83.68262003568427,34.43434360734257],[-83.68270703511283,34.4341796070533],[-83.68278003504558,34.434011607940306],[-83.68282303526219,34.43393060738271],[-83.68292503477558,34.43377160674336],[-83.68304503521885,34.43362260592981],[-83.6831810338181,34.433485607419286],[-83.68336403590544,34.43309760753252],[-83.68379203568468,34.43298460535945],[-83.68387303399942,34.43292560612169],[-83.68396403643587,34.43287560678551],[-83.68405903435819,34.43283560687169],[-83.68416203485502,34.43280660757148],[-83.68426703477272,34.432789605735024],[-83.68437503732542,34.43278460711703],[-83.68448303654681,34.43279060635363],[-83.68458803451678,34.43280860676819],[-83.68479203536302,34.43286260741802],[-83.68500103559163,34.43290760654702],[-83.6852130361347,34.43294060583019],[-83.68542703528118,34.432963607250436],[-83.68575003571043,34.4329756053904],[-83.68618103656026,34.43297560735891],[-83.68660603614926,34.43292660774399],[-83.68775403547843,34.432523605372054],[-83.68917103815373,34.43199660546989],[-83.68961803870523,34.43184660705063],[-83.68969303784012,34.43178260668856],[-83.68976503585938,34.431714607035076],[-83.68989303877147,34.43157160694383],[-83.6900600368085,34.4313426059823],[-83.6902680385146,34.43102860620778],[-83.69045803745396,34.43070760666711],[-83.69058803720307,34.43046160464132],[-83.69047503838576,34.43022660472852],[-83.69075803849204,34.43001260443991],[-83.69099103755006,34.42908260676895],[-83.69141803900287,34.42799560617243],[-83.69210303766877,34.42719860437936],[-83.69419503974844,34.426327604971874],[-83.69694904012209,34.42605260450426],[-83.698549038394,34.42543760399729],[-83.69903804074765,34.42400860324719],[-83.69878903919589,34.42268160405622],[-83.6983910402574,34.421374604383736],[-83.69825803921235,34.420937604018334],[-83.69816803945778,34.420641604537266],[-83.70088003908775,34.41838560433966],[-83.70605804073041,34.41338460032747],[-83.70839304140348,34.413267600588135],[-83.70889404359058,34.41367260020669],[-83.70937604296016,34.41406260066337],[-83.71077404158017,34.41617460181412],[-83.71134404266377,34.41672660276882],[-83.7127940423833,34.41630760147332],[-83.712697042558,34.41625760216635],[-83.71355004219221,34.41596160090404],[-83.71397704356833,34.415516601758036],[-83.71435304387681,34.414826602818444],[-83.71449704267769,34.41406660082826],[-83.71500204397135,34.41365760203268],[-83.71579504510137,34.41297460258168],[-83.7158740421161,34.412645600539044],[-83.71755504270007,34.41074260008344],[-83.71791204525712,34.41038759922255],[-83.71917904363848,34.40981259991333],[-83.72017004544287,34.409731600517844],[-83.72175604654512,34.409469601141545],[-83.72305904604917,34.40871859945939],[-83.72360104686007,34.4080245991625],[-83.72417204502625,34.407465601342906],[-83.72426004467972,34.40675960058921],[-83.72434904603632,34.40531859942962],[-83.72346604654133,34.40539259910488],[-83.72150404509755,34.405608599672846],[-83.72099104459059,34.40508860002051],[-83.72071404674443,34.40407059925858],[-83.7215860442741,34.40286959839738],[-83.72326304687344,34.40181159803337],[-83.72555504606603,34.39994659717275],[-83.7270790464505,34.39924559830461],[-83.72849004764198,34.39883659714838],[-83.72904804692527,34.39830659667348],[-83.72909204623812,34.3974075969087],[-83.72883504786344,34.396420596055556],[-83.73199604817651,34.39067959559637],[-83.73299004794714,34.39009459488057],[-83.7343670474478,34.389276595804986],[-83.7354420495952,34.3879545953992],[-83.73656204932388,34.38536559437862],[-83.73613904929334,34.38361759419821],[-83.73558804843312,34.3815015949043],[-83.73528204782227,34.380351593206605],[-83.7366240489594,34.37800259302067],[-83.73723204826956,34.377483593003255],[-83.73823604725602,34.377007591776724],[-83.73932105028186,34.37696459263726],[-83.74098405096774,34.37740859366424],[-83.74212504926372,34.37838159193711],[-83.74218105006571,34.37810659225565],[-83.7421010478557,34.37763259253723],[-83.7422250508197,34.37699759173083],[-83.74233405081185,34.37673859352742],[-83.74314405036013,34.37622959337362],[-83.74318605138708,34.37618959146796],[-83.74322305052195,34.376130591756436],[-83.74324905047868,34.37606459305585],[-83.74329905022209,34.37585359156102],[-83.74338604979117,34.37560559277954],[-83.74345705090123,34.375512592046434],[-83.74349905021772,34.375397593068904],[-83.74351805099013,34.37530059258867],[-83.7435290505912,34.37521559211848],[-83.7435470494253,34.37500559326882],[-83.74356904955872,34.37486759309764],[-83.7438440504944,34.37402659241658],[-83.74384904916818,34.373921590846415],[-83.74381804965108,34.37379159093262],[-83.74378004953701,34.3736945917781],[-83.74369205022757,34.37352759147987],[-83.74362304822421,34.3734205914343],[-83.7435700492659,34.373358591125296],[-83.74347004911402,34.37330659154268],[-83.74344504881685,34.3733015916055],[-83.74338404782142,34.373288592054784],[-83.74318905048338,34.373283591833264],[-83.74293504947234,34.37327059216886],[-83.74281204945244,34.373241592295315],[-83.74273104850744,34.37319259067279],[-83.7426650513852,34.37311359205842],[-83.74249404815215,34.37275159118919],[-83.74224604977636,34.37232359231744],[-83.7419960499787,34.37195959207688],[-83.74193704818983,34.371889591439114],[-83.74183704832602,34.37178359171501],[-83.74181905013033,34.37155559197445],[-83.74180005012676,34.37139359179954],[-83.74179504983759,34.37125359044719],[-83.74182104792713,34.371116590696076],[-83.74185204964793,34.371038590929295],[-83.74192004880855,34.370934591500664],[-83.74200505018075,34.37081559230118],[-83.7420770506521,34.37072959184371],[-83.74213004986305,34.370682590846414],[-83.74246604963446,34.370495591653],[-83.74253705010821,34.37045059031262],[-83.7426040486345,34.37039559121076],[-83.7426400502918,34.3703135903101],[-83.7426210483056,34.37021559002493],[-83.74258105027955,34.37018359218245],[-83.74374604934727,34.36953259070429],[-83.74428404855087,34.369225591747295],[-83.74413605057126,34.369097589761864],[-83.74385204909682,34.36898858971254],[-83.74360705086964,34.36889458961935],[-83.74390305029468,34.368523591513544],[-83.74482204933334,34.36691558878593],[-83.74477005045942,34.36622959113359],[-83.7445690491862,34.36581858972718],[-83.74405404865159,34.3651345886798],[-83.74395304745813,34.364750589628926],[-83.74386404956275,34.36363959036033],[-83.74393105096354,34.36327059002362],[-83.74384804877144,34.36261358777122],[-83.74386505006122,34.362445589533834],[-83.74390804838013,34.362032588563835],[-83.74398005045846,34.3613285903875],[-83.7440400496623,34.36074858811012],[-83.74422004966827,34.35989858973007],[-83.74445204921417,34.35925458920628],[-83.74454405088804,34.35829158707267],[-83.74443705105398,34.35776758842194],[-83.74444804994818,34.3575055897391],[-83.7446780504486,34.357038589418195],[-83.74490905018668,34.356858588419946],[-83.74502304878904,34.356638589324014],[-83.74438704919893,34.35514558693028],[-83.74407104998895,34.35402258835712],[-83.74376904972216,34.35336358748329],[-83.74380104948409,34.35318558660029],[-83.74293904944318,34.35365358676639],[-83.74176804837934,34.354385586398614],[-83.74135504766068,34.35459258760891],[-83.74102404692427,34.35464858711656],[-83.740463047492,34.3548555872255],[-83.7402970482393,34.35485658692165],[-83.73980004645135,34.35472058647478],[-83.739569046387,34.354790587525315],[-83.7384960468359,34.355534587038996],[-83.73810004740132,34.35570058770603],[-83.73715804833415,34.35590958836718],[-83.73692704583392,34.356129587733705],[-83.7367460467373,34.35639158833675],[-83.73636704532079,34.35670858849621],[-83.73546004694636,34.35727358971719],[-83.73534404772653,34.357411587600744],[-83.73523104734369,34.35790558847475],[-83.73503504697902,34.35840058850588],[-83.73516904528,34.358770589407506],[-83.73556904764143,34.359358589356724],[-83.73553704829831,34.35975658995035],[-83.73558904597014,34.36023658834219],[-83.73549204649001,34.36056658974121],[-83.73531104546156,34.36090958945424],[-83.7352620453623,34.36099258921328],[-83.73529804624316,34.36099958866944],[-83.73534904527288,34.36102359027441],[-83.73517404644193,34.36123159070751],[-83.73526404700726,34.361349589335305],[-83.73538104683738,34.36165058952496],[-83.73533204691753,34.361801590292636],[-83.73518404680844,34.36199459103794],[-83.73520204530074,34.36222759027253],[-83.73490504657363,34.362461589381084],[-83.73445904605434,34.362600590086245],[-83.73407804478174,34.36257458929083],[-83.73361704746338,34.36302858994947],[-83.73270704719023,34.36325158989963],[-83.73237704435017,34.36340359073083],[-83.7318500448293,34.363830590364934],[-83.73163604719399,34.364160591096216],[-83.73150604615215,34.36459959007574],[-83.73150604673552,34.36473658909512],[-83.73167304474872,34.365038589884115],[-83.7316760450697,34.36505759097248],[-83.73165204450537,34.36508358956555],[-83.73153904658051,34.36525558932601],[-83.73143904708996,34.36562959056695],[-83.7313780472995,34.36590959058721],[-83.73125904468371,34.36610858930646],[-83.73115404604532,34.366320591317034],[-83.7308100466024,34.36691959180255],[-83.73056604531973,34.36717959121982],[-83.73037504530745,34.36731159014252],[-83.73019604572688,34.367396591866296],[-83.73002804531507,34.367389589806024],[-83.72987604580675,34.36746259117044],[-83.72982204562902,34.36752158934123],[-83.72982404498687,34.36759659077115],[-83.72978904586658,34.36778259068406],[-83.72973704347282,34.367911591996936],[-83.72955804707544,34.36800858981333],[-83.72940604532664,34.368069590837464],[-83.72925404508445,34.36811959086809],[-83.72915804489884,34.368191589658245],[-83.72900904427665,34.36831659168186],[-83.72864704443049,34.36838859069047],[-83.7282700464056,34.368402590888664],[-83.72786304568459,34.3683475916362],[-83.72774904603818,34.368292591764266],[-83.72764504447437,34.36809759228803],[-83.72763904461418,34.36750659060778],[-83.72763204577481,34.367262590420765],[-83.7275290456048,34.36712559073019],[-83.7273740457276,34.36708259189428],[-83.72719404389697,34.36714459138939],[-83.72679204335508,34.36726458991073],[-83.72620904478053,34.36739859163725],[-83.72598604466333,34.36742758995654],[-83.72587304232073,34.36738359003334],[-83.72578604253644,34.36728059106326],[-83.72568904353746,34.366894591260774],[-83.72564304417055,34.3667445902172],[-83.72545804390892,34.366655590663136],[-83.72524704254695,34.366625591478126],[-83.72500704523665,34.36654959170052],[-83.72493204270422,34.36640059014018],[-83.72492604339976,34.36622659035185],[-83.72503204295813,34.36603958944435],[-83.7252590449135,34.365709590585176],[-83.72540504386201,34.36546258973298],[-83.72541504422799,34.36532359020383],[-83.72539504286047,34.365137591577856],[-83.72497804341454,34.36394058987055],[-83.72488804557388,34.36374559161145],[-83.72478604340525,34.363631590121344],[-83.72450204440135,34.36347559030145],[-83.72401804257744,34.36323158957612],[-83.72333604358838,34.36289858940543],[-83.72312304234785,34.36281058930422],[-83.72249104426444,34.36272059132355],[-83.72211304399725,34.36271758908483],[-83.72097104186142,34.362847589053025],[-83.72028604059209,34.36288558917468],[-83.71957204221141,34.36286658942702],[-83.71906804351693,34.362842590829274],[-83.71866204248573,34.3628175911171],[-83.71819904240685,34.362781590493725],[-83.71789204185843,34.36279959099347],[-83.71745704106863,34.36276259121469],[-83.71710504254784,34.362689590818476],[-83.71682304171637,34.36262659071091],[-83.71659704106915,34.36256158975716],[-83.71581604067626,34.36158659169599],[-83.71562304213158,34.36125859073059],[-83.71540504148913,34.360911588901175],[-83.71527104062909,34.36071359046504],[-83.71518804109722,34.36051159045184],[-83.71510704169832,34.360104588793384],[-83.71507304104465,34.359823589157266],[-83.71507703876853,34.35941859139474],[-83.71510604052038,34.35900258855903],[-83.71528504252551,34.357188589619035],[-83.7153440418865,34.35664458745866],[-83.7153840388301,34.35602258982026],[-83.71538803960499,34.355897588988604],[-83.71534604157155,34.3556695894608],[-83.71530604037919,34.3554805888016],[-83.71524804241193,34.355270587560895],[-83.71519204045504,34.35508858976321],[-83.71513704019597,34.35496958756706],[-83.71505604143763,34.35483058842175],[-83.7147520393232,34.35435858763002],[-83.71456804024565,34.354112589493276],[-83.71428903996525,34.35370658924008],[-83.71417404074285,34.35354758807354],[-83.71406903940117,34.35345858926961],[-83.71394803954584,34.35337658771862],[-83.71380104102191,34.3532945890481],[-83.7132060410622,34.353019589159835],[-83.7128260406213,34.352837587881396],[-83.71219603771671,34.35252758912398],[-83.71182403913258,34.352317587668026],[-83.7116150386984,34.352153588174936],[-83.71149103942308,34.352028589400064],[-83.71133204075817,34.35191658793719],[-83.71087003919874,34.35142358828176],[-83.71032803774196,34.35173858812899],[-83.71016103916979,34.35182658971816],[-83.7099520386716,34.35192258809573],[-83.70946603811467,34.3521165873456],[-83.709063037878,34.35226658779181],[-83.7086930365135,34.352386587454106],[-83.70835603676134,34.35247158750041],[-83.70810303956115,34.352526588168374],[-83.70781603653839,34.35256158779255],[-83.70752803767896,34.35258858978454],[-83.70684803681701,34.3525685879439],[-83.70626803635233,34.35250458730688],[-83.70578303739082,34.35246159001648],[-83.70552003688425,34.35246058881078],[-83.70526503727295,34.35245258773887],[-83.7049420386033,34.35245958858184],[-83.70471403819231,34.35248558951123],[-83.70444303805745,34.352526589190845],[-83.70398303692414,34.35262058989751],[-83.70351603783044,34.35272658828991],[-83.70323703886253,34.3527855889137],[-83.70313903806176,34.352626589507175],[-83.70308603842491,34.35254958862682],[-83.70296503659256,34.35249658931997],[-83.70282003716538,34.35247858764642],[-83.70253203542163,34.35249858988524],[-83.70236303617779,34.35252658797764],[-83.70191403676893,34.352543589827754],[-83.70162403805428,34.35252258756409],[-83.70130003609731,34.35248758938794],[-83.70103503716315,34.35242258731828],[-83.70073503483184,34.352337589219296],[-83.7003650352888,34.3521835898491],[-83.70003703750712,34.35202158945295],[-83.69963703711693,34.35173458735985],[-83.69961503500578,34.351711588501544],[-83.69931203632495,34.35139058884133],[-83.69910703494128,34.35108458781581],[-83.69869503702684,34.35041458970699],[-83.69772203520341,34.34892858803242],[-83.69729703309842,34.34840258821315],[-83.69706503563476,34.348059589279615],[-83.69582503435906,34.34697358760582],[-83.69554903473677,34.346719587076485],[-83.69378103504901,34.34558558834502],[-83.69265803420296,34.345004586697996],[-83.69208803488083,34.344678587130595],[-83.69165303242133,34.344378586800595],[-83.69132203198694,34.34409058910683],[-83.69095303250722,34.34373258823715],[-83.69061903269248,34.34335958785123],[-83.69028303251558,34.342957587305584],[-83.68943403172129,34.34187758613134],[-83.68828703072813,34.340536588188634],[-83.6870190302981,34.3389665870011],[-83.68692603039383,34.33885158568436],[-83.68682803031068,34.33870658782536],[-83.6853440310132,34.336886587063326],[-83.68491903061175,34.33637158528098],[-83.68463602972699,34.33600358514515],[-83.68395903064886,34.3349975859782],[-83.68376202957828,34.33467758646652],[-83.68323003053273,34.33369658626899],[-83.6827950310859,34.33285358483643],[-83.68251502898474,34.332324586279604],[-83.68239903168354,34.332089585636474],[-83.68184102923398,34.332494584805055],[-83.68153403045609,34.332712585282],[-83.68133502916936,34.33283658447562],[-83.68115003008998,34.33291858645777],[-83.68089003118143,34.33301558653955],[-83.68040502812647,34.333135585960584],[-83.67848202970522,34.333631586191615],[-83.67754002837304,34.3339265853427],[-83.67632902940527,34.33429458608021],[-83.67568202907029,34.33450658478818],[-83.67537602746899,34.33452458504849],[-83.67493802807307,34.33459158627692],[-83.67467102793584,34.33463958663131],[-83.67431102827976,34.33472558561255],[-83.67386702618249,34.33492258727272],[-83.6734790288069,34.33505158552265],[-83.67327602723715,34.335079586115754],[-83.67248902871792,34.335099586276804],[-83.6716700282441,34.335135584532395],[-83.67106702834488,34.33512558592349],[-83.6708550261798,34.33510958690905],[-83.67069502764875,34.33509658669522],[-83.67036702617881,34.335049586522054],[-83.66989202534747,34.33493958592993],[-83.66927402516785,34.33481758537696],[-83.66909102653524,34.33475558723217],[-83.66894302657927,34.33468658621331],[-83.66854202463314,34.334412585380264],[-83.66823802779176,34.33418958537982],[-83.66801002586946,34.33409858497458],[-83.66723802372047,34.3339195859302],[-83.666821026511,34.33383858599599],[-83.6663080258621,34.33368058595781],[-83.66593402425183,34.3335565856856],[-83.66577102419171,34.33346958657497],[-83.66555602334074,34.33331158668077],[-83.66534602548496,34.333105586201874],[-83.66520402449568,34.33299358639747],[-83.66483702480362,34.33284558668596],[-83.66445202518604,34.33273658476454],[-83.6641650233971,34.33262758532069],[-83.66387902619529,34.33253758700182],[-83.6636460250985,34.33251258550972],[-83.66340802373645,34.332560586675335],[-83.6631060224943,34.33265758454703],[-83.66289102367386,34.332752585648706],[-83.66196002545477,34.33338058768488],[-83.6615870253002,34.333539585099686],[-83.66142202378555,34.3335915852568],[-83.66105602428165,34.33361158582014],[-83.6609540240884,34.333616586602616],[-83.66059002450805,34.333582585199856],[-83.66037902233421,34.33354458586871],[-83.66018202391648,34.33353058591367],[-83.65982002226306,34.33356258555283],[-83.65977102168222,34.33357658770008],[-83.65966202204366,34.333608586286935],[-83.65973102288719,34.33377758620755],[-83.65972602279072,34.3341115852032],[-83.65967102266643,34.334239585404966],[-83.6595370243231,34.33440058638897],[-83.65938802276098,34.33456058654438],[-83.65934602261277,34.334665585763304],[-83.6593580247096,34.33479258587016],[-83.65944602309179,34.33493958633655],[-83.65973202388847,34.33521958692194],[-83.65980202362067,34.335394586270134],[-83.6598050244625,34.33549158573884],[-83.65973402332938,34.335565588425496],[-83.6594810250023,34.3356675863061],[-83.65906702351776,34.33577758574836],[-83.65880602158917,34.335855587405284],[-83.65861802280105,34.33593758690555],[-83.65828802322766,34.33618058760605],[-83.65794602335603,34.33650258804672],[-83.65774702387633,34.336754587143496],[-83.65759702261235,34.33699658667279],[-83.65750902154255,34.33724158817076],[-83.65733202259194,34.33798558657324],[-83.65693602468731,34.33968958768187],[-83.65682202352649,34.340310587977484],[-83.65675002102249,34.340590587168975],[-83.65665002243794,34.34070858857481],[-83.65652802367731,34.340795589209854],[-83.65602002118709,34.34106858847709],[-83.65533602116612,34.34148158759445],[-83.65278002263086,34.34297358916266],[-83.65227002281934,34.343266588768785],[-83.65192302085335,34.343471589862325],[-83.65165201957554,34.34361958952792],[-83.6514860203149,34.34370058762127],[-83.65144502045864,34.343721588181936],[-83.65151202149177,34.344104588543644],[-83.65159602208404,34.34457958768109],[-83.6516430197863,34.34498758960919],[-83.6516540230659,34.34540959003639],[-83.65167802008838,34.34631758991054],[-83.65121102293939,34.34731559049703],[-83.65113502062992,34.347571588591826],[-83.65113102076394,34.34774559120017],[-83.6511270216158,34.34797558861307],[-83.65118001987786,34.34837258881621],[-83.65131002181026,34.3488265886129],[-83.65144002065527,34.349062589072645],[-83.6523200200844,34.3500425888181],[-83.65259902296937,34.350352589838906],[-83.6526990230946,34.35037858956658],[-83.65277502308692,34.350432589998064],[-83.6528580231621,34.350542590207844],[-83.65294302179636,34.35065359045919],[-83.65325602318305,34.35095859015303],[-83.65376702185858,34.35134759092062],[-83.6540410234087,34.351630590402735],[-83.65432402244942,34.35187759080174],[-83.65457602267611,34.3520615899304],[-83.65492602267534,34.35225958919165],[-83.65516302362079,34.35247358952248],[-83.65601702289258,34.353129589548054],[-83.65680302428508,34.35473959158402],[-83.65704002486062,34.35492559041766],[-83.65740602321998,34.35516659120946],[-83.6577340234499,34.35538358948386],[-83.65828302266684,34.35566959128536],[-83.65879502531426,34.35588359122678],[-83.65930602516451,34.35600159167039],[-83.65971802512229,34.35603959066232],[-83.66016002357516,34.35601359100192],[-83.66061802324226,34.355910590852844],[-83.66083202437832,34.35592159076251],[-83.66086502387783,34.355934589618],[-83.6608790230812,34.355940591419824],[-83.66322002628517,34.35692159256259],[-83.66341802480358,34.357043591188145],[-83.66359302659568,34.357207590457996],[-83.6653480267023,34.35962959140182],[-83.66651602795844,34.36273459273236],[-83.66661502668899,34.362910591391646],[-83.66679802676381,34.36310459090084],[-83.66846102553257,34.36433659298342],[-83.66875102873382,34.36471859095562],[-83.66924702817367,34.36558859362347],[-83.66939402597545,34.365677592019956],[-83.66948302791295,34.36573259413612],[-83.66962102650484,34.36590459346289],[-83.66967402773346,34.36610659299266],[-83.66967402678337,34.36622459215583],[-83.66967402872054,34.366308591874976],[-83.66959802775699,34.366522592867256],[-83.66957202702342,34.366559592585396],[-83.66947702839894,34.36669559311448],[-83.66943802645916,34.366730594434806],[-83.66937202813628,34.36678559254715],[-83.66933802736517,34.36681359374325],[-83.6693020273295,34.3668435927661],[-83.66925702868912,34.36687059179786],[-83.66922402863729,34.366906593822854],[-83.66921602895424,34.36691559399272],[-83.66911602710631,34.36698059355496],[-83.6690920282735,34.36699559344108],[-83.66906802725778,34.36701059331356],[-83.66906202823608,34.367014594369046],[-83.66903402590732,34.367032591866625],[-83.66894202967575,34.367091593329484],[-83.66862902709678,34.36724759282239],[-83.66828602688821,34.36735859356009],[-83.66788502721187,34.36750159209368],[-83.6674840283395,34.367644592913216],[-83.66721502812723,34.36776059401188],[-83.66676002781584,34.36795659356623],[-83.66611102668342,34.36842259280037],[-83.6659280274342,34.368601592658365],[-83.6657750270803,34.36879659228455],[-83.66547002545998,34.3693375928095],[-83.66547002769241,34.36942959466677],[-83.66554702763064,34.369803594418414],[-83.66556202819423,34.37004759305954],[-83.66552402698332,34.370337592877235],[-83.66541702848502,34.37062359481088],[-83.66543202815338,34.37070359436813],[-83.6654090256046,34.3707835942607],[-83.6647070259736,34.37152159295568],[-83.66423102588196,34.37202259350311],[-83.6636320264502,34.37265259399828],[-83.66339502610585,34.3729695950802],[-83.66320402697586,34.373347593831056],[-83.6630750255084,34.37371359435105],[-83.66299102739843,34.37406059395624],[-83.6629530269809,34.37440059471553],[-83.66283102582875,34.375502596231456],[-83.6626700277536,34.37614359424065],[-83.66261702597944,34.37624659391907],[-83.66211302769467,34.3767005958765],[-83.66174402758274,34.37709259576242],[-83.66097002630613,34.37791659579026],[-83.6604880250628,34.378428596603385],[-83.66043902627138,34.37848259710271],[-83.66019102692545,34.378767595910034],[-83.66009202535075,34.37896959651189],[-83.6600760243873,34.379107594998146],[-83.65980902758332,34.38007659641281],[-83.65976302681908,34.38036259569267],[-83.65983302677155,34.38287659718783],[-83.65984002621896,34.38313959547794],[-83.66025902680734,34.3866755964823],[-83.66025602490429,34.386862598365006],[-83.66022902733523,34.38843459896846],[-83.66020102571281,34.388703597116866],[-83.65998502680583,34.39074559941069],[-83.65992402574535,34.390879599493765],[-83.65982502546387,34.39100559684896],[-83.65935202470018,34.39135260006251],[-83.65888602737334,34.391798599139555],[-83.65858902659816,34.39214559842686],[-83.65850102755864,34.39226460013793],[-83.65822202681038,34.39264559860707],[-83.65820702466313,34.392710599388735],[-83.65823002487892,34.39277559851238],[-83.65824402743355,34.392787598639664],[-83.6583590252545,34.39288260042918],[-83.65852002692402,34.393013598264055],[-83.65846302554996,34.3931235995522],[-83.65850502650676,34.393149599819125],[-83.65853202500044,34.39316959835204],[-83.65855202638079,34.393185600096864],[-83.65801002502492,34.394378599668016],[-83.65773102752865,34.39499359970206],[-83.65746702677937,34.39557559887485],[-83.65720602688351,34.39614959962644],[-83.65665502489777,34.39736160020556],[-83.6563910277321,34.39794159894183],[-83.65611202709417,34.39855459967209],[-83.6558420255021,34.399147600314855],[-83.65556702441661,34.39975260066472],[-83.65555302710743,34.3997735996861],[-83.65523202605942,34.40026760026525],[-83.65489602611984,34.40067560060285],[-83.65404902383465,34.4015725997083],[-83.65350002475014,34.4020526008813],[-83.65307302325408,34.40235460049278],[-83.65263802397438,34.40261360165767],[-83.65207902389568,34.40284560034565],[-83.64836102400476,34.404389600788804],[-83.64803702350633,34.40452460132751],[-83.64709902333125,34.40501260167445],[-83.64668702326598,34.40526860120073],[-83.64635102201852,34.40551260111455],[-83.64606102394644,34.40575660293269],[-83.64543302313814,34.40643460315867],[-83.64529302389445,34.406745602359415],[-83.64534702243041,34.406823600926856],[-83.6449690238919,34.40744860148535],[-83.64465302287327,34.40820260279015],[-83.64464202295403,34.40825960309627],[-83.64450802306958,34.40899460317028],[-83.64448302333635,34.40918360331115],[-83.64426602290227,34.41080960332028],[-83.64402802301744,34.41155460367354],[-83.64397702411271,34.411672603871324],[-83.64391202321359,34.411823602145844],[-83.64382402327537,34.41202660249862],[-83.64379402460771,34.412100602196546],[-83.6437540237045,34.412171602955546],[-83.6437090237361,34.412251603210414],[-83.64366402229574,34.41233060272354],[-83.64358802347064,34.41246660522774],[-83.643550023979,34.41253460420636],[-83.64350202419931,34.412602602775344],[-83.64342802409708,34.412712604084255],[-83.64323702237195,34.412977604496255],[-83.64313202229224,34.41311760446829],[-83.64306402098325,34.41321060550099],[-83.64295502337684,34.413323603095236],[-83.64279402432066,34.41347360367127],[-83.64272302247527,34.41354160528004],[-83.64244802195347,34.41379360399306],[-83.64229302252238,34.41393560312869],[-83.6422360240279,34.413982603437525],[-83.64203002224578,34.41413660402679],[-83.64184902175825,34.41427660322494],[-83.64180602354355,34.41430160344576],[-83.64123502250901,34.41462960320316],[-83.6409040211961,34.41481060440831],[-83.64064002287479,34.414946604567206],[-83.64051702258159,34.415010604660104],[-83.64033102110818,34.41507960489731],[-83.64020302333711,34.415124603807094],[-83.63998502229748,34.41520560510968],[-83.63982802116026,34.41525060495541],[-83.6396790236986,34.415293605191664],[-83.63941002005231,34.415360605579046],[-83.63899802025622,34.41547360395615],[-83.63874602142536,34.415525604176366],[-83.6387360213337,34.41552760482231],[-83.63857302006515,34.41556160533095],[-83.6384490226238,34.41558760334417],[-83.63814902115443,34.4156506039554],[-83.63698102090294,34.415912605038365],[-83.63678101950973,34.415962605842296],[-83.63664902239238,34.41600560479087],[-83.63639602256293,34.41587360553495],[-83.63435302065665,34.41623560441481],[-83.63273201939747,34.41682060529758],[-83.63288901989337,34.41694060563478],[-83.63280801982533,34.41712460385924],[-83.6326540204872,34.417189604737295],[-83.63245401890167,34.41729760659547],[-83.63198002020592,34.41759260478471],[-83.63139502040386,34.41787660427606],[-83.63095002052893,34.41811860533662],[-83.63067301816851,34.418215604389914],[-83.6305140215178,34.41826360634309],[-83.63044102131394,34.41828560499792],[-83.63014802108859,34.4183946053159],[-83.62940401865052,34.418566604541454],[-83.62870401767262,34.41864560450505],[-83.62822001786645,34.418717606198044],[-83.6277500192418,34.41878760582639],[-83.6268950188902,34.41900460522722],[-83.62639701785554,34.41923860689338],[-83.62587401951924,34.41949560529768],[-83.62564501682223,34.41964260646275],[-83.62549701937677,34.41972360558939],[-83.62544401903104,34.419658605875355],[-83.62542301721484,34.419633605953194],[-83.62540801684553,34.419615606037304],[-83.6253930186525,34.41959760703076],[-83.62533401829907,34.41952760689148],[-83.62529701737998,34.419482605677565],[-83.62527401624048,34.419472605805005],[-83.6252040184346,34.41944160645343],[-83.62517801574545,34.41943060428025],[-83.62504301835803,34.41937160536454],[-83.62499701839185,34.41936560652718],[-83.62485301881244,34.41934760677471],[-83.6247770188604,34.41933860624227],[-83.62455101727451,34.41932260666084],[-83.62449601846275,34.419318606143946],[-83.6243120182563,34.41931560595319],[-83.62416501737069,34.41931260461361],[-83.62379301717101,34.41934560588422],[-83.62368201668221,34.41933960563012],[-83.62349701607802,34.41932660614424],[-83.62327901686263,34.41933960549368],[-83.62298201929359,34.41957660643051],[-83.62290801713024,34.419635605441144],[-83.62279501580032,34.419714604872624],[-83.62264401658852,34.41986860601901],[-83.62238501734333,34.420296606293434],[-83.62203001778188,34.42089560728539],[-83.62198901604887,34.42096260601838],[-83.62169101591383,34.42145260515605],[-83.621351016776,34.42199460488033],[-83.62092201743033,34.42296160567566],[-83.62058601873596,34.42364560605645],[-83.62045601541561,34.423882607709864],[-83.62029701523007,34.424172606780246],[-83.62004901821327,34.42455060611278],[-83.62000201739868,34.42462260612411],[-83.61974801781308,34.425159607647565],[-83.6196730180816,34.42542560818646],[-83.61950301514557,34.426529606899344],[-83.61945101618753,34.42674660754984],[-83.61939001609697,34.426872606629146],[-83.61908401555988,34.42725560651631],[-83.6188150170003,34.427833606661764],[-83.61848901808018,34.42838460727505],[-83.61806901761521,34.428936607048385],[-83.61762501682317,34.429537607325294],[-83.61721501686164,34.430092607765175],[-83.61715301444444,34.430207609512685],[-83.6170090157852,34.43047260839788],[-83.6168870157585,34.43060460848097],[-83.61672001744442,34.430724608499396],[-83.61642901732218,34.430898608206036],[-83.61569101432542,34.431250608813535],[-83.61549201471688,34.431395609682184],[-83.61541201492007,34.431506608579895],[-83.61529401445289,34.43170660770348],[-83.61525501668997,34.43175460761679],[-83.61533601717544,34.43186260892144],[-83.61544401558233,34.43200760857407],[-83.6156150156255,34.43223460877655],[-83.61569701483033,34.4323416082169],[-83.6165470150025,34.43347460993812],[-83.61746701519964,34.43470160835562],[-83.61902101577732,34.436762610504395],[-83.62138801755233,34.43992561085377],[-83.62368601947584,34.4429986107714],[-83.62407201943589,34.44352061207142],[-83.62476001909775,34.44445061110782],[-83.6247990180763,34.444501611953925],[-83.62482801757714,34.4445396124227],[-83.62490001965143,34.444641611833156],[-83.62490101829584,34.44474061272675],[-83.62491201897097,34.44476761214984],[-83.62490101961062,34.44481761158771],[-83.62490101914598,34.44492961008262],[-83.62523801912266,34.44540861235742],[-83.62525501912096,34.4454316102263],[-83.62687202034951,34.447712610910564],[-83.62850702148808,34.45001661234866],[-83.62888102016038,34.45054461272615],[-83.62904002207179,34.45076961267203],[-83.62907102025457,34.45081461325567],[-83.63005802053176,34.452208613007855],[-83.63104602196357,34.45360261443428],[-83.63133602238096,34.454014612944725],[-83.63162602249416,34.454427614166946],[-83.63178402031224,34.45465261419471],[-83.63247402338487,34.455633613982656],[-83.63263702242676,34.45585861220091],[-83.63275802115388,34.4560256146091],[-83.63286102104743,34.4561676143249],[-83.63519002151594,34.459457613164915],[-83.63702902452053,34.462069612833375],[-83.63854502516128,34.46416961413189],[-83.64290602711213,34.47036961475486]]]},"properties":{"OBJECTID":"12","COUNTY_NAM":"HALL","PRECINCTNO":"13","NAME":"13-Lula","LOCATION":"LULA ELEMENTARY SCHOOL - 6130 CHATTAHOOCHEE ST","PRECINCT":"LULA","MAPLABEL":"PRECINCT 13 - LULA","GlobalID":"{2C746998-B58A-452C-9BB2-7AE892F17F4A}","EDITED_BY":"ABISH","EDITED_DT":"9/23/24, 2:43 PM","created_user":"","created_date":"","Shape_Length":"198,318.28","Shape_Area":"1,023,183,861.18"},"id":12},{"type":"Feature","geometry":{"type":"Polygon","coordinates":[[[-83.86236762986374,34.147172855815555],[-83.86256404204413,34.14735405373572],[-83.86278612806021,34.14756595560361],[-83.86289520271588,34.1476758496004],[-83.8629796621198,34.14776555990861],[-83.86305758398197,34.14785339129492],[-83.86316763884317,34.1479862574107],[-83.86328701122659,34.148138272890904],[-83.86368087829081,34.14865434399507],[-83.86385667235626,34.14888223393349],[-83.86397767125261,34.149042583477254],[-83.86417703021458,34.149307378332445],[-83.86429466423635,34.14946620458564],[-83.86438301630001,34.14958648756879],[-83.86449644562127,34.1497395321611],[-83.86465781037353,34.14996249515721],[-83.86475420463768,34.1500992292178],[-83.864856057131,34.1502536731239],[-83.86497969806813,34.150443374161874],[-83.86508977908944,34.15061734950278],[-83.86515371519477,34.150725944966524],[-83.86519852076692,34.15080519970129],[-83.8652393689868,34.1508811710115],[-83.86528965327945,34.15098121731716],[-83.86533119015056,34.15106730617917],[-83.8653688383317,34.15115214849409],[-83.86541124688951,34.15125483872748],[-83.8654162887785,34.15126851567015],[-83.86545249721253,34.15136673138521],[-83.8654940754725,34.15149747627587],[-83.86552170276114,34.15159232509692],[-83.86553412905086,34.151643514767315],[-83.86554806242609,34.15170091020264],[-83.86557003915655,34.15181396457499],[-83.86561347359476,34.151804342892504],[-83.86565238528264,34.15179303404029],[-83.86572481525045,34.15176347792837],[-83.86587262109312,34.15170173382597],[-83.86600493810681,34.15164466875434],[-83.86602139504046,34.151637571133456],[-83.86615050281941,34.15158268080508],[-83.86633189991839,34.151500215876155],[-83.86652602265146,34.15140890378701],[-83.8666653631793,34.15133793274326],[-83.86679740434634,34.15126716640392],[-83.86691547279769,34.15120171676959],[-83.86703599748053,34.15113377649949],[-83.86712188594582,34.15108323081997],[-83.86720868438718,34.151028013431706],[-83.86728584456563,34.150977884519634],[-83.86735825074346,34.15092612290018],[-83.86742998418963,34.15086798351859],[-83.8675102844477,34.15079884567808],[-83.86760602325506,34.15071050896564],[-83.86768267305158,34.15063611303128],[-83.8677745086481,34.15053943954717],[-83.86789523189113,34.15040417140048],[-83.86796460208312,34.15032338239016],[-83.86805787829621,34.150210361767385],[-83.86813028762975,34.15012070204632],[-83.86819628941129,34.15002872132416],[-83.86829268792809,34.14989325839031],[-83.86835156899453,34.14980526786346],[-83.86841492596697,34.149703853512705],[-83.86848798633459,34.14957805741818],[-83.86872690589328,34.14914326350944],[-83.86877295756032,34.14906535752855],[-83.86882108877124,34.148988774706595],[-83.86888958206012,34.14889245484742],[-83.86895633884859,34.14881133163247],[-83.86901645786587,34.148745630301704],[-83.86907539738627,34.14868814953155],[-83.8691304444486,34.14863758084541],[-83.86920038529503,34.1485810291729],[-83.86926206143464,34.14853413335906],[-83.86930669776255,34.14850184175551],[-83.86936566933181,34.14846265699343],[-83.86944637326025,34.148409679019956],[-83.86958194313654,34.14832858228641],[-83.86985374456938,34.14817603523149],[-83.87007734623758,34.148054121847],[-83.87023449285482,34.14797390056743],[-83.8704018835934,34.14789617958748],[-83.87052793594891,34.147842754938864],[-83.87070799519702,34.14777130133359],[-83.87089209630977,34.14770559856006],[-83.87131735234131,34.1475643821475],[-83.87183654696706,34.147393573219816],[-83.87200019947413,34.1473432892426],[-83.87213637853279,34.14730481675836],[-83.87224628273624,34.147275589186236],[-83.8722874616247,34.14726632666666],[-83.87235967549185,34.147250088058364],[-83.8725861110769,34.147204875597595],[-83.87269016050678,34.14718591539806],[-83.87280967871945,34.147167020086265],[-83.87291473931977,34.1471528991766],[-83.8730352930257,34.14713933725713],[-83.87312145626629,34.147131299116595],[-83.87327896642873,34.147117743271004],[-83.87347791428144,34.147107198342546],[-83.87363714731771,34.14710216442688],[-83.87398801896511,34.147097341180185],[-83.87448492990168,34.14709841480299],[-83.87476184534559,34.14709855150541],[-83.87501551206167,34.14710220718238],[-83.87559681012964,34.14711221320842],[-83.87578882762914,34.14711769650601],[-83.87635238957289,34.14713334870487],[-83.8769703312993,34.14714618474158],[-83.87722733254313,34.14715214729439],[-83.87764569820281,34.14716627187097],[-83.87794719878936,34.14717811058611],[-83.87834931800215,34.14719801706249],[-83.87877625975712,34.147217843390436],[-83.87887871258656,34.14722001571679],[-83.87893652033642,34.14722124214357],[-83.87900914492803,34.14721973626369],[-83.87907116253888,34.14721578651229],[-83.87913551047664,34.147207693043605],[-83.87920721268956,34.14719516468125],[-83.8792623184768,34.14718314739897],[-83.87934618434362,34.14716039718765],[-83.87940313212687,34.147141761030284],[-83.87946578525273,34.1471166250654],[-83.87981932484189,34.14696760007752],[-83.87998331886384,34.14689323543183],[-83.88050523709737,34.14664319453237],[-83.88067995609974,34.14655905179627],[-83.88102315198218,34.14639377950944],[-83.88140157706167,34.1462134512225],[-83.88179432291932,34.146022217728266],[-83.88210249939678,34.145875416883705],[-83.88240520424768,34.14573374349119],[-83.88269356480721,34.145591452835845],[-83.88293101328159,34.145472296010226],[-83.88309726669556,34.14538276033308],[-83.88322634660526,34.14531026443198],[-83.88340493535344,34.145208696159536],[-83.88358025388268,34.14510626807573],[-83.88376720811318,34.14499353335655],[-83.8838904006885,34.14491164928743],[-83.88399795170983,34.14483245009881],[-83.88409428106979,34.1447569359576],[-83.88423618211327,34.14463582466636],[-83.88434506173127,34.14453483574036],[-83.88439583039761,34.144484801179246],[-83.8844851292578,34.1443971504015],[-83.88482966060741,34.14403841129971],[-83.88497593361748,34.14389315449968],[-83.88506367253203,34.14380728577279],[-83.88511412262793,34.14376345947036],[-83.88514133454346,34.14374030125445],[-83.88516837288603,34.14371944981975],[-83.88520070193812,34.143699216381066],[-83.88506727209317,34.14353943964068],[-83.88490610128612,34.14335362950685],[-83.88482202284162,34.14326302532929],[-83.88471299364838,34.14315150175489],[-83.88461180754348,34.14305737166901],[-83.88451998751876,34.14297848287416],[-83.88440200639972,34.14288562944623],[-83.88431005140788,34.142818090382015],[-83.88422632758547,34.14276041111062],[-83.88413119277968,34.14269505998444],[-83.88403223832825,34.142625690591416],[-83.88390310699205,34.14252627083142],[-83.88380203922424,34.14243551862801],[-83.88370648144087,34.142339498388125],[-83.88362946438036,34.14225311380403],[-83.88357449097192,34.142186593487075],[-83.88351377460543,34.14210783154542],[-83.88345227352066,34.14201697554866],[-83.88339836539933,34.141928308083294],[-83.88334170923807,34.14182157977854],[-83.8833140430622,34.141762896821355],[-83.8832876423566,34.141701612065404],[-83.88325734234336,34.14162118822383],[-83.88323064195671,34.14153959159204],[-83.8832067524077,34.141448520251785],[-83.88318623429141,34.14135674172366],[-83.88316505249543,34.1412477898467],[-83.88310127135284,34.14085040532711],[-83.8830756061264,34.14067848186028],[-83.88305583276404,34.14056186242041],[-83.88303595102788,34.140448486670465],[-83.8829994435081,34.14028642954984],[-83.88297478711772,34.140188790045606],[-83.88292996656739,34.14004094990557],[-83.88291511413946,34.13999537862609],[-83.88288227264215,34.13990351835276],[-83.88284677664348,34.13981365618345],[-83.88281001661873,34.139728272017386],[-83.88276140662047,34.139626563172556],[-83.88270123532608,34.13950523406333],[-83.88258814680914,34.13929575868252],[-83.88251388335532,34.13915821320399],[-83.88235648298028,34.138866690688346],[-83.88235198250005,34.1388584622098],[-83.88213547334537,34.13846454787694],[-83.88206011051717,34.13831867331205],[-83.88199025142788,34.138189403551436],[-83.88197869325732,34.13816698017792],[-83.88190327361816,34.13802074474057],[-83.88187381945707,34.1379627199559],[-83.88182845574174,34.137869097460474],[-83.88177598804808,34.13774860709591],[-83.88172297849029,34.13761935553066],[-83.88169343339445,34.137539400037056],[-83.8816398215138,34.13739456202385],[-83.88160366164311,34.137288048126756],[-83.88157224069616,34.13718654097138],[-83.88154308377509,34.13707083439811],[-83.88150955436566,34.136919200728315],[-83.88146289708214,34.136710321185056],[-83.88135116343909,34.1361580856404],[-83.88126937204282,34.135793223724946],[-83.88116689013981,34.135292068714],[-83.88108255472413,34.13488782073105],[-83.88100554884291,34.13449604078152],[-83.88095139027882,34.13424971729471],[-83.88085395646735,34.13380927372356],[-83.88077538582183,34.13342169407502],[-83.880670042249,34.132917836933096],[-83.88048620370364,34.13205429266301],[-83.88046358304176,34.1319415978905],[-83.88031366641988,34.131201299617715],[-83.88019403314105,34.13062480377427],[-83.8800898489745,34.13015175443962],[-83.88006759037376,34.13004933592299],[-83.8800376864074,34.12991150551032],[-83.87997471974633,34.12961135077013],[-83.87991472330849,34.129304387737754],[-83.87991108050899,34.12928703788746],[-83.87981940239044,34.12884955393599],[-83.87976500337601,34.12858755937532],[-83.87967125664825,34.12812742227852],[-83.87937686975333,34.12673606756395],[-83.87932298154263,34.12648859056227],[-83.87928939693337,34.12633577121763],[-83.8792582661558,34.12620945198694],[-83.87924387528828,34.12615403308887],[-83.87922466856148,34.12608007596156],[-83.87919919594805,34.12598998898485],[-83.87917475652804,34.125908561572956],[-83.87913182530882,34.12578383575134],[-83.87911627476929,34.12574084716863],[-83.87906439474884,34.12560411811676],[-83.87899799111972,34.125443612313454],[-83.87894956016927,34.12533277889787],[-83.87889798932954,34.125223339188736],[-83.87880940818071,34.12504337979649],[-83.8786665169171,34.12476312533046],[-83.87849421985733,34.12442473510266],[-83.87802879470257,34.123509795624166],[-83.87796384029009,34.123381664543196],[-83.87806091407276,34.123344656659775],[-83.87816592587029,34.123305962422975],[-83.8782657572935,34.123275061976905],[-83.87841214560783,34.123234183642396],[-83.87858859671441,34.123184748252065],[-83.87874820396163,34.12314458844304],[-83.8792753954786,34.1230124587035],[-83.87944539778421,34.12296547917183],[-83.87955350065249,34.122930858988475],[-83.87972016399057,34.12287414391349],[-83.87989466737216,34.12281483408361],[-83.88000405633967,34.122780959422755],[-83.8801001055961,34.12275378578038],[-83.88020777816706,34.12272894636766],[-83.88030730116986,34.12271032692583],[-83.88039550155791,34.12269855029646],[-83.88048987434115,34.12268786089022],[-83.88060745127227,34.12267549348983],[-83.88068391211867,34.12266591625847],[-83.88075379843747,34.12265618572889],[-83.88086185554162,34.12263489262715],[-83.88096345593608,34.12260806030994],[-83.88102051797019,34.122589121511396],[-83.88107662966847,34.122568117616765],[-83.88113943339776,34.12254196579509],[-83.88120069578726,34.122513473412596],[-83.88126755642523,34.122478837888075],[-83.88136732940387,34.12242372322299],[-83.88148545576945,34.1223566976901],[-83.88158530013348,34.12230122417521],[-83.88165355399124,34.12226579646177],[-83.88168135837302,34.122251350643054],[-83.88175999774187,34.122213005050035],[-83.88184232852444,34.122177196052405],[-83.88190542448986,34.122152967625404],[-83.88197357264593,34.122129272002084],[-83.88206112125091,34.12210405522278],[-83.88214786764074,34.1220823807101],[-83.88222398589488,34.12206612447712],[-83.88229927005504,34.12205225550432],[-83.88241733268245,34.12203241323108],[-83.88249112793666,34.12201931066035],[-83.88258652691603,34.12199839877602],[-83.88268260910259,34.121970917539564],[-83.88275161426564,34.121947913188144],[-83.88284554461148,34.12191064539523],[-83.8829306361012,34.121870528791774],[-83.88299117637891,34.12183914872298],[-83.88308063230627,34.12178667395241],[-83.88320486788797,34.12170910763568],[-83.88331645792543,34.12163854719878],[-83.88342707087155,34.12156348001381],[-83.8836663798022,34.121401918663295],[-83.88385214917626,34.12128088308458],[-83.88396969374674,34.12120714770154],[-83.88458404950539,34.120821712710416],[-83.88476487979361,34.120705801703984],[-83.88496727543944,34.12057306645326],[-83.88505224513366,34.120517969807004],[-83.88511696302714,34.12048159618184],[-83.88517028328215,34.12045495261092],[-83.88524073334605,34.12042389526857],[-83.88530226768921,34.120401117588614],[-83.88535376389623,34.12038642316975],[-83.88540673186111,34.12037610125269],[-83.8854598866208,34.12037025888866],[-83.88551573108644,34.12036862952407],[-83.88551886979309,34.120368526714074],[-83.88556138633439,34.1203709600811],[-83.88560541226812,34.120376885177635],[-83.8856401810508,34.12038422081698],[-83.88569385915969,34.120399101019395],[-83.88575022944381,34.120419098526],[-83.885813486377,34.120445132639425],[-83.88588310090373,34.12047656290506],[-83.8859705866933,34.12052001714185],[-83.88604910498046,34.120556965618874],[-83.88618197177838,34.12061596869477],[-83.88626466437003,34.12064982145723],[-83.88650077333942,34.12073362755602],[-83.88661210306843,34.12077106254993],[-83.88677288888219,34.1208207844666],[-83.88690226126434,34.12085749125099],[-83.88701293579642,34.120883630949464],[-83.88713049593204,34.12090530617115],[-83.88719225779273,34.120913498018425],[-83.88725307038942,34.12091894050029],[-83.88730907391323,34.120920139903426],[-83.88736502513567,34.120917464085956],[-83.8874389376551,34.12090806888513],[-83.88761233258059,34.12087147305357],[-83.88774900038348,34.12085032002405],[-83.88785294558096,34.120842340667856],[-83.8879561447016,34.120841035877696],[-83.88803698263652,34.12084536846533],[-83.88814582836963,34.120854739548065],[-83.88830073271609,34.120874135241685],[-83.88842301383814,34.12089727601116],[-83.88850463211499,34.12091625745089],[-83.88858597962667,34.1209378222086],[-83.88869751360335,34.120973167671174],[-83.88880751478784,34.121012823720065],[-83.88893755808976,34.12106750237237],[-83.88903431537712,34.12111611451376],[-83.88909591661361,34.12115266666846],[-83.88916600792878,34.12120097139677],[-83.8893043055623,34.12130788176216],[-83.88948888895536,34.121457766613354],[-83.88960309173193,34.12155698300223],[-83.88969556784312,34.12164150289656],[-83.88980258124076,34.12173679985874],[-83.8900244527752,34.121933845889544],[-83.8902037643044,34.12208885329496],[-83.89034059052766,34.12219070300152],[-83.89041478216224,34.12223973030582],[-83.89048957773991,34.12228441681889],[-83.89054723700364,34.12231582116093],[-83.89066855675634,34.12237075335125],[-83.89074438661376,34.12240148166293],[-83.89084479567721,34.122437020169734],[-83.89094900056543,34.12247045106181],[-83.89103097189187,34.12249352668184],[-83.89113969030326,34.122522184555635],[-83.89122369013981,34.12254122633287],[-83.89131525559563,34.12256069524349],[-83.89139627347924,34.12257228210162],[-83.89147314112859,34.12257962659586],[-83.89150819994929,34.12258085919798],[-83.89155848641984,34.12258127389073],[-83.89162524760599,34.122577411305244],[-83.89167281615336,34.122571829635554],[-83.89172350380124,34.12256117080941],[-83.89176884216742,34.12254961732253],[-83.8918214036625,34.12253275423441],[-83.89187331710043,34.12251011673042],[-83.8919246245828,34.12248376776574],[-83.89197643250935,34.12245384685892],[-83.89204204412462,34.12240749629095],[-83.89209586566784,34.12236633778824],[-83.89214640451961,34.12232149429827],[-83.89219551755724,34.12227771419298],[-83.8922531967818,34.12222024618668],[-83.89231486219926,34.12215671117629],[-83.89240807824017,34.12205405855912],[-83.89249912165273,34.12194835090643],[-83.89284665426104,34.121532681770496],[-83.89293271279371,34.121425037754314],[-83.89319903030166,34.12107830228549],[-83.89324773135671,34.12101831006175],[-83.89344829978826,34.12077131950586],[-83.89374155918185,34.12041969656753],[-83.89397254328951,34.12013597299928],[-83.89406175093383,34.1200247639138],[-83.89432874088152,34.11968187361154],[-83.89444984208859,34.1194950519209],[-83.89456775656602,34.11932419038485],[-83.89463188284522,34.11924521520971],[-83.89468499768333,34.119187431172136],[-83.89475277975133,34.11912181943304],[-83.8948505920249,34.11903722961747],[-83.89508243786233,34.11885326155685],[-83.89520229429948,34.11875520250505],[-83.89533605413881,34.118640930817314],[-83.89533664543468,34.118640437145004],[-83.89555463096283,34.118450971150914],[-83.89564916394967,34.11837882274636],[-83.89571148728403,34.11833471601708],[-83.89576316827282,34.118302595100424],[-83.89582116484972,34.118268427030664],[-83.89588412502377,34.118232949933656],[-83.89594836142986,34.11820041753954],[-83.89602035918864,34.118169000364325],[-83.89610201799634,34.118133785250194],[-83.89628463136712,34.11806331439125],[-83.8963522837871,34.118037438608376],[-83.89641442638673,34.118008720540175],[-83.89647028447591,34.117982489654686],[-83.89651921019663,34.11795385245092],[-83.89655242688936,34.11793007186276],[-83.89659572960267,34.117892930987345],[-83.89663068106856,34.117854369746205],[-83.89665761481257,34.11782098408797],[-83.89667986892623,34.117783796906274],[-83.89670109625992,34.117737456217384],[-83.89671734846765,34.11768717451247],[-83.89673613188272,34.11758877904208],[-83.8967517268509,34.1174843286231],[-83.89683462302787,34.11699708561838],[-83.89691990761474,34.116516605259974],[-83.89696518851551,34.11628287002707],[-83.89699861665116,34.11612938097186],[-83.8970185558182,34.11605154356681],[-83.89705165700678,34.11593987903717],[-83.89711688522094,34.11573924741208],[-83.8973072862156,34.115231898805035],[-83.89734194824435,34.11514774905592],[-83.89736633474722,34.11509377499001],[-83.89739256520336,34.11504387208345],[-83.89742937465839,34.114991134285845],[-83.89746867486708,34.11494428307922],[-83.89751712752557,34.11489767190666],[-83.89756675169234,34.114856611734],[-83.8976186115898,34.11481913308962],[-83.89766658253077,34.11479041217275],[-83.8977187052404,34.11476268487646],[-83.89780033189408,34.114725410177606],[-83.89786113772307,34.11470097554114],[-83.89792931040574,34.114676859029515],[-83.89800997076873,34.1146523577634],[-83.89810130490275,34.11462793478125],[-83.89815873855747,34.114614731982236],[-83.89820013199098,34.11460611119621],[-83.89823524316307,34.114598685713595],[-83.89882924676002,34.11447033042127],[-83.89887382418252,34.11445778356666],[-83.89891144928741,34.11443926105498],[-83.89893297795358,34.11442254451523],[-83.8989440241283,34.1144076470944],[-83.89885248442393,34.114389452473084],[-83.89835354282044,34.114290279253936],[-83.89849758883793,34.11381033794101],[-83.89852090165853,34.11374209615246],[-83.89854071224474,34.113694077743425],[-83.89856476004928,34.11364332140079],[-83.89859087506521,34.113595971306275],[-83.89861631395775,34.11355573967532],[-83.8986633046655,34.113490355310795],[-83.89871805677897,34.11342627985397],[-83.89880127261924,34.11334545068443],[-83.89888743882526,34.113282869086795],[-83.89895874498335,34.11323878024248],[-83.89902712020321,34.11320288773855],[-83.89924021179378,34.113091024075025],[-83.89930060818871,34.1130594426332],[-83.89991818896242,34.11273178475344],[-83.9000013457134,34.112690274368205],[-83.90006470177701,34.11266320878303],[-83.9001325755959,34.11263930947507],[-83.90020539059061,34.112618362774334],[-83.90028061468212,34.11260000344157],[-83.90036091713003,34.11258371613412],[-83.90044153174219,34.112573998518776],[-83.90051733069798,34.112571414705684],[-83.90058968254893,34.11257266780711],[-83.90066998552801,34.112577653584765],[-83.90096843899518,34.11261688268706],[-83.90100625875745,34.11262028959816],[-83.90104421815248,34.11262133370219],[-83.90108218442971,34.112620176098616],[-83.90112029248682,34.11261561975231],[-83.90115153015518,34.11261043635537],[-83.90118403576616,34.112601877390354],[-83.90123927677716,34.11258072619512],[-83.90127207048735,34.112564253571556],[-83.90130970648036,34.11254111413995],[-83.90134349598706,34.11251329338743],[-83.90137272858532,34.11248370466024],[-83.90139992969601,34.11244894536203],[-83.90142137868617,34.11241472180981],[-83.9014364396134,34.11238474632995],[-83.90188843743863,34.11128599207602],[-83.90200954439736,34.11099448575364],[-83.90210284823871,34.11076852086024],[-83.90218652573274,34.1105862412077],[-83.90213508164966,34.11056752857958],[-83.90206608325033,34.110542529114085],[-83.90185408334696,34.110464529983844],[-83.90124508129577,34.1102465281572],[-83.90041208041906,34.10994052849634],[-83.90016608140978,34.10985052906656],[-83.90002708097786,34.10979953033768],[-83.89942708163841,34.109580528344566],[-83.89883108045237,34.10936952934735],[-83.89828107911009,34.10916553063867],[-83.8979930797933,34.10906753073775],[-83.89789208110666,34.10903052983489],[-83.89719408106843,34.10877753115712],[-83.8964180778987,34.10849153049878],[-83.8963930811304,34.108482530708145],[-83.89276307754805,34.10715752904633],[-83.89176707913731,34.10679352909286],[-83.8901010787333,34.10618552943145],[-83.88936807602667,34.10592352849934],[-83.88788507836573,34.105394527862664],[-83.88665107692017,34.10495452794555],[-83.88627107598425,34.104819529789715],[-83.88622607679855,34.10480352911543],[-83.88550707527317,34.10454553030852],[-83.88464707569358,34.10423752899674],[-83.88328707683297,34.10375252977278],[-83.880055073899,34.10259652819981],[-83.88001207553995,34.10258152799183],[-83.87776707452628,34.101778528392785],[-83.8771700725581,34.101565528602805],[-83.87692507379728,34.101477528928065],[-83.87665707454754,34.101383530204046],[-83.87663807410559,34.10137652948485],[-83.87640807321915,34.101295528163874],[-83.87587107410424,34.10110052817149],[-83.87562407297078,34.10101252927744],[-83.87554707261124,34.1009845278857],[-83.8755190728547,34.100974527674026],[-83.87470807355224,34.10068352845812],[-83.87170807250257,34.09960752860382],[-83.86972507196374,34.0988955272507],[-83.86913607041659,34.09868452735936],[-83.86899707093782,34.09863452766653],[-83.86803406978734,34.09828752770542],[-83.86766007054132,34.09851252715399],[-83.86346507016725,34.100940528592226],[-83.85849006807699,34.10382253117656],[-83.85333706702903,34.10683252994885],[-83.85107706789198,34.108149532424406],[-83.85068306553815,34.10837953122589],[-83.8506070672237,34.10842353035871],[-83.84453006496959,34.111970531828554],[-83.84377306346312,34.11241253245128],[-83.8434240649125,34.1126145321383],[-83.84247706337345,34.11316453293636],[-83.8345160620337,34.11777253345378],[-83.83432706290678,34.11788053318229],[-83.83239405995408,34.118996533287095],[-83.82922106107473,34.12083153525673],[-83.82735606251912,34.12190853422197],[-83.82523205922743,34.123113534645924],[-83.82475705982917,34.123381535640625],[-83.82347706129295,34.12410653449481],[-83.82174905864863,34.12508553700413],[-83.82169105743752,34.12511853482884],[-83.81985706049446,34.12639053635138],[-83.81982005840565,34.12641453513943],[-83.81977205863046,34.126446535177095],[-83.81968906014079,34.12650253509559],[-83.82006905765358,34.126544535266646],[-83.82039006001936,34.12657053588352],[-83.82060505837543,34.12657953760959],[-83.82082005740139,34.126578535743754],[-83.8210350589,34.12656653582945],[-83.82124905914394,34.12654453761881],[-83.82150605773374,34.12639653730475],[-83.82204205982286,34.12633253622909],[-83.82270505854339,34.12638753513895],[-83.82300705834282,34.12632753546443],[-83.82319606053578,34.12624253603247],[-83.8232950587749,34.12620653532086],[-83.82339606138562,34.12617753652478],[-83.82350106075734,34.126154534516736],[-83.8236070587613,34.12613953507903],[-83.82371405947886,34.12613153474311],[-83.82382106051804,34.126135535473296],[-83.82392906059945,34.12614853593566],[-83.8241290578402,34.126213536502235],[-83.82442606060698,34.126334534839124],[-83.82469405933749,34.12659953591604],[-83.82503505979709,34.12717253480086],[-83.82504406144025,34.1274105345509],[-83.825078060064,34.12749553701613],[-83.8251210612707,34.12757953578794],[-83.82547006082407,34.12795853651178],[-83.8255830596946,34.12819953710709],[-83.82569905996209,34.12831853463307],[-83.82573206237049,34.12844453515778],[-83.82574006104483,34.12860853798358],[-83.82571106156036,34.12869553548796],[-83.82567306166564,34.128780537101385],[-83.82564205957551,34.12886753804166],[-83.82561706081358,34.12895553568144],[-83.82558506180462,34.129132535725525],[-83.82555206244322,34.12940253537629],[-83.82553406141783,34.12967253610001],[-83.8256220612177,34.12979453574222],[-83.82587006013387,34.12985753720105],[-83.82607705998284,34.12985753718841],[-83.82631706060761,34.12966753566585],[-83.82645806236609,34.12902053578946],[-83.82651306070008,34.12880253509236],[-83.8267390617304,34.12857653553467],[-83.82685806209707,34.12850553595572],[-83.82696206064273,34.12847953583407],[-83.82713305951536,34.12851453540275],[-83.82725706249904,34.128563535576916],[-83.82762305928053,34.12876653586109],[-83.82791706020473,34.128910535228414],[-83.82823205982642,34.12903753716095],[-83.82843906006738,34.129010536648074],[-83.82871105927643,34.128964535017005],[-83.82912506221746,34.1289105365388],[-83.82963606009243,34.1289835349695],[-83.82993806199754,34.129121536913026],[-83.83004306165049,34.1291465348529],[-83.83014306162417,34.12918153664434],[-83.83023906083442,34.129224535376835],[-83.830330063261,34.12927353490108],[-83.83046306205749,34.12929853613708],[-83.83072406150482,34.129424537230825],[-83.83093306117144,34.129448536810365],[-83.83096500499764,34.1294522034805],[-83.83101286576641,34.12959244155455],[-83.83112336753541,34.12991622745818],[-83.83118798084087,34.13010634698987],[-83.83129887350567,34.130427024173756],[-83.83143532058007,34.13082894445983],[-83.83149139827722,34.131005331729284],[-83.83151516038198,34.13108011730702],[-83.83213544876693,34.13107001943863],[-83.83296688308266,34.131048757227546],[-83.83391610529144,34.13103278363189],[-83.83500894939013,34.13100776809944],[-83.83509091425469,34.131005403670024],[-83.83546735564386,34.1309945202912],[-83.83569073764504,34.13098970849369],[-83.83581547720367,34.130991831609165],[-83.83591545978682,34.13099572807657],[-83.83592091088043,34.13099607184179],[-83.83601279132108,34.13100162337696],[-83.8361254026133,34.131013054061796],[-83.83623044200895,34.13102556962584],[-83.8363574267009,34.1310456111572],[-83.83647449165075,34.13106744530644],[-83.83661560193639,34.13110102055544],[-83.83672942458705,34.13113223948396],[-83.83682326701825,34.13116027880363],[-83.83692515280202,34.1311934453931],[-83.83697663441079,34.13121202488542],[-83.8373407972241,34.13135004748773],[-83.83757108081629,34.13143956501614],[-83.83793920857117,34.13158845259739],[-83.83817745179955,34.131688268500085],[-83.83833609535625,34.13176027866523],[-83.83845777632843,34.131819386261284],[-83.8385675353659,34.131876564923154],[-83.83870558140998,34.13195203850596],[-83.83887181272752,34.132052262075014],[-83.83903856255017,34.132156175234186],[-83.83919204734018,34.132255048027915],[-83.83930009305877,34.132328598067325],[-83.83942248942297,34.13241683630095],[-83.83955887296419,34.1325201385848],[-83.83974386564103,34.132666805308155],[-83.83982167144606,34.132732143774305],[-83.83988782746563,34.132793242535705],[-83.83996649221517,34.132867594653625],[-83.84008425644939,34.13298307967406],[-83.84019244167634,34.13309777005077],[-83.8403075512318,34.133225393204235],[-83.84041798922873,34.13335611073814],[-83.84055081551882,34.13351711546062],[-83.84072346900743,34.13373810709904],[-83.84086315040648,34.133912265934796],[-83.84098234825865,34.13406031865022],[-83.8410771206029,34.13417420540048],[-83.8411539490635,34.13425357827948],[-83.84125594969957,34.13435324333523],[-83.8413441488438,34.13443207461509],[-83.84142314543305,34.13448930625315],[-83.84150191978487,34.134544009175244],[-83.8415744991367,34.134585615284244],[-83.84167461720311,34.134633476487615],[-83.84178586542386,34.13468268609389],[-83.84201947270132,34.13477113567647],[-83.8423728915,34.13490826113023],[-83.84265921570909,34.13503037187092],[-83.84296768691014,34.13516889078097],[-83.84325720805029,34.13530241374949],[-83.84343777039459,34.135393410372],[-83.84358780538975,34.135471435384886],[-83.84367588568382,34.135521959956954],[-83.84378103111078,34.1355867637449],[-83.84386303753317,34.13564358699128],[-83.84395475134757,34.13571184269301],[-83.84405290094564,34.13579108045019],[-83.84422286042869,34.13593250319202],[-83.84432122092551,34.136017154471524],[-83.84451951294544,34.13620006149441],[-83.84472193731166,34.136391145688286],[-83.84501689357766,34.136679120387754],[-83.84528943810426,34.136951810458385],[-83.84536626389878,34.137033876451596],[-83.84548690996213,34.13716978134133],[-83.84561720835259,34.13732096455313],[-83.84570921411043,34.13743502709495],[-83.84581340982196,34.137568256897396],[-83.84595748097307,34.13775874204532],[-83.84605591997743,34.13788420107131],[-83.84613669439655,34.137971085998885],[-83.84623594519843,34.138066318283826],[-83.84629781306536,34.13811904998904],[-83.84640291826544,34.13819561093301],[-83.84648542472347,34.13825265641558],[-83.84658296228925,34.138312434095205],[-83.84669829845907,34.13837456616666],[-83.84688190885169,34.13846537090885],[-83.84711033415708,34.13858251674361],[-83.84722361883195,34.13863793510754],[-83.84735196082714,34.1387052944955],[-83.84749433972681,34.138783489555706],[-83.84765363522048,34.13887231223981],[-83.84783834276567,34.138970647629584],[-83.84787318163804,34.138987026323555],[-83.84804348284932,34.13906708651523],[-83.84818777460525,34.139129678206395],[-83.84839411604065,34.13921419421226],[-83.84857983344212,34.13929057724178],[-83.84876720364522,34.13936696426984],[-83.84896626329753,34.13944588228639],[-83.84916129469097,34.139524624571564],[-83.84927649636319,34.13957089389751],[-83.84940308214244,34.13962272292166],[-83.84950168834233,34.13966125853964],[-83.84958998361002,34.139692622303585],[-83.84970482309554,34.13973002039154],[-83.84983406865267,34.13976862942524],[-83.84993741438181,34.13979563739709],[-83.8500289853978,34.139816896094025],[-83.85013149520823,34.139836643899606],[-83.85023386111327,34.139851667787674],[-83.85033071110645,34.1398576857629],[-83.85041343088916,34.13985861382142],[-83.85051340653204,34.13985834566209],[-83.85058999233742,34.13985549544704],[-83.8506866896697,34.13984835215236],[-83.85077116789913,34.13983887196345],[-83.85084652983802,34.139827767934776],[-83.8509407210012,34.139810202756685],[-83.850989114007,34.13979936287864],[-83.85106768684967,34.13977796443203],[-83.8512180424739,34.13973020468863],[-83.85133712058614,34.13968577156808],[-83.85161532457789,34.13957257900103],[-83.85187194076126,34.13946103356812],[-83.85214453060608,34.13934617547859],[-83.8523614917855,34.139259399758245],[-83.85257224915978,34.13917908845482],[-83.85267771144608,34.13914311403241],[-83.85278603610212,34.13911068560119],[-83.85291388152244,34.13907322736521],[-83.85302916170187,34.139044639259815],[-83.85316931229946,34.13901226743844],[-83.85330028577015,34.13898622197685],[-83.85341322352194,34.13896647399305],[-83.85353114472355,34.13894847418731],[-83.85364316127465,34.138935926494135],[-83.85374042229788,34.13892817725538],[-83.85382636443339,34.13892509821984],[-83.85391152521758,34.13892778734953],[-83.85399243449731,34.13893458949456],[-83.85407835446568,34.138944891717024],[-83.85416858745636,34.13896147365509],[-83.85424873274172,34.13897995657045],[-83.85432767576225,34.13900104018503],[-83.85443928909268,34.13903531694178],[-83.85456674008573,34.13907719193673],[-83.8547058670149,34.139125252564575],[-83.85488522042886,34.13919020741765],[-83.8550089822423,34.1392379203387],[-83.85511068703703,34.13927978711736],[-83.85524702304733,34.13934100515787],[-83.85533896103279,34.13938809065831],[-83.85545077503531,34.13944921653904],[-83.85557246532679,34.13952122075655],[-83.85566043231375,34.139578246871395],[-83.855749702035,34.13964079939992],[-83.85584684012527,34.139711808017395],[-83.85598824873102,34.13982337959726],[-83.85613120472993,34.13994570195277],[-83.85627378433942,34.140071731453894],[-83.85668214136898,34.1404441648013],[-83.85685163781584,34.14060461238989],[-83.85694258047928,34.14069657292111],[-83.85699670792438,34.14075447380717],[-83.85705003207357,34.14081382962251],[-83.85714065774319,34.140921177646526],[-83.85720030993197,34.140996377767756],[-83.85725502737765,34.141071895407805],[-83.85731928886625,34.14116862457537],[-83.85737871137628,34.14126885864444],[-83.85742655576834,34.14135444414418],[-83.85748538584023,34.14146289381262],[-83.85766030695758,34.1418120372163],[-83.85788357530431,34.14227254175385],[-83.85798461868676,34.14247948216945],[-83.85813220026743,34.14276795806115],[-83.85833618161796,34.14315361236103],[-83.85866611939464,34.14375717434701],[-83.85873993898805,34.14389869274335],[-83.8587902191894,34.14398736184013],[-83.85884935136545,34.14408674242661],[-83.85890715992713,34.14417737869628],[-83.85895911249635,34.144251709330554],[-83.8590218888736,34.14433065348151],[-83.85909005713951,34.14440832272769],[-83.85917007599652,34.144490056256906],[-83.85925763162172,34.14457172746107],[-83.85936862336561,34.14467123853149],[-83.85951528267965,34.144796505359615],[-83.8597498674096,34.14498462027536],[-83.85998766873153,34.14516903270971],[-83.86024635238104,34.14536534106139],[-83.86093374386435,34.14587671133678],[-83.86111486290014,34.14601676436769],[-83.86135208324961,34.14620845759015],[-83.86146711588862,34.14630671005809],[-83.86158754286389,34.14641242480303],[-83.86172974210113,34.14654817606162],[-83.86215997258728,34.14697582652531],[-83.86236762986374,34.147172855815555]]]},"properties":{"OBJECTID":"13","COUNTY_NAM":"HALL","PRECINCTNO":"28","NAME":"28-Friendship I","LOCATION":"THE VENUE AT FRIENDSHIP SPRINGS - 7340 FRIENDSHIP SPRINGS BLVD","PRECINCT":"FRIENDSHIP I","MAPLABEL":"PRECINCT 28 - FRIENDSHIP I","GlobalID":"{DB260B98-66E1-4704-99FE-3F8E2945646A}","EDITED_BY":"RPEOPLES","EDITED_DT":"3/4/24, 8:27 AM","created_user":"","created_date":"","Shape_Length":"74,436.67","Shape_Area":"224,554,785.18"},"id":13},{"type":"Feature","geometry":{"type":"Polygon","coordinates":[[[-83.84722407205332,34.22076255591268],[-83.8475610702793,34.220918554329494],[-83.84824107166368,34.22117855430267],[-83.84854207236455,34.22125655519655],[-83.84877807173417,34.22133455458306],[-83.84900007402447,34.22140755404232],[-83.8494300722025,34.22152255423341],[-83.84967907234744,34.22156755418477],[-83.85007307339968,34.22160355425604],[-83.85165607283946,34.221668554054666],[-83.85185307297348,34.22168055508906],[-83.85203707296243,34.221715556125034],[-83.85235907402411,34.22181555600453],[-83.85299007209882,34.22202855507121],[-83.85314207394856,34.222079555061825],[-83.85354607412896,34.22221555610958],[-83.85373407265632,34.22229155532554],[-83.8544830738645,34.22259455445532],[-83.85468507318112,34.22266555611198],[-83.85497607495424,34.22276855548368],[-83.85538107523716,34.22289255565429],[-83.85543807305093,34.222909554521564],[-83.85579807313277,34.22301455453339],[-83.8560100728958,34.223054556756566],[-83.85623407361197,34.223071554423704],[-83.85644407474746,34.223060554546514],[-83.85665207522591,34.222999554619406],[-83.85679507562173,34.222919556033744],[-83.85693807534776,34.222840556232846],[-83.85733607629577,34.22256155578393],[-83.85814007428412,34.222063554359735],[-83.8589640736587,34.221559554460754],[-83.85913707526699,34.221476554877974],[-83.85935707504174,34.221415556074994],[-83.85941107385418,34.2213455562262],[-83.85946507456981,34.221290555113605],[-83.85953707546881,34.2212335542613],[-83.85964307609828,34.22117055459351],[-83.85986007410114,34.2210585546591],[-83.85998807466095,34.22100055581459],[-83.86032707482812,34.220882556181394],[-83.86045707545875,34.22085055541912],[-83.86058307540233,34.22082155402289],[-83.86084007706728,34.220773554671794],[-83.86112107456417,34.2207495561384],[-83.86136307495786,34.22075455492126],[-83.86114907696495,34.221269553381646],[-83.86124807494004,34.22117855420864],[-83.861386076966,34.22108455510469],[-83.86166307457886,34.220917554091],[-83.86199907573372,34.22075455420643],[-83.86231407535529,34.220613554034564],[-83.86257207654089,34.22050955431189],[-83.863171075,34.22026955403516],[-83.86340507461443,34.220163553843925],[-83.86359007461228,34.22007855535274],[-83.86402307652533,34.21986355443562],[-83.86425607586483,34.21974255317977],[-83.86436507637335,34.219686553093624],[-83.86484107793845,34.219448553034645],[-83.86520107729932,34.219255553539185],[-83.86545907797822,34.21911355401208],[-83.86599607775715,34.21881855316434],[-83.8661320778335,34.21874355456822],[-83.86625307580954,34.21868155328733],[-83.86641307717599,34.21859955285137],[-83.86659407553239,34.21850755541387],[-83.86697907912965,34.21833355321787],[-83.86729407617509,34.218213555187766],[-83.86836707673329,34.21790955401683],[-83.86871407771051,34.21779555447014],[-83.86911907651057,34.21762355413295],[-83.86937907692331,34.21747655455519],[-83.86958407813971,34.21733155436493],[-83.87004607633077,34.21697155249641],[-83.8702740769404,34.21678255259229],[-83.87065407665698,34.216466552230145],[-83.87095707804957,34.216217552997904],[-83.87110907794806,34.216099552925925],[-83.87136807805095,34.215897552654596],[-83.87145907897268,34.21582855429383],[-83.87170507862815,34.21567555293031],[-83.8717370794481,34.215660554471874],[-83.87203207839089,34.21552755202174],[-83.87224907877514,34.215456552123335],[-83.87236707991948,34.21541855309198],[-83.87257607881884,34.215373552270606],[-83.87279207907672,34.2153465535979],[-83.87285507885919,34.21534455334363],[-83.87297807849208,34.215341552625894],[-83.87323907845438,34.21533555154583],[-83.8739670782684,34.21533955306985],[-83.87502308035377,34.21534655303477],[-83.87578307876035,34.21535055314419],[-83.87592608037195,34.21535155216066],[-83.87619708014067,34.21535055335588],[-83.87640008000997,34.215334553847676],[-83.87646708068608,34.21532255270344],[-83.87673707975489,34.21527655399882],[-83.87697907887309,34.215214553043616],[-83.87714708125078,34.215159551785376],[-83.8773610799232,34.21507555200199],[-83.87751508035795,34.21501555217703],[-83.8776750803488,34.214932553316615],[-83.87784107866021,34.21483355350191],[-83.87790308076617,34.21478855167714],[-83.87800607982544,34.214716553657176],[-83.87815708034157,34.21457255151832],[-83.87828907998353,34.214439552550175],[-83.87883008100148,34.213751551852795],[-83.87895008118534,34.21360055357736],[-83.87905807930163,34.213463553011486],[-83.87923808189824,34.21324555220724],[-83.87950408244153,34.21294455322578],[-83.87960408056543,34.21283155168504],[-83.88060107961073,34.21153755047059],[-83.8813500798128,34.21056755248208],[-83.88150108031482,34.2103745511752],[-83.8816720805419,34.21015255243296],[-83.88192508082368,34.209826551958145],[-83.88222408233663,34.20944555083579],[-83.88256607984044,34.20901155049108],[-83.88271708226695,34.20881955109379],[-83.88355708076256,34.20772755218224],[-83.88388008177226,34.20732855066363],[-83.88404308095726,34.20712755233375],[-83.8841720823909,34.20696255159711],[-83.8843990807964,34.2066705505841],[-83.88473508241628,34.20614355034542],[-83.8850230805917,34.20551855178333],[-83.88504908255905,34.20546355153831],[-83.88532208097766,34.20479854948207],[-83.88565108312326,34.20398055120371],[-83.88577308254445,34.203680551442034],[-83.88596608093196,34.20325155076077],[-83.88608808197672,34.202979551259624],[-83.88634208231765,34.20235254927461],[-83.8863780804981,34.20226055055463],[-83.8865690813306,34.201790549040034],[-83.8866200815044,34.20163854955056],[-83.88715108002783,34.20005254984171],[-83.88735008254383,34.19922755031589],[-83.8874540829399,34.19884754756172],[-83.88759008214826,34.19835354941413],[-83.88770308193504,34.19786154898922],[-83.88781308072335,34.19738554840107],[-83.88786208046174,34.19717654709356],[-83.88794008169195,34.19697854882288],[-83.88807608338219,34.19675054751255],[-83.88817208330309,34.19662254963002],[-83.8883840823392,34.196380548376],[-83.8878260808977,34.19607954912155],[-83.88772408398019,34.196038547414666],[-83.88695608142501,34.19572954730769],[-83.88679508163649,34.195664548844604],[-83.88578508186265,34.19529154882935],[-83.88548808080115,34.195157549664536],[-83.88532008226701,34.19508254903006],[-83.88493508215093,34.19481254937228],[-83.88449308063066,34.194392547182225],[-83.88427307922595,34.19420254863456],[-83.88404107966417,34.19394654827337],[-83.88379708174095,34.19364754736428],[-83.88362008181133,34.19346354766702],[-83.88344707958817,34.19335554827959],[-83.88327508234102,34.1932615472383],[-83.88312108043723,34.19318754962977],[-83.88276208114031,34.193056547101186],[-83.88153708144101,34.1927005485058],[-83.88057208125923,34.192399547921625],[-83.87960408052722,34.19216254916917],[-83.87835207855126,34.19190654824148],[-83.8779740781424,34.191823547171744],[-83.87685907794778,34.19158254740358],[-83.87600908021813,34.191406547157314],[-83.87574007813626,34.191385549020154],[-83.87565408000977,34.1913795469558],[-83.87543507842454,34.191391547690635],[-83.87518407882773,34.191432548271656],[-83.87486707924327,34.19155254730974],[-83.87433407698063,34.19189154726567],[-83.8731130759014,34.192806548735284],[-83.87163207731633,34.193899547373654],[-83.87135007546333,34.19403854934313],[-83.87099107780041,34.19413854903195],[-83.87056307659314,34.194204549939215],[-83.86931307738922,34.19415654922959],[-83.86865407543596,34.1941155490645],[-83.86781807543798,34.19410054712883],[-83.86642907605048,34.194161548284356],[-83.8662070773855,34.19418654862872],[-83.86612807506212,34.194196550293775],[-83.8657570754271,34.19423954919738],[-83.8651010759695,34.194297548855154],[-83.86462007512495,34.194315549630254],[-83.86418107534857,34.194290548939996],[-83.86379907532421,34.194222549100836],[-83.86332307331718,34.19410054947048],[-83.8629050733237,34.193963547632265],[-83.86220107392398,34.19372254900515],[-83.86173707361401,34.19356354928011],[-83.86138607442555,34.19344454850224],[-83.86081107474692,34.19326354796873],[-83.86074607364111,34.193242547497185],[-83.86052507584253,34.19317754981441],[-83.86023707533838,34.193128549889515],[-83.85974607395808,34.19309754764155],[-83.8594350736779,34.19313254879647],[-83.85901807491265,34.19324754822517],[-83.85826207333793,34.193587548746834],[-83.85811007203719,34.19306754964851],[-83.85793007212393,34.19245055009633],[-83.85788907350667,34.19230654799147],[-83.85755607362937,34.191438549902884],[-83.85751607452423,34.19135454818937],[-83.85723907296578,34.190780549530615],[-83.85668707380344,34.18992354847545],[-83.85573907325352,34.18857254774802],[-83.85550707193717,34.188226549158415],[-83.85482707116606,34.18728254685276],[-83.85395407139175,34.18639954817053],[-83.85218607196606,34.18473754604188],[-83.851001069765,34.18362954859824],[-83.84999507027479,34.18278354653037],[-83.84919107125793,34.18222054773574],[-83.84877606974588,34.18198554597313],[-83.84738607064186,34.181197546914845],[-83.84616806826726,34.180499546265274],[-83.84590306977015,34.18056954751938],[-83.84570707070372,34.18054554771536],[-83.8452100698661,34.180360547855365],[-83.84441006719966,34.180036547740094],[-83.844538068102,34.18043754673179],[-83.8446410678792,34.180880548138695],[-83.84464206967738,34.181122546465964],[-83.8446160675786,34.18136054749292],[-83.84459206872444,34.18152754636558],[-83.84407506803893,34.18136554578566],[-83.84356306792527,34.18129754781914],[-83.84313207012815,34.18079054829514],[-83.84258706662177,34.180557548568366],[-83.84169306764629,34.17998254768223],[-83.83920106803897,34.179407546387004],[-83.83891606839944,34.17934154649269],[-83.83857906654475,34.179354545761356],[-83.8383480677491,34.17936354610812],[-83.83785806678081,34.17939854747699],[-83.83782406736697,34.17940054715865],[-83.83733006780285,34.179436546384366],[-83.8370040672178,34.17944154670143],[-83.83642606634251,34.17935754761678],[-83.83552906789787,34.17935854652022],[-83.83400806568798,34.1791815475376],[-83.83281806652559,34.179169547021345],[-83.83273106451095,34.17918054681025],[-83.83139706529086,34.17934954759906],[-83.83091906582659,34.17966454716087],[-83.83054106608583,34.180748546317474],[-83.83052406595161,34.180804546146774],[-83.83039206586858,34.18077654717244],[-83.8300040637657,34.18085854671297],[-83.82948306357615,34.18096854634849],[-83.82892206537383,34.181449547615806],[-83.82860806360154,34.18146354656544],[-83.82680606472776,34.1808485465689],[-83.82535206264535,34.18093254754147],[-83.82472406284305,34.18076854832166],[-83.82436006251987,34.18087854704033],[-83.82374906328162,34.18081054728323],[-83.82348906238276,34.1809535481524],[-83.82307206432145,34.18118154714651],[-83.8226480637521,34.18122854913025],[-83.82206406319389,34.1812925470792],[-83.82196506331148,34.18149754819263],[-83.82140406143135,34.18167654844923],[-83.8205460607598,34.18222554934471],[-83.81993406208584,34.18232254734806],[-83.81953806278274,34.182569549462116],[-83.8188440601482,34.182734546737066],[-83.81815106230246,34.18327054930506],[-83.81749106103184,34.18354554719101],[-83.81633406208012,34.183587547883455],[-83.81593706095106,34.183519548390684],[-83.81564005984087,34.183410547287565],[-83.81519306074135,34.18305454681696],[-83.81436706077713,34.18302754762381],[-83.81327505807799,34.18265854932965],[-83.81286205954136,34.18268654905517],[-83.81231705947913,34.18293354796325],[-83.81139205911161,34.18285254873102],[-83.80975505969003,34.18210054923634],[-83.80897705850508,34.181456548606064],[-83.80861305941644,34.18142954834513],[-83.80872905932704,34.18163454732989],[-83.80864705872611,34.18192254861637],[-83.80881305964034,34.18216954871755],[-83.8087800588867,34.18249854752518],[-83.80896305826074,34.182813548784424],[-83.80894705767285,34.183417549990395],[-83.80962505744999,34.18364954952767],[-83.80995705956167,34.18433454818568],[-83.80977606054537,34.18473254902222],[-83.80976005788537,34.18543155047255],[-83.81007505907635,34.18562354883847],[-83.81021005810615,34.185656548815764],[-83.81085205885265,34.18581454824787],[-83.81141705881043,34.18577954840774],[-83.81154605859787,34.18577254863331],[-83.81167905788469,34.1866635498788],[-83.81242505837027,34.18771855113013],[-83.81269006123783,34.18847254907026],[-83.81325305985729,34.18881455012686],[-83.81328606028755,34.18911555089704],[-83.81346805971448,34.18925255093418],[-83.81337005979289,34.18977355039684],[-83.81342005883776,34.19004855137122],[-83.81366105890864,34.19032155139792],[-83.81394106012702,34.190635550955236],[-83.81396605947924,34.19066455114979],[-83.81451206053549,34.19089655165336],[-83.8157180620999,34.19089554970694],[-83.81596706080533,34.191142549171644],[-83.81634806068416,34.191882551431476],[-83.81655206103383,34.19191355148021],[-83.81714106212593,34.192004550169024],[-83.81808506238471,34.192689550636395],[-83.81826706094859,34.19315554977448],[-83.81818706164223,34.19469055020343],[-83.81836906123151,34.19496455164822],[-83.8185840608118,34.19504655076359],[-83.81903006231411,34.19499155179842],[-83.81950806280545,34.19430555168607],[-83.81982206085718,34.194072550983904],[-83.82007006260437,34.19411255111165],[-83.82017006408596,34.194524551363514],[-83.82035206181799,34.19463355227613],[-83.82074806403826,34.19430454977554],[-83.82101206202667,34.19394755041844],[-83.82109406224299,34.19357755190103],[-83.82101006372194,34.193234551699106],[-83.82110906236191,34.193124551133856],[-83.82152106395648,34.19312355153758],[-83.82191906183836,34.19312354893653],[-83.82264606446549,34.19331555129077],[-83.82312606379033,34.19354755020104],[-83.82344006237967,34.193533551023364],[-83.82411706531144,34.19301155056881],[-83.82494206434644,34.192764551451354],[-83.8270060645228,34.19182955020875],[-83.82735306508394,34.191788550459734],[-83.82775406506875,34.19203355084269],[-83.8288090657833,34.19267854951543],[-83.82942206557144,34.19339054987447],[-83.83018206694632,34.19358155068333],[-83.83043106374893,34.19391055086899],[-83.83087706622909,34.19422554908281],[-83.83110906408234,34.19474555039382],[-83.83163906687093,34.195170549186756],[-83.83212006635287,34.19604755079765],[-83.83250006533395,34.19632154911297],[-83.83344306569373,34.19667655069533],[-83.83438506698789,34.197127550527036],[-83.83468306587106,34.19738854987381],[-83.83527806574848,34.197510550121066],[-83.83569206731538,34.19777155015593],[-83.83574306821225,34.198703551726815],[-83.8358920668023,34.1991145497028],[-83.8361080655691,34.19938855160164],[-83.83673606727089,34.19979955168091],[-83.836869068675,34.200018551283215],[-83.83687006880015,34.20036055103327],[-83.83660606722944,34.20096455318336],[-83.83664006895059,34.2012245513137],[-83.83758406874605,34.20284155259154],[-83.83814706716132,34.20334855304796],[-83.83841206890726,34.20382855106936],[-83.83844606744876,34.20451355267231],[-83.83907606766977,34.205541551710844],[-83.8392760679121,34.20645955206083],[-83.83861707029335,34.20757055201544],[-83.83853706779226,34.209051552881576],[-83.8382410688691,34.21002555207125],[-83.83805706798012,34.21031755245766],[-83.83768106894856,34.21091655401249],[-83.83697106715674,34.21171255403743],[-83.83636906826436,34.21227655456488],[-83.83661006891717,34.212960554101656],[-83.83667106743786,34.21309055454562],[-83.83650806717809,34.213146555109525],[-83.83626806933499,34.21320755292228],[-83.8366270691647,34.21387055395937],[-83.8370280691213,34.214509552994826],[-83.83738206763388,34.21493955532107],[-83.83796906840662,34.21557655482767],[-83.83819106823995,34.215817556145666],[-83.83840706768451,34.21599755332213],[-83.83860807072766,34.2161175537438],[-83.83894706860117,34.21625555401074],[-83.83977706717226,34.216524553133546],[-83.84025606804559,34.21664855338729],[-83.84070607051869,34.21674455444489],[-83.8412110711601,34.21681155428571],[-83.8418240684348,34.216904554918585],[-83.8422820701493,34.217012555244644],[-83.84273507015308,34.21716555405454],[-83.84329907057541,34.21739455534186],[-83.84441407178566,34.217886554397346],[-83.84470407180302,34.21804955429964],[-83.84486407248258,34.21816955493785],[-83.84507507142865,34.21837355356337],[-83.84532407086218,34.21872755419277],[-83.84547606948722,34.21900655357733],[-83.84570507202821,34.21936655517519],[-83.84621707282996,34.220064556132215],[-83.84631507038215,34.22015855524337],[-83.8464750716092,34.2202955558308],[-83.8468920729697,34.22057355540159],[-83.84722407205332,34.22076255591268]]]},"properties":{"OBJECTID":"14","COUNTY_NAM":"HALL","PRECINCTNO":"9","NAME":"09-Morgan II","LOCATION":"CHRIST PLACE CHURCH - 3428 ATLANTA HWY","PRECINCT":"MORGAN II","MAPLABEL":"PRECINCT 9 - MORGAN II","GlobalID":"{E3733262-9295-4A00-8B87-17B6CB204225}","EDITED_BY":"JBUDD","EDITED_DT":"2/7/20, 9:44 AM","created_user":"","created_date":"","Shape_Length":"72,428.35","Shape_Area":"188,296,296.69"},"id":14},{"type":"Feature","geometry":{"type":"Polygon","coordinates":[[[-83.86023707533838,34.193128549889515],[-83.86052507584253,34.19317754981441],[-83.86074607364111,34.193242547497185],[-83.86081107474692,34.19326354796873],[-83.86138607442555,34.19344454850224],[-83.86173707361401,34.19356354928011],[-83.86220107392398,34.19372254900515],[-83.8629050733237,34.193963547632265],[-83.86332307331718,34.19410054947048],[-83.86379907532421,34.194222549100836],[-83.86418107534857,34.194290548939996],[-83.86462007512495,34.194315549630254],[-83.8651010759695,34.194297548855154],[-83.8657570754271,34.19423954919738],[-83.86612807506212,34.194196550293775],[-83.86600807441702,34.19403754786008],[-83.86656807485998,34.19265254789233],[-83.8662690758658,34.19176154777284],[-83.86608507644242,34.19051454677525],[-83.86575407378162,34.18997954753479],[-83.8655210753086,34.18914354716706],[-83.86504107565705,34.18895254664481],[-83.86492507410951,34.18877454737326],[-83.86509007443506,34.188554548720504],[-83.86553607716196,34.18829354940517],[-83.8655030744225,34.188156546738384],[-83.86522207409656,34.18800654630057],[-83.86551807527316,34.18762154615873],[-83.86566607542339,34.18701854760821],[-83.8650530758618,34.1857985485102],[-83.86495207553365,34.18507254752503],[-83.86506707499814,34.18444154515779],[-83.86500007634841,34.18400254690578],[-83.8653790740435,34.18360454613592],[-83.86541207371381,34.1833585480774],[-83.86497307282102,34.18272254544761],[-83.86527807305475,34.182138545197574],[-83.8662180758869,34.18134154636214],[-83.86622607523677,34.181256546877506],[-83.86625107480401,34.18098554493039],[-83.86580407446898,34.18046454586765],[-83.86582007529606,34.18009454620732],[-83.86603407520928,34.17979254556075],[-83.86682607478853,34.17935354416673],[-83.86684207488862,34.178708546490796],[-83.86717107511289,34.17820154508026],[-83.86715407447359,34.17780354407834],[-83.86646707450525,34.177428544564464],[-83.8663770746801,34.17737954379061],[-83.86604507592438,34.17680454461394],[-83.86622707499393,34.176653544661306],[-83.86721807411055,34.17650154589589],[-83.86748207600509,34.17633654497574],[-83.86754707361274,34.17566454555182],[-83.8677280733956,34.175116545905546],[-83.86762807525085,34.17443054467088],[-83.86779307589174,34.17418354451511],[-83.8678740746228,34.17374454407349],[-83.8683690758896,34.17308654503988],[-83.86902907441338,34.17230454435313],[-83.86942407401303,34.1715225439904],[-83.86965507413797,34.17154954513458],[-83.86982107423702,34.17198754519293],[-83.87031707486985,34.1719605429981],[-83.87084507624587,34.171630544014015],[-83.87122407516598,34.1710405445625],[-83.87148907610157,34.17086154450092],[-83.87198407697429,34.17082054313472],[-83.87276107746777,34.1710255431292],[-83.87324007683885,34.17090154198752],[-83.87337207455741,34.170544543917046],[-83.87340407698343,34.16992754453652],[-83.87320507788144,34.16991454304921],[-83.87292507512575,34.17014754337934],[-83.87272707511352,34.17010654365983],[-83.8726930768403,34.1695995446943],[-83.87234507654564,34.16910654402957],[-83.87231107734372,34.168900542403726],[-83.87293807669565,34.16833754312091],[-83.8732340756144,34.1674735445641],[-83.87371307759845,34.16728154423643],[-83.8737610745653,34.16607454241284],[-83.87399107591929,34.16536154342201],[-83.87385807530575,34.16479954189107],[-83.8741050782711,34.16419654138189],[-83.87412007461475,34.16363454108094],[-83.87296007482749,34.16179854131451],[-83.8722320767711,34.161168540709525],[-83.87211607462791,34.16067454256111],[-83.87163607467522,34.16008554083345],[-83.87166807364598,34.15999454145464],[-83.87181607436742,34.15957854108671],[-83.8718160748226,34.159249542315536],[-83.87146807552368,34.15870154214811],[-83.87172007560116,34.158440540541505],[-83.87188007678031,34.15827554101346],[-83.87141707489195,34.15771454019661],[-83.87144907444734,34.157124541897865],[-83.8728850758339,34.156026540987476],[-83.8733140754827,34.15561454117379],[-83.87352807703708,34.15524454128159],[-83.87354307731083,34.15473653944685],[-83.87331907687259,34.15383654028262],[-83.87327707546127,34.153667541481],[-83.87334207462497,34.15306453988464],[-83.87322507621047,34.15235153877866],[-83.87335707565846,34.1518575395199],[-83.87372007761348,34.15170654074202],[-83.87433207626854,34.15200753832279],[-83.87494407484935,34.15214453995037],[-83.87531007528351,34.15212953927698],[-83.87553807720417,34.15217354068018],[-83.87610207693304,34.152418540159],[-83.87634507647513,34.152415539355566],[-83.87647407507075,34.152373540627586],[-83.87655707568572,34.152285540083355],[-83.87657207529722,34.152054540019144],[-83.87648907584386,34.15187653850618],[-83.87583507464235,34.151139539961385],[-83.8757810769458,34.150949539704484],[-83.87585007618884,34.15075153978206],[-83.87609307680488,34.15053053826261],[-83.8764880763732,34.15041454017763],[-83.87679907501582,34.150383539646725],[-83.8771620761154,34.150118540124915],[-83.87723807611846,34.14993953988446],[-83.87724407533788,34.14965653874785],[-83.8771750773394,34.14942053945373],[-83.87717507571995,34.14925253886978],[-83.8772350777851,34.149098539084946],[-83.87787707786335,34.1487395399161],[-83.87821607792606,34.148414539038086],[-83.87834407730203,34.14822953748249],[-83.87855407647672,34.14772354021339],[-83.87887707633762,34.147222538152484],[-83.87887871258656,34.14722001571679],[-83.87877625975712,34.147217843390436],[-83.87834931800215,34.14719801706249],[-83.87794719878936,34.14717811058611],[-83.87764569820281,34.14716627187097],[-83.87722733254313,34.14715214729439],[-83.8769703312993,34.14714618474158],[-83.87635238957289,34.14713334870487],[-83.87578882762914,34.14711769650601],[-83.87559681012964,34.14711221320842],[-83.87501551206167,34.14710220718238],[-83.87476184534559,34.14709855150541],[-83.87448492990168,34.14709841480299],[-83.87398801896511,34.147097341180185],[-83.87363714731771,34.14710216442688],[-83.87347791428144,34.147107198342546],[-83.87327896642873,34.147117743271004],[-83.87312145626629,34.147131299116595],[-83.8730352930257,34.14713933725713],[-83.87291473931977,34.1471528991766],[-83.87280967871945,34.147167020086265],[-83.87269016050678,34.14718591539806],[-83.8725861110769,34.147204875597595],[-83.87235967549185,34.147250088058364],[-83.8722874616247,34.14726632666666],[-83.87224628273624,34.147275589186236],[-83.87213637853279,34.14730481675836],[-83.87200019947413,34.1473432892426],[-83.87183654696706,34.147393573219816],[-83.87131735234131,34.1475643821475],[-83.87089209630977,34.14770559856006],[-83.87070799519702,34.14777130133359],[-83.87052793594891,34.147842754938864],[-83.8704018835934,34.14789617958748],[-83.87023449285482,34.14797390056743],[-83.87007734623758,34.148054121847],[-83.86985374456938,34.14817603523149],[-83.86958194313654,34.14832858228641],[-83.86944637326025,34.148409679019956],[-83.86936566933181,34.14846265699343],[-83.86930669776255,34.14850184175551],[-83.86926206143464,34.14853413335906],[-83.86920038529503,34.1485810291729],[-83.8691304444486,34.14863758084541],[-83.86907539738627,34.14868814953155],[-83.86901645786587,34.148745630301704],[-83.86895633884859,34.14881133163247],[-83.86888958206012,34.14889245484742],[-83.86882108877124,34.148988774706595],[-83.86877295756032,34.14906535752855],[-83.86872690589328,34.14914326350944],[-83.86848798633459,34.14957805741818],[-83.86841492596697,34.149703853512705],[-83.86835156899453,34.14980526786346],[-83.86829268792809,34.14989325839031],[-83.86819628941129,34.15002872132416],[-83.86813028762975,34.15012070204632],[-83.86805787829621,34.150210361767385],[-83.86796460208312,34.15032338239016],[-83.86789523189113,34.15040417140048],[-83.8677745086481,34.15053943954717],[-83.86768267305158,34.15063611303128],[-83.86760602325506,34.15071050896564],[-83.8675102844477,34.15079884567808],[-83.86742998418963,34.15086798351859],[-83.86735825074346,34.15092612290018],[-83.86728584456563,34.150977884519634],[-83.86720868438718,34.151028013431706],[-83.86712188594582,34.15108323081997],[-83.86703599748053,34.15113377649949],[-83.86691547279769,34.15120171676959],[-83.86679740434634,34.15126716640392],[-83.8666653631793,34.15133793274326],[-83.86652602265146,34.15140890378701],[-83.86633189991839,34.151500215876155],[-83.86615050281941,34.15158268080508],[-83.86602139504046,34.151637571133456],[-83.86600493810681,34.15164466875434],[-83.86587262109312,34.15170173382597],[-83.86572481525045,34.15176347792837],[-83.86565238528264,34.15179303404029],[-83.86561347359476,34.151804342892504],[-83.86557003915655,34.15181396457499],[-83.86554806242609,34.15170091020264],[-83.86553412905086,34.151643514767315],[-83.86552170276114,34.15159232509692],[-83.8654940754725,34.15149747627587],[-83.86545249721253,34.15136673138521],[-83.8654162887785,34.15126851567015],[-83.86541124688951,34.15125483872748],[-83.8653688383317,34.15115214849409],[-83.86533119015056,34.15106730617917],[-83.86528965327945,34.15098121731716],[-83.8652393689868,34.1508811710115],[-83.86519852076692,34.15080519970129],[-83.86515371519477,34.150725944966524],[-83.86508977908944,34.15061734950278],[-83.86497969806813,34.150443374161874],[-83.864856057131,34.1502536731239],[-83.86475420463768,34.1500992292178],[-83.86465781037353,34.14996249515721],[-83.86449644562127,34.1497395321611],[-83.86438301630001,34.14958648756879],[-83.86429466423635,34.14946620458564],[-83.86417703021458,34.149307378332445],[-83.86397767125261,34.149042583477254],[-83.86385667235626,34.14888223393349],[-83.86368087829081,34.14865434399507],[-83.86328701122659,34.148138272890904],[-83.86316763884317,34.1479862574107],[-83.86305758398197,34.14785339129492],[-83.8629796621198,34.14776555990861],[-83.86289520271588,34.1476758496004],[-83.86278612806021,34.14756595560361],[-83.86256404204413,34.14735405373572],[-83.86236762986374,34.147172855815555],[-83.86215997258728,34.14697582652531],[-83.86172974210113,34.14654817606162],[-83.86158754286389,34.14641242480303],[-83.86146711588862,34.14630671005809],[-83.86135208324961,34.14620845759015],[-83.86111486290014,34.14601676436769],[-83.86093374386435,34.14587671133678],[-83.86024635238104,34.14536534106139],[-83.85998766873153,34.14516903270971],[-83.8597498674096,34.14498462027536],[-83.85951528267965,34.144796505359615],[-83.85936862336561,34.14467123853149],[-83.85925763162172,34.14457172746107],[-83.85917007599652,34.144490056256906],[-83.85909005713951,34.14440832272769],[-83.8590218888736,34.14433065348151],[-83.85895911249635,34.144251709330554],[-83.85890715992713,34.14417737869628],[-83.85884935136545,34.14408674242661],[-83.8587902191894,34.14398736184013],[-83.85873993898805,34.14389869274335],[-83.85866611939464,34.14375717434701],[-83.85833618161796,34.14315361236103],[-83.85813220026743,34.14276795806115],[-83.85798461868676,34.14247948216945],[-83.85788357530431,34.14227254175385],[-83.85766030695758,34.1418120372163],[-83.85748538584023,34.14146289381262],[-83.85742655576834,34.14135444414418],[-83.85737871137628,34.14126885864444],[-83.85731928886625,34.14116862457537],[-83.85725502737765,34.141071895407805],[-83.85720030993197,34.140996377767756],[-83.85714065774319,34.140921177646526],[-83.85705003207357,34.14081382962251],[-83.85699670792438,34.14075447380717],[-83.85694258047928,34.14069657292111],[-83.85685163781584,34.14060461238989],[-83.85668214136898,34.1404441648013],[-83.85627378433942,34.140071731453894],[-83.85613120472993,34.13994570195277],[-83.85598824873102,34.13982337959726],[-83.85584684012527,34.139711808017395],[-83.855749702035,34.13964079939992],[-83.85566043231375,34.139578246871395],[-83.85557246532679,34.13952122075655],[-83.85545077503531,34.13944921653904],[-83.85533896103279,34.13938809065831],[-83.85524702304733,34.13934100515787],[-83.85511068703703,34.13927978711736],[-83.8550089822423,34.1392379203387],[-83.85488522042886,34.13919020741765],[-83.8547058670149,34.139125252564575],[-83.85456674008573,34.13907719193673],[-83.85443928909268,34.13903531694178],[-83.85432767576225,34.13900104018503],[-83.85424873274172,34.13897995657045],[-83.85416858745636,34.13896147365509],[-83.85407835446568,34.138944891717024],[-83.85399243449731,34.13893458949456],[-83.85391152521758,34.13892778734953],[-83.85382636443339,34.13892509821984],[-83.85374042229788,34.13892817725538],[-83.85364316127465,34.138935926494135],[-83.85353114472355,34.13894847418731],[-83.85341322352194,34.13896647399305],[-83.85330028577015,34.13898622197685],[-83.85316931229946,34.13901226743844],[-83.85302916170187,34.139044639259815],[-83.85291388152244,34.13907322736521],[-83.85278603610212,34.13911068560119],[-83.85267771144608,34.13914311403241],[-83.85257224915978,34.13917908845482],[-83.8523614917855,34.139259399758245],[-83.85214453060608,34.13934617547859],[-83.85187194076126,34.13946103356812],[-83.85161532457789,34.13957257900103],[-83.85133712058614,34.13968577156808],[-83.8512180424739,34.13973020468863],[-83.85106768684967,34.13977796443203],[-83.850989114007,34.13979936287864],[-83.8509407210012,34.139810202756685],[-83.85084652983802,34.139827767934776],[-83.85077116789913,34.13983887196345],[-83.8506866896697,34.13984835215236],[-83.85058999233742,34.13985549544704],[-83.85051340653204,34.13985834566209],[-83.85041343088916,34.13985861382142],[-83.85033071110645,34.1398576857629],[-83.85023386111327,34.139851667787674],[-83.85013149520823,34.139836643899606],[-83.8500289853978,34.139816896094025],[-83.84993741438181,34.13979563739709],[-83.84983406865267,34.13976862942524],[-83.84970482309554,34.13973002039154],[-83.84958998361002,34.139692622303585],[-83.84950168834233,34.13966125853964],[-83.84940308214244,34.13962272292166],[-83.84927649636319,34.13957089389751],[-83.84916129469097,34.139524624571564],[-83.84896626329753,34.13944588228639],[-83.84876720364522,34.13936696426984],[-83.84857983344212,34.13929057724178],[-83.84839411604065,34.13921419421226],[-83.84818777460525,34.139129678206395],[-83.84804348284932,34.13906708651523],[-83.84787318163804,34.138987026323555],[-83.84783834276567,34.138970647629584],[-83.84765363522048,34.13887231223981],[-83.84749433972681,34.138783489555706],[-83.84735196082714,34.1387052944955],[-83.84722361883195,34.13863793510754],[-83.84711033415708,34.13858251674361],[-83.84688190885169,34.13846537090885],[-83.84669829845907,34.13837456616666],[-83.84658296228925,34.138312434095205],[-83.84648542472347,34.13825265641558],[-83.84640291826544,34.13819561093301],[-83.84629781306536,34.13811904998904],[-83.84623594519843,34.138066318283826],[-83.84613669439655,34.137971085998885],[-83.84605591997743,34.13788420107131],[-83.84595748097307,34.13775874204532],[-83.84581340982196,34.137568256897396],[-83.84570921411043,34.13743502709495],[-83.84561720835259,34.13732096455313],[-83.84548690996213,34.13716978134133],[-83.84536626389878,34.137033876451596],[-83.84528943810426,34.136951810458385],[-83.84501689357766,34.136679120387754],[-83.84472193731166,34.136391145688286],[-83.84451951294544,34.13620006149441],[-83.84432122092551,34.136017154471524],[-83.84422286042869,34.13593250319202],[-83.84405290094564,34.13579108045019],[-83.84395475134757,34.13571184269301],[-83.84386303753317,34.13564358699128],[-83.84378103111078,34.1355867637449],[-83.84367588568382,34.135521959956954],[-83.84358780538975,34.135471435384886],[-83.84343777039459,34.135393410372],[-83.84325720805029,34.13530241374949],[-83.84296768691014,34.13516889078097],[-83.84265921570909,34.13503037187092],[-83.8423728915,34.13490826113023],[-83.84201947270132,34.13477113567647],[-83.84178586542386,34.13468268609389],[-83.84167461720311,34.134633476487615],[-83.8415744991367,34.134585615284244],[-83.84150191978487,34.134544009175244],[-83.84142314543305,34.13448930625315],[-83.8413441488438,34.13443207461509],[-83.84125594969957,34.13435324333523],[-83.8411539490635,34.13425357827948],[-83.8410771206029,34.13417420540048],[-83.84098234825865,34.13406031865022],[-83.84086315040648,34.133912265934796],[-83.84072346900743,34.13373810709904],[-83.84055081551882,34.13351711546062],[-83.84041798922873,34.13335611073814],[-83.8403075512318,34.133225393204235],[-83.84019244167634,34.13309777005077],[-83.84008425644939,34.13298307967406],[-83.83996649221517,34.132867594653625],[-83.83988782746563,34.132793242535705],[-83.83982167144606,34.132732143774305],[-83.83974386564103,34.132666805308155],[-83.83955887296419,34.1325201385848],[-83.83942248942297,34.13241683630095],[-83.83930009305877,34.132328598067325],[-83.83919204734018,34.132255048027915],[-83.83903856255017,34.132156175234186],[-83.83887181272752,34.132052262075014],[-83.83870558140998,34.13195203850596],[-83.8385675353659,34.131876564923154],[-83.83845777632843,34.131819386261284],[-83.83833609535625,34.13176027866523],[-83.83817745179955,34.131688268500085],[-83.83793920857117,34.13158845259739],[-83.83757108081629,34.13143956501614],[-83.8373407972241,34.13135004748773],[-83.83697663441079,34.13121202488542],[-83.83692515280202,34.1311934453931],[-83.83682326701825,34.13116027880363],[-83.83672942458705,34.13113223948396],[-83.83661560193639,34.13110102055544],[-83.83647449165075,34.13106744530644],[-83.8363574267009,34.1310456111572],[-83.83623044200895,34.13102556962584],[-83.8361254026133,34.131013054061796],[-83.83601279132108,34.13100162337696],[-83.83592091088043,34.13099607184179],[-83.83591545978682,34.13099572807657],[-83.83581547720367,34.130991831609165],[-83.83569073764504,34.13098970849369],[-83.83546735564386,34.1309945202912],[-83.83509091425469,34.131005403670024],[-83.83500894939013,34.13100776809944],[-83.83391610529144,34.13103278363189],[-83.83296688308266,34.131048757227546],[-83.83213544876693,34.13107001943863],[-83.83151516038198,34.13108011730702],[-83.83149139827722,34.131005331729284],[-83.83143532058007,34.13082894445983],[-83.83129887350567,34.130427024173756],[-83.83118798084087,34.13010634698987],[-83.83112336753541,34.12991622745818],[-83.83101286576641,34.12959244155455],[-83.83096500499764,34.1294522034805],[-83.83093306117144,34.129448536810365],[-83.83072406150482,34.129424537230825],[-83.83046306205749,34.12929853613708],[-83.830330063261,34.12927353490108],[-83.83023906083442,34.129224535376835],[-83.83014306162417,34.12918153664434],[-83.83004306165049,34.1291465348529],[-83.82993806199754,34.129121536913026],[-83.82963606009243,34.1289835349695],[-83.82912506221746,34.1289105365388],[-83.82871105927643,34.128964535017005],[-83.82843906006738,34.129010536648074],[-83.82823205982642,34.12903753716095],[-83.82791706020473,34.128910535228414],[-83.82762305928053,34.12876653586109],[-83.82725706249904,34.128563535576916],[-83.82713305951536,34.12851453540275],[-83.82696206064273,34.12847953583407],[-83.82685806209707,34.12850553595572],[-83.8267390617304,34.12857653553467],[-83.82651306070008,34.12880253509236],[-83.82645806236609,34.12902053578946],[-83.82631706060761,34.12966753566585],[-83.82607705998284,34.12985753718841],[-83.82587006013387,34.12985753720105],[-83.8256220612177,34.12979453574222],[-83.82553406141783,34.12967253610001],[-83.82555206244322,34.12940253537629],[-83.82558506180462,34.129132535725525],[-83.82561706081358,34.12895553568144],[-83.82564205957551,34.12886753804166],[-83.82567306166564,34.128780537101385],[-83.82571106156036,34.12869553548796],[-83.82574006104483,34.12860853798358],[-83.82573206237049,34.12844453515778],[-83.82569905996209,34.12831853463307],[-83.8255830596946,34.12819953710709],[-83.82547006082407,34.12795853651178],[-83.8251210612707,34.12757953578794],[-83.825078060064,34.12749553701613],[-83.82504406144025,34.1274105345509],[-83.82503505979709,34.12717253480086],[-83.82469405933749,34.12659953591604],[-83.82442606060698,34.126334534839124],[-83.8241290578402,34.126213536502235],[-83.82392906059945,34.12614853593566],[-83.82382106051804,34.126135535473296],[-83.82371405947886,34.12613153474311],[-83.8236070587613,34.12613953507903],[-83.82350106075734,34.126154534516736],[-83.82339606138562,34.12617753652478],[-83.8232950587749,34.12620653532086],[-83.82319606053578,34.12624253603247],[-83.82300705834282,34.12632753546443],[-83.82270505854339,34.12638753513895],[-83.82204205982286,34.12633253622909],[-83.82150605773374,34.12639653730475],[-83.82124905914394,34.12654453761881],[-83.8210350589,34.12656653582945],[-83.82082005740139,34.126578535743754],[-83.82060505837543,34.12657953760959],[-83.82039006001936,34.12657053588352],[-83.82006905765358,34.126544535266646],[-83.81968906014079,34.12650253509559],[-83.81965306051012,34.12649953654382],[-83.81932805926267,34.12649553698168],[-83.81922205755878,34.12651353683116],[-83.81912205718888,34.126547536180524],[-83.81903006001609,34.1265955373628],[-83.81887405951434,34.126720536619175],[-83.8186710591946,34.12691553680677],[-83.81853005895853,34.127063535480204],[-83.81845005677305,34.12713353582631],[-83.81837605758282,34.12719053498991],[-83.81836405901522,34.12719853689068],[-83.81829105718367,34.12724653638777],[-83.81820305698565,34.12729853604192],[-83.81811005843353,34.12734453574484],[-83.81791605853392,34.12742553617233],[-83.81768605845721,34.12749953767763],[-83.81737905783987,34.12780953716899],[-83.81530105920548,34.12956753551943],[-83.80992805534895,34.1341355376727],[-83.80833205475581,34.13549153926225],[-83.8059790564495,34.137492538742755],[-83.80464505520226,34.13862754047643],[-83.80362605440547,34.13949453883256],[-83.80275105535723,34.140219539613256],[-83.80192105297223,34.14092454141703],[-83.80108905354396,34.1416295396484],[-83.80002605298694,34.14252953975149],[-83.79896705388788,34.14343054048756],[-83.79798805248068,34.14426153980291],[-83.79700905246277,34.14509254015101],[-83.78980305216449,34.15120854348744],[-83.78563205098136,34.15474754278729],[-83.78362705059348,34.156449544201244],[-83.78355505032364,34.156510542955516],[-83.77953804934853,34.15991954538235],[-83.77951404991636,34.15993954360007],[-83.77947604903109,34.159972543661475],[-83.77710304672802,34.16198554678048],[-83.77493404726667,34.16382654575425],[-83.77345604898252,34.16508254575501],[-83.7735540469601,34.16527454660071],[-83.77433104652519,34.16573954634597],[-83.77482704821985,34.16587654686776],[-83.77503404773161,34.16606254637411],[-83.77523404813861,34.1662435473359],[-83.7753730465932,34.16636954588832],[-83.77567104831861,34.16639654791166],[-83.77608404824036,34.166231544902644],[-83.77639804885487,34.166231546587255],[-83.77712504771655,34.16643654692837],[-83.77762104736999,34.16629854598428],[-83.77767004865908,34.16609254565434],[-83.77809804999295,34.16544754645083],[-83.77832904788677,34.16514654704909],[-83.7784940480258,34.16480354619594],[-83.78011205044687,34.164307545411084],[-83.78050804950036,34.16385554466343],[-83.78103605081479,34.163498544998795],[-83.7813510505294,34.16360754655604],[-83.78138404800907,34.16390854587376],[-83.78169905135852,34.164306544887154],[-83.78206204978412,34.164292546991426],[-83.78236005007294,34.16415454721],[-83.78257405023305,34.16390754580011],[-83.78263905044267,34.16355154629922],[-83.78295304847083,34.16337254480239],[-83.78447405082632,34.16360454605949],[-83.78607804989693,34.16417854442293],[-83.78637604961301,34.16454854571109],[-83.78636104951549,34.16569954561497],[-83.78690805009946,34.16671354706019],[-83.78702505173898,34.16731654510902],[-83.78690905257896,34.16742654532708],[-83.78638105245633,34.16744054674829],[-83.78616605192943,34.16756454589045],[-83.78593504989887,34.16800354556355],[-83.7858210519203,34.16870254581055],[-83.78615204992423,34.16903154635699],[-83.78659805184759,34.169113545743954],[-83.78763705181954,34.1678785473886],[-83.78824805185604,34.167411546650264],[-83.78852805131278,34.16682154557835],[-83.78879205211057,34.16667054536329],[-83.78842805029504,34.16652054551697],[-83.78746905301719,34.166370547013535],[-83.78743605108224,34.16617854525814],[-83.78773305246702,34.165698545508405],[-83.78796405178304,34.16539654693529],[-83.78826105256269,34.16521754526665],[-83.78850805202792,34.16479254504591],[-83.78890405213826,34.16466854443926],[-83.78931705166688,34.164298544541396],[-83.78973005293614,34.164297546077464],[-83.78999405106663,34.164475546064644],[-83.79014405254578,34.16476354595986],[-83.79031105159102,34.16605254576395],[-83.79024605125929,34.16635354599701],[-83.78966805357217,34.1669985454857],[-83.78965205164852,34.16719054668054],[-83.79048305032121,34.1681985448967],[-83.79072605281411,34.1684935457988],[-83.79089405444223,34.16869754726473],[-83.79094405306219,34.16908154579276],[-83.7920360542378,34.17003954552373],[-83.79222705161305,34.170616545165835],[-83.79223605262818,34.1706425474173],[-83.7924510539321,34.17091654613552],[-83.79245205314871,34.171465546746866],[-83.7925510548178,34.171629546533964],[-83.79309705449985,34.17184854772764],[-83.79410605407361,34.17247854668068],[-83.79579205300142,34.172517547667525],[-83.79605605513429,34.17261354580523],[-83.79620505630999,34.1728735460812],[-83.79624005283709,34.1738465466352],[-83.7964720547884,34.174038546755824],[-83.79795805624535,34.173666545523155],[-83.79809105299978,34.17381754647543],[-83.79817405429021,34.1742565468522],[-83.79895105712903,34.174269547764055],[-83.79941405412535,34.17439254682606],[-83.8013500555779,34.17381854646482],[-83.80142105481148,34.17390754720257],[-83.80167705565648,34.174225546534515],[-83.80174405582274,34.17452654749155],[-83.80164505637794,34.174705546695584],[-83.80111705479924,34.17502054735721],[-83.80110105501039,34.175116546882535],[-83.80151405744502,34.17533554897773],[-83.80156405675557,34.17558254650352],[-83.80087105621178,34.17618654803204],[-83.8009710548561,34.17665254736421],[-83.80151705745652,34.1773785475173],[-83.80123805494333,34.17814654946802],[-83.80148605574186,34.178475547119014],[-83.80178405753502,34.17853054871017],[-83.80242805479173,34.17809054821212],[-83.80275805682656,34.177802547343035],[-83.8029220548464,34.177459547175495],[-83.80310405571807,34.177418546704814],[-83.80335205722301,34.177541547443866],[-83.80350105595625,34.1779245470155],[-83.80358505623427,34.17866554895496],[-83.80386705653612,34.17928154681176],[-83.80371905833697,34.17969354714969],[-83.80287805508546,34.18042054734993],[-83.80289505823539,34.18070854974062],[-83.80329205705628,34.18106454785399],[-83.80335805820809,34.18132554932022],[-83.80311105503438,34.1816685491741],[-83.80268205660253,34.1818885469879],[-83.80273205830797,34.182271547467685],[-83.80298005481964,34.18243654757101],[-83.80336505699385,34.18244354926692],[-83.80443405653367,34.182462549576805],[-83.80454705607549,34.182478549992396],[-83.80512705698075,34.181748548392775],[-83.80611805780424,34.18136354768754],[-83.80628105941013,34.18123854795263],[-83.80691005913107,34.18075954857923],[-83.80826505719178,34.180771548531276],[-83.8084140581933,34.18090854813528],[-83.80848105788965,34.18116954711725],[-83.80861305941644,34.18142954834513],[-83.80897705850508,34.181456548606064],[-83.80975505969003,34.18210054923634],[-83.81139205911161,34.18285254873102],[-83.81231705947913,34.18293354796325],[-83.81286205954136,34.18268654905517],[-83.81327505807799,34.18265854932965],[-83.81436706077713,34.18302754762381],[-83.81519306074135,34.18305454681696],[-83.81564005984087,34.183410547287565],[-83.81593706095106,34.183519548390684],[-83.81633406208012,34.183587547883455],[-83.81749106103184,34.18354554719101],[-83.81815106230246,34.18327054930506],[-83.8188440601482,34.182734546737066],[-83.81953806278274,34.182569549462116],[-83.81993406208584,34.18232254734806],[-83.8205460607598,34.18222554934471],[-83.82140406143135,34.18167654844923],[-83.82196506331148,34.18149754819263],[-83.82206406319389,34.1812925470792],[-83.8226480637521,34.18122854913025],[-83.82307206432145,34.18118154714651],[-83.82348906238276,34.1809535481524],[-83.82374906328162,34.18081054728323],[-83.82436006251987,34.18087854704033],[-83.82472406284305,34.18076854832166],[-83.82535206264535,34.18093254754147],[-83.82680606472776,34.1808485465689],[-83.82860806360154,34.18146354656544],[-83.82892206537383,34.181449547615806],[-83.82948306357615,34.18096854634849],[-83.8300040637657,34.18085854671297],[-83.83039206586858,34.18077654717244],[-83.83052406595161,34.180804546146774],[-83.83054106608583,34.180748546317474],[-83.83091906582659,34.17966454716087],[-83.83139706529086,34.17934954759906],[-83.83273106451095,34.17918054681025],[-83.83281806652559,34.179169547021345],[-83.83400806568798,34.1791815475376],[-83.83552906789787,34.17935854652022],[-83.83642606634251,34.17935754761678],[-83.8370040672178,34.17944154670143],[-83.83733006780285,34.179436546384366],[-83.83782406736697,34.17940054715865],[-83.83785806678081,34.17939854747699],[-83.8383480677491,34.17936354610812],[-83.83857906654475,34.179354545761356],[-83.83891606839944,34.17934154649269],[-83.83920106803897,34.179407546387004],[-83.84169306764629,34.17998254768223],[-83.84258706662177,34.180557548568366],[-83.84313207012815,34.18079054829514],[-83.84356306792527,34.18129754781914],[-83.84407506803893,34.18136554578566],[-83.84459206872444,34.18152754636558],[-83.8446160675786,34.18136054749292],[-83.84464206967738,34.181122546465964],[-83.8446410678792,34.180880548138695],[-83.844538068102,34.18043754673179],[-83.84441006719966,34.180036547740094],[-83.8452100698661,34.180360547855365],[-83.84570707070372,34.18054554771536],[-83.84590306977015,34.18056954751938],[-83.84616806826726,34.180499546265274],[-83.84738607064186,34.181197546914845],[-83.84877606974588,34.18198554597313],[-83.84919107125793,34.18222054773574],[-83.84999507027479,34.18278354653037],[-83.851001069765,34.18362954859824],[-83.85218607196606,34.18473754604188],[-83.85395407139175,34.18639954817053],[-83.85482707116606,34.18728254685276],[-83.85550707193717,34.188226549158415],[-83.85573907325352,34.18857254774802],[-83.85668707380344,34.18992354847545],[-83.85723907296578,34.190780549530615],[-83.85751607452423,34.19135454818937],[-83.85755607362937,34.191438549902884],[-83.85788907350667,34.19230654799147],[-83.85793007212393,34.19245055009633],[-83.85811007203719,34.19306754964851],[-83.85826207333793,34.193587548746834],[-83.85901807491265,34.19324754822517],[-83.8594350736779,34.19313254879647],[-83.85974607395808,34.19309754764155],[-83.86023707533838,34.193128549889515]]]},"properties":{"OBJECTID":"15","COUNTY_NAM":"HALL","PRECINCTNO":"8","NAME":"08-Morgan I","LOCATION":"CHESTNUT MOUNTAIN PRESBYTERIAN CHURCH - 4675 WINDER HWY","PRECINCT":"MORGAN I","MAPLABEL":"PRECINCT 8 - MORGAN I","GlobalID":"{8A67745B-AD74-4330-88BF-3990DD8E044D}","EDITED_BY":"JBUDD","EDITED_DT":"2/7/20, 9:44 AM","created_user":"","created_date":"","Shape_Length":"112,294.85","Shape_Area":"408,581,607.04"},"id":15},{"type":"Feature","geometry":{"type":"Polygon","coordinates":[[[-83.81669106552458,34.2684335663525],[-83.81683706632873,34.26846156777863],[-83.8169960641591,34.268511565796686],[-83.81714606560251,34.26858556585402],[-83.81725706620847,34.26867056737423],[-83.81737206640958,34.268811566252815],[-83.81740806709107,34.26887856577755],[-83.81745906457013,34.26897456753985],[-83.81759506508008,34.26931156641902],[-83.8177460657522,34.269173565728124],[-83.81880506475314,34.26820856466432],[-83.8194560665528,34.26759456558835],[-83.81965306680836,34.26743656600294],[-83.8200260646136,34.26705056668745],[-83.82022106733537,34.26683756526578],[-83.82043206572392,34.26662356648721],[-83.82060806653824,34.26638256548841],[-83.82082706770302,34.26588856707469],[-83.82099506551005,34.2653965665383],[-83.82112906757823,34.264877565044216],[-83.82120706565209,34.264192565897936],[-83.82125906778424,34.263229564275164],[-83.82136706642727,34.26135456495429],[-83.82144106544348,34.260535566080044],[-83.82148506446654,34.25983056276328],[-83.82152506790722,34.259477564504294],[-83.82163006615104,34.25906656496967],[-83.82176706569877,34.25861256355784],[-83.82190606692978,34.25821556442014],[-83.82214206788505,34.25766056308609],[-83.82244706446085,34.257132564316464],[-83.82265506586168,34.256761564714616],[-83.82315706567525,34.256045564362815],[-83.82413506611606,34.25483956426681],[-83.82478306524867,34.25395156319889],[-83.8253040654535,34.253291563970414],[-83.82574106622495,34.252661563294545],[-83.82624906641449,34.25212856335563],[-83.82669806792617,34.25185056336358],[-83.82751306554063,34.251381563737944],[-83.82786206647701,34.25117656216058],[-83.82919906771586,34.250046562962375],[-83.82967006873776,34.24975256166608],[-83.83022906757948,34.24940356300376],[-83.83086906966636,34.24894856048533],[-83.8313550674953,34.248602560850735],[-83.83248306767028,34.24782956120292],[-83.83362807049244,34.24708556225117],[-83.83488307064923,34.24609656095663],[-83.83542906877823,34.24564856006074],[-83.83587307047935,34.24514156162478],[-83.83611606943347,34.244863559355096],[-83.83661906980807,34.244212561719614],[-83.84011407132834,34.239841560184594],[-83.84039506901905,34.239491558979914],[-83.84137406972614,34.238341559037046],[-83.84197807110657,34.2376655594021],[-83.8425050706895,34.23717456050758],[-83.84275107294788,34.23697055884091],[-83.8428720707213,34.236870559448704],[-83.84299207224416,34.2367695592541],[-83.84380806977472,34.23608855963812],[-83.84488307047906,34.235288557568985],[-83.84523807161074,34.235074556967945],[-83.84692807216094,34.23405755875441],[-83.84759407059758,34.233662557761185],[-83.84827507235372,34.233258557308254],[-83.8504860742249,34.231946557023676],[-83.8521240733125,34.231246556920816],[-83.85320107282395,34.2309165586018],[-83.8533660730591,34.230865556698596],[-83.8543950744778,34.230714557977834],[-83.85493507377397,34.230617557491684],[-83.85584507330042,34.23046955642521],[-83.85690807467299,34.230304558059856],[-83.85778507690509,34.230142555903555],[-83.85790807320902,34.23010455558583],[-83.85805007679488,34.23006155772237],[-83.85830407669647,34.22998455597242],[-83.8585180744598,34.22788255695164],[-83.85872807642606,34.22638455456521],[-83.85886207603669,34.225439554426266],[-83.85896307495604,34.225169555466614],[-83.85910407432841,34.22482855693706],[-83.8592170752876,34.2245955572796],[-83.85953207656667,34.22395155633933],[-83.86006007395784,34.22301655638939],[-83.86018307360469,34.22281655348805],[-83.86045307516567,34.22237755420262],[-83.86058907450608,34.22215655567659],[-83.86078307659257,34.2217825540602],[-83.86095007388037,34.22151955457398],[-83.8610150743637,34.22143855416234],[-83.86107107682655,34.22136755510905],[-83.86114907696495,34.221269553381646],[-83.86136307495786,34.22075455492126],[-83.86112107456417,34.2207495561384],[-83.86084007706728,34.220773554671794],[-83.86058307540233,34.22082155402289],[-83.86045707545875,34.22085055541912],[-83.86032707482812,34.220882556181394],[-83.85998807466095,34.22100055581459],[-83.85986007410114,34.2210585546591],[-83.85964307609828,34.22117055459351],[-83.85953707546881,34.2212335542613],[-83.85946507456981,34.221290555113605],[-83.85941107385418,34.2213455562262],[-83.85935707504174,34.221415556074994],[-83.85913707526699,34.221476554877974],[-83.8589640736587,34.221559554460754],[-83.85814007428412,34.222063554359735],[-83.85733607629577,34.22256155578393],[-83.85693807534776,34.222840556232846],[-83.85679507562173,34.222919556033744],[-83.85665207522591,34.222999554619406],[-83.85644407474746,34.223060554546514],[-83.85623407361197,34.223071554423704],[-83.8560100728958,34.223054556756566],[-83.85579807313277,34.22301455453339],[-83.85543807305093,34.222909554521564],[-83.85538107523716,34.22289255565429],[-83.85497607495424,34.22276855548368],[-83.85468507318112,34.22266555611198],[-83.8544830738645,34.22259455445532],[-83.85373407265632,34.22229155532554],[-83.85354607412896,34.22221555610958],[-83.85314207394856,34.222079555061825],[-83.85299007209882,34.22202855507121],[-83.85235907402411,34.22181555600453],[-83.85203707296243,34.221715556125034],[-83.85185307297348,34.22168055508906],[-83.85165607283946,34.221668554054666],[-83.85007307339968,34.22160355425604],[-83.84967907234744,34.22156755418477],[-83.8494300722025,34.22152255423341],[-83.84900007402447,34.22140755404232],[-83.84877807173417,34.22133455458306],[-83.84854207236455,34.22125655519655],[-83.84824107166368,34.22117855430267],[-83.8475610702793,34.220918554329494],[-83.84722407205332,34.22076255591268],[-83.8468920729697,34.22057355540159],[-83.8464750716092,34.2202955558308],[-83.84631507038215,34.22015855524337],[-83.84621707282996,34.220064556132215],[-83.84570507202821,34.21936655517519],[-83.84547606948722,34.21900655357733],[-83.84532407086218,34.21872755419277],[-83.84507507142865,34.21837355356337],[-83.84486407248258,34.21816955493785],[-83.84470407180302,34.21804955429964],[-83.84441407178566,34.217886554397346],[-83.84329907057541,34.21739455534186],[-83.84273507015308,34.21716555405454],[-83.8422820701493,34.217012555244644],[-83.8418240684348,34.216904554918585],[-83.8412110711601,34.21681155428571],[-83.84070607051869,34.21674455444489],[-83.84025606804559,34.21664855338729],[-83.83977706717226,34.216524553133546],[-83.83894706860117,34.21625555401074],[-83.83860807072766,34.2161175537438],[-83.83840706768451,34.21599755332213],[-83.83819106823995,34.215817556145666],[-83.83796906840662,34.21557655482767],[-83.83738206763388,34.21493955532107],[-83.8370280691213,34.214509552994826],[-83.8366270691647,34.21387055395937],[-83.83626806933499,34.21320755292228],[-83.83650806717809,34.213146555109525],[-83.83667106743786,34.21309055454562],[-83.83661006891717,34.212960554101656],[-83.83636906826436,34.21227655456488],[-83.83697106715674,34.21171255403743],[-83.83768106894856,34.21091655401249],[-83.83805706798012,34.21031755245766],[-83.8382410688691,34.21002555207125],[-83.83853706779226,34.209051552881576],[-83.83861707029335,34.20757055201544],[-83.8392760679121,34.20645955206083],[-83.83907606766977,34.205541551710844],[-83.83844606744876,34.20451355267231],[-83.83841206890726,34.20382855106936],[-83.83814706716132,34.20334855304796],[-83.83758406874605,34.20284155259154],[-83.83664006895059,34.2012245513137],[-83.83660606722944,34.20096455318336],[-83.83687006880015,34.20036055103327],[-83.836869068675,34.200018551283215],[-83.83673606727089,34.19979955168091],[-83.8361080655691,34.19938855160164],[-83.8358920668023,34.1991145497028],[-83.83574306821225,34.198703551726815],[-83.83569206731538,34.19777155015593],[-83.83527806574848,34.197510550121066],[-83.83468306587106,34.19738854987381],[-83.83438506698789,34.197127550527036],[-83.83344306569373,34.19667655069533],[-83.83250006533395,34.19632154911297],[-83.83212006635287,34.19604755079765],[-83.83163906687093,34.195170549186756],[-83.83110906408234,34.19474555039382],[-83.83087706622909,34.19422554908281],[-83.83043106374893,34.19391055086899],[-83.83018206694632,34.19358155068333],[-83.82942206557144,34.19339054987447],[-83.8288090657833,34.19267854951543],[-83.82775406506875,34.19203355084269],[-83.82735306508394,34.191788550459734],[-83.8270060645228,34.19182955020875],[-83.82494206434644,34.192764551451354],[-83.82411706531144,34.19301155056881],[-83.82344006237967,34.193533551023364],[-83.82312606379033,34.19354755020104],[-83.82264606446549,34.19331555129077],[-83.82191906183836,34.19312354893653],[-83.82152106395648,34.19312355153758],[-83.82110906236191,34.193124551133856],[-83.82101006372194,34.193234551699106],[-83.82109406224299,34.19357755190103],[-83.82101206202667,34.19394755041844],[-83.82074806403826,34.19430454977554],[-83.82035206181799,34.19463355227613],[-83.82017006408596,34.194524551363514],[-83.82007006260437,34.19411255111165],[-83.81982206085718,34.194072550983904],[-83.81950806280545,34.19430555168607],[-83.81903006231411,34.19499155179842],[-83.8185840608118,34.19504655076359],[-83.81836906123151,34.19496455164822],[-83.81818706164223,34.19469055020343],[-83.81826706094859,34.19315554977448],[-83.81808506238471,34.192689550636395],[-83.81714106212593,34.192004550169024],[-83.81655206103383,34.19191355148021],[-83.81634806068416,34.191882551431476],[-83.81596706080533,34.191142549171644],[-83.8157180620999,34.19089554970694],[-83.81451206053549,34.19089655165336],[-83.81396605947924,34.19066455114979],[-83.81394106012702,34.190635550955236],[-83.81366105890864,34.19032155139792],[-83.81342005883776,34.19004855137122],[-83.81337005979289,34.18977355039684],[-83.81346805971448,34.18925255093418],[-83.81328606028755,34.18911555089704],[-83.81325305985729,34.18881455012686],[-83.81269006123783,34.18847254907026],[-83.81242505837027,34.18771855113013],[-83.81167905788469,34.1866635498788],[-83.81154605859787,34.18577254863331],[-83.81141705881043,34.18577954840774],[-83.81085205885265,34.18581454824787],[-83.81021005810615,34.185656548815764],[-83.81007505907635,34.18562354883847],[-83.80976005788537,34.18543155047255],[-83.80977606054537,34.18473254902222],[-83.80995705956167,34.18433454818568],[-83.80962505744999,34.18364954952767],[-83.80894705767285,34.183417549990395],[-83.80896305826074,34.182813548784424],[-83.8087800588867,34.18249854752518],[-83.80881305964034,34.18216954871755],[-83.80864705872611,34.18192254861637],[-83.80872905932704,34.18163454732989],[-83.80861305941644,34.18142954834513],[-83.80848105788965,34.18116954711725],[-83.8084140581933,34.18090854813528],[-83.80826505719178,34.180771548531276],[-83.80691005913107,34.18075954857923],[-83.80628105941013,34.18123854795263],[-83.80611805780424,34.18136354768754],[-83.80512705698075,34.181748548392775],[-83.80454705607549,34.182478549992396],[-83.80443405653367,34.182462549576805],[-83.80336505699385,34.18244354926692],[-83.80298005481964,34.18243654757101],[-83.80273205830797,34.182271547467685],[-83.80268205660253,34.1818885469879],[-83.80311105503438,34.1816685491741],[-83.80335805820809,34.18132554932022],[-83.80329205705628,34.18106454785399],[-83.80289505823539,34.18070854974062],[-83.80287805508546,34.18042054734993],[-83.80371905833697,34.17969354714969],[-83.80386705653612,34.17928154681176],[-83.80358505623427,34.17866554895496],[-83.80350105595625,34.1779245470155],[-83.80335205722301,34.177541547443866],[-83.80310405571807,34.177418546704814],[-83.8029220548464,34.177459547175495],[-83.80275805682656,34.177802547343035],[-83.80242805479173,34.17809054821212],[-83.80178405753502,34.17853054871017],[-83.80148605574186,34.178475547119014],[-83.80123805494333,34.17814654946802],[-83.80151705745652,34.1773785475173],[-83.8009710548561,34.17665254736421],[-83.80087105621178,34.17618654803204],[-83.80156405675557,34.17558254650352],[-83.80151405744502,34.17533554897773],[-83.80110105501039,34.175116546882535],[-83.80111705479924,34.17502054735721],[-83.80164505637794,34.174705546695584],[-83.80174405582274,34.17452654749155],[-83.80167705565648,34.174225546534515],[-83.80142105481148,34.17390754720257],[-83.8013500555779,34.17381854646482],[-83.79941405412535,34.17439254682606],[-83.79895105712903,34.174269547764055],[-83.79817405429021,34.1742565468522],[-83.79809105299978,34.17381754647543],[-83.79795805624535,34.173666545523155],[-83.7964720547884,34.174038546755824],[-83.79624005283709,34.1738465466352],[-83.79620505630999,34.1728735460812],[-83.79605605513429,34.17261354580523],[-83.79579205300142,34.172517547667525],[-83.79410605407361,34.17247854668068],[-83.79309705449985,34.17184854772764],[-83.7925510548178,34.171629546533964],[-83.79245205314871,34.171465546746866],[-83.7924510539321,34.17091654613552],[-83.79223605262818,34.1706425474173],[-83.79222705161305,34.170616545165835],[-83.7920360542378,34.17003954552373],[-83.79094405306219,34.16908154579276],[-83.79089405444223,34.16869754726473],[-83.79072605281411,34.1684935457988],[-83.79048305032121,34.1681985448967],[-83.78965205164852,34.16719054668054],[-83.78966805357217,34.1669985454857],[-83.79024605125929,34.16635354599701],[-83.79031105159102,34.16605254576395],[-83.79014405254578,34.16476354595986],[-83.78999405106663,34.164475546064644],[-83.78973005293614,34.164297546077464],[-83.78931705166688,34.164298544541396],[-83.78890405213826,34.16466854443926],[-83.78850805202792,34.16479254504591],[-83.78826105256269,34.16521754526665],[-83.78796405178304,34.16539654693529],[-83.78773305246702,34.165698545508405],[-83.78743605108224,34.16617854525814],[-83.78746905301719,34.166370547013535],[-83.78842805029504,34.16652054551697],[-83.78879205211057,34.16667054536329],[-83.78852805131278,34.16682154557835],[-83.78824805185604,34.167411546650264],[-83.78763705181954,34.1678785473886],[-83.78659805184759,34.169113545743954],[-83.78615204992423,34.16903154635699],[-83.7858210519203,34.16870254581055],[-83.78593504989887,34.16800354556355],[-83.78616605192943,34.16756454589045],[-83.78638105245633,34.16744054674829],[-83.78690905257896,34.16742654532708],[-83.78702505173898,34.16731654510902],[-83.78690805009946,34.16671354706019],[-83.78636104951549,34.16569954561497],[-83.78637604961301,34.16454854571109],[-83.78607804989693,34.16417854442293],[-83.78447405082632,34.16360454605949],[-83.78295304847083,34.16337254480239],[-83.78263905044267,34.16355154629922],[-83.78257405023305,34.16390754580011],[-83.78236005007294,34.16415454721],[-83.78206204978412,34.164292546991426],[-83.78169905135852,34.164306544887154],[-83.78138404800907,34.16390854587376],[-83.7813510505294,34.16360754655604],[-83.78103605081479,34.163498544998795],[-83.78050804950036,34.16385554466343],[-83.78011205044687,34.164307545411084],[-83.7784940480258,34.16480354619594],[-83.77832904788677,34.16514654704909],[-83.77809804999295,34.16544754645083],[-83.77767004865908,34.16609254565434],[-83.77762104736999,34.16629854598428],[-83.77712504771655,34.16643654692837],[-83.77639804885487,34.166231546587255],[-83.77608404824036,34.166231544902644],[-83.77567104831861,34.16639654791166],[-83.7753730465932,34.16636954588832],[-83.77523404813861,34.1662435473359],[-83.77503404773161,34.16606254637411],[-83.77482704821985,34.16587654686776],[-83.77433104652519,34.16573954634597],[-83.7735540469601,34.16527454660071],[-83.77345604898252,34.16508254575501],[-83.77311304631782,34.16537354695864],[-83.772477048624,34.16591454588307],[-83.76934004502186,34.16857354705125],[-83.76084404551958,34.17578954923821],[-83.75564804295428,34.18019554974279],[-83.75287204167648,34.18255955132361],[-83.75217404057483,34.18314755134241],[-83.75185404159815,34.18342055121243],[-83.75153504188914,34.183693550903506],[-83.75089604150149,34.18423755184056],[-83.75025804075992,34.184781550056634],[-83.7501200414946,34.18489855195824],[-83.7499820401954,34.18501655174923],[-83.7499170427435,34.18507255027947],[-83.74835204069457,34.18635655157059],[-83.74780303997623,34.18681355131861],[-83.7459890390823,34.18835755148381],[-83.74276803911202,34.19109955258999],[-83.73954803992322,34.19384155529693],[-83.73882503894167,34.194458554940496],[-83.73841904001132,34.19480255228611],[-83.7378610390481,34.19527755451735],[-83.73756103781254,34.195534554134454],[-83.73707203958622,34.19595255518064],[-83.73107403638026,34.20106555562621],[-83.72986203571205,34.20208555449637],[-83.72990303734395,34.20227555655964],[-83.7302180376193,34.2027415559572],[-83.73040203699313,34.20348355704119],[-83.73080103655893,34.20418355624493],[-83.73159503875924,34.2047865552319],[-83.73164503906854,34.20492355662022],[-83.73153003750153,34.20517055631865],[-83.73161303623749,34.2053495550379],[-83.73237503753712,34.20602155609859],[-83.73252603760142,34.20669355708536],[-83.73317203873113,34.20732455783113],[-83.73381803677051,34.20779055670502],[-83.73396803925752,34.20831255705944],[-83.73448103823554,34.208682557029476],[-83.73458203720935,34.209286557645164],[-83.7347800390256,34.20935455709992],[-83.73516003770395,34.20912055647341],[-83.73537503750772,34.20913455774688],[-83.73567403901302,34.20979255767552],[-83.73625403930127,34.2103005580503],[-83.737279040501,34.21024355606888],[-83.73851903775648,34.21057055837943],[-83.73858403853583,34.21059655604815],[-83.73923003928749,34.210858558060664],[-83.73985803954514,34.21078855703981],[-83.74014004010262,34.211062556630274],[-83.74027204090957,34.211021556348655],[-83.74042004161655,34.210746556493305],[-83.7409660387606,34.21081455657169],[-83.74133004150166,34.21104655654515],[-83.74179203943696,34.210881556274195],[-83.74253604007045,34.21061955661444],[-83.74314604164402,34.21023355781538],[-83.74364004288242,34.209532556223266],[-83.74387004113812,34.209078556206705],[-83.74416704090673,34.208871556674126],[-83.74504303953837,34.2087195573313],[-83.74563704088247,34.208237558096066],[-83.74628104099804,34.20812655609169],[-83.74676004316672,34.207796556092376],[-83.74709004138427,34.20783655610303],[-83.74737104360992,34.20772655743228],[-83.74757004188344,34.20775355557023],[-83.74806704176633,34.20852155681441],[-83.7483320406373,34.20850755499646],[-83.74851304270815,34.208328555364304],[-83.74894304225418,34.2082865551687],[-83.7490740436253,34.207902554862926],[-83.7495190419664,34.20751655540932],[-83.74963404171734,34.20702155671417],[-83.74991404232901,34.20692555575732],[-83.75016204455517,34.206663557058626],[-83.75012804321356,34.2063465552179],[-83.75021004290463,34.20602955503924],[-83.75032604205592,34.20583655574176],[-83.75044104157816,34.20561655684782],[-83.75067304177819,34.20542355585553],[-83.75100404323187,34.20536755451751],[-83.75113604378275,34.20513355597639],[-83.75116804175443,34.20481855670194],[-83.75145004088554,34.20463955652505],[-83.75251204493712,34.20455555602564],[-83.75279204326301,34.20485555513305],[-83.75312404260373,34.205005554974285],[-83.75365504237188,34.20511255502012],[-83.75407004493452,34.20527655472759],[-83.75441804278292,34.20535755536164],[-83.75470004485261,34.205438555180756],[-83.75498204327822,34.20545055440696],[-83.75523004474097,34.20553255505685],[-83.75528704468482,34.20556955604476],[-83.75554404509641,34.20573755576276],[-83.75623804579652,34.205833555078684],[-83.75648704513905,34.20606555465851],[-83.75678404622991,34.20612055402273],[-83.75691704493406,34.20644955583876],[-83.75716504596623,34.20662755491081],[-83.75842104439576,34.20691355450595],[-83.75903304536477,34.206858554737835],[-83.75928904488453,34.20693155433806],[-83.75957904457461,34.20728255567901],[-83.75979504701078,34.20795455561887],[-83.75976304754245,34.20876355761253],[-83.7595490466699,34.2089825550733],[-83.75949904574222,34.20924355590562],[-83.75951704436477,34.20979155594602],[-83.75976504585766,34.21005255660641],[-83.75983204597652,34.210518556085425],[-83.76026304571143,34.21140855720694],[-83.76036304389523,34.21188855631042],[-83.76114504674361,34.21281755667844],[-83.76127404710236,34.212970556014525],[-83.76253004643462,34.21317555701106],[-83.76378704839557,34.21362655771848],[-83.76428404750516,34.21442055795981],[-83.76552504737359,34.215557556954465],[-83.76585704722692,34.21643455688753],[-83.76625404667502,34.2167635586746],[-83.7675600490661,34.21725555659686],[-83.76779204675326,34.217419557975525],[-83.76792505001929,34.217734556757684],[-83.76789304951417,34.21844755767689],[-83.76805904893936,34.21862555916461],[-83.76918304818086,34.21894055826167],[-83.76959204819667,34.21889655699219],[-83.7697610475538,34.21888455670836],[-83.77022404957597,34.218801557967694],[-83.77070305107605,34.21899355721703],[-83.77082005086567,34.219788556276775],[-83.77105204787138,34.22019955769891],[-83.77159805050206,34.22076055775777],[-83.77312105120932,34.22200655833326],[-83.77399805031457,34.22308955727013],[-83.77413205092472,34.223705557755935],[-83.77462805088881,34.22378755992108],[-83.7747440498491,34.224308560271886],[-83.77491005093503,34.22447255898392],[-83.77507505165129,34.22452755766369],[-83.77509105164673,34.22436355980972],[-83.77532204954531,34.224184559796804],[-83.77583405067986,34.22400555991047],[-83.77614805151367,34.22410155886612],[-83.7768760522188,34.22453955754749],[-83.7769920528769,34.22473155990691],[-83.77704305234509,34.22541656002316],[-83.77803705034887,34.22689655905962],[-83.77826805075117,34.22704655837174],[-83.77836805323517,34.2273485583311],[-83.77883105016556,34.22769055854184],[-83.77898105223048,34.228211560325434],[-83.77961005416452,34.22875956055315],[-83.78013905327059,34.228936561218916],[-83.7804770530076,34.22913355936618],[-83.7805860521812,34.229690559002464],[-83.78050405184052,34.229882560093486],[-83.77969505306699,34.230541560532146],[-83.77933305252671,34.231076559359764],[-83.77936605245245,34.231295560002835],[-83.77971405217501,34.23156955967116],[-83.77973105131014,34.231857559012134],[-83.77918705131343,34.23248855917791],[-83.7790880544943,34.232790561346846],[-83.77865805247889,34.23280456079491],[-83.77854305171488,34.23290056130163],[-83.77841105269826,34.23332556192189],[-83.77842805124145,34.23341955944012],[-83.77851105188391,34.233874561827655],[-83.779257051638,34.23492956107217],[-83.77934105111903,34.2357245614595],[-83.77970505212335,34.236423561945415],[-83.77975605240603,34.23688956165294],[-83.78018905334987,34.23749356253886],[-83.78028605334254,34.237628562353216],[-83.78065005193922,34.238067561606925],[-83.78109805318634,34.238889562248076],[-83.78109905492528,34.23945156280418],[-83.78091805505487,34.23990456157637],[-83.780092052569,34.24005556118609],[-83.78000905484407,34.240234560376464],[-83.78059505410971,34.240829560960044],[-83.78174705489425,34.24200056312397],[-83.78205305521695,34.24237156277565],[-83.78249305369091,34.24290556322617],[-83.78266705341788,34.243279563715156],[-83.7829400529342,34.24386456365875],[-83.78342105416428,34.2445085625555],[-83.78360305622685,34.245083562854255],[-83.78388905422187,34.24533556183242],[-83.78411605432014,34.24553556147141],[-83.78413405402026,34.246070563559314],[-83.78441505402664,34.24620756204262],[-83.7848940550882,34.24623456199859],[-83.78543905551206,34.24600056373912],[-83.785935054139,34.24598656182439],[-83.78601705487817,34.24579456302682],[-83.78616605383988,34.245794563932904],[-83.78639805386251,34.245985564501396],[-83.78646505527037,34.24664456170046],[-83.78714405689396,34.24768556370093],[-83.78765905578473,34.24915156264471],[-83.78894305507369,34.250412563566066],[-83.78918105702222,34.2508105632562],[-83.78933205576861,34.25118156473841],[-83.78940905841405,34.25171456455979],[-83.78926105702102,34.25317256442912],[-83.7887260559249,34.255228564645165],[-83.78896905555726,34.25552756421596],[-83.78967405628914,34.255908564305685],[-83.7905050583743,34.256352565161876],[-83.7911550582417,34.25683256408668],[-83.79123205602937,34.256866564879076],[-83.79197105739094,34.257189565491664],[-83.792536059368,34.25741756531884],[-83.7928160584763,34.25752756444508],[-83.79355405801165,34.258207565987206],[-83.79431705954474,34.25875456450251],[-83.79468305745564,34.259097566147894],[-83.79473305938052,34.25920656700783],[-83.7946830573162,34.259248566686104],[-83.79446805952573,34.25927556450942],[-83.7944020587976,34.25933056581217],[-83.79440205758782,34.259578566045995],[-83.79533106010673,34.259974565826674],[-83.79571305966645,34.26034456636249],[-83.79598006040361,34.260865566498794],[-83.79618005841844,34.26166156605331],[-83.79634706055757,34.26197656751871],[-83.79656306062046,34.26218156663787],[-83.79699405893703,34.26240056451328],[-83.79715406074106,34.26252456468695],[-83.79727606009529,34.262619565437866],[-83.79757606019291,34.26305856569753],[-83.79825705963408,34.263853565831056],[-83.7988390611298,34.264730565426575],[-83.79943906066882,34.26600656695223],[-83.7997220586649,34.26648556786149],[-83.7999670605716,34.26726556712054],[-83.8001230619392,34.267761568481745],[-83.8001440590438,34.26781356562479],[-83.80027906116331,34.26815456822397],[-83.80051506039763,34.26789956595402],[-83.80079406251404,34.26762356767641],[-83.80103406197972,34.267399565269365],[-83.80111406138732,34.26733956782848],[-83.80120206096412,34.2672865660729],[-83.80129606039863,34.26724156739376],[-83.80139605976925,34.26720656696431],[-83.8015000620046,34.267179567239886],[-83.80160606144625,34.26716256734073],[-83.80171506048156,34.26715656648762],[-83.80182306060685,34.26715756690482],[-83.80193106203836,34.26716656600936],[-83.80203806246453,34.2671835680321],[-83.80214206271798,34.26720856793166],[-83.80224306173565,34.267241566613976],[-83.80233906142652,34.2672835670103],[-83.80236806094851,34.26729956691827],[-83.80243005958353,34.267332567627875],[-83.80251406246698,34.267389566909436],[-83.80258806096343,34.26745556569541],[-83.80274806198454,34.26757756604201],[-83.80292006160735,34.26768656771084],[-83.80301606242257,34.26773556651106],[-83.8031220597108,34.267789566174734],[-83.80319706133096,34.2678285653796],[-83.80348306179816,34.26795856748527],[-83.80367706215354,34.26803956813678],[-83.80387706120321,34.268110567028714],[-83.80391406344548,34.268121566679476],[-83.80408106169979,34.26816956844629],[-83.80420206021103,34.268197568643295],[-83.80429106288405,34.26821756730892],[-83.80439706073473,34.26823656761209],[-83.80589406302732,34.26843056832412],[-83.80749406196571,34.26868856788891],[-83.80788206240784,34.268751566813755],[-83.80820506170454,34.26878956666709],[-83.80852906129991,34.26881556681864],[-83.80885406323272,34.268829566364566],[-83.80918006192388,34.268831567984854],[-83.80995506374875,34.26881356760346],[-83.81152906257815,34.268712568469745],[-83.8128530647301,34.2686355678236],[-83.81401806544423,34.26856856728501],[-83.81562806619242,34.268488567170046],[-83.81585106587505,34.268472566177756],[-83.81603606603998,34.26844756744017],[-83.81617506520239,34.2684295665474],[-83.81635706526697,34.26841856743199],[-83.8165390672815,34.2684175674304],[-83.81669106552458,34.2684335663525]]]},"properties":{"OBJECTID":"16","COUNTY_NAM":"HALL","PRECINCTNO":"10","NAME":"10-Candler","LOCATION":"HOPEWELL BAPTIST CHURCH - 5086 POPLAR SPRINGS RD","PRECINCT":"CANDLER","MAPLABEL":"PRECINCT 10 - CANDLER","GlobalID":"{617746DC-C0AC-475B-BD3C-5F32846964BC}","EDITED_BY":"JBUDD","EDITED_DT":"2/7/20, 9:44 AM","created_user":"","created_date":"","Shape_Length":"143,549.71","Shape_Area":"686,050,918.75"},"id":16},{"type":"Feature","geometry":{"type":"Polygon","coordinates":[[[-83.87212108360511,34.29637457069554],[-83.87622308458481,34.29855757159431],[-83.8792850839935,34.30042957248133],[-83.88177408483617,34.301066570892864],[-83.88330508642616,34.30145857073171],[-83.88380508555372,34.301587571977485],[-83.88431608723276,34.30131557135567],[-83.88441108724165,34.30125156939803],[-83.88480008687173,34.3009905696802],[-83.88618008626207,34.30006357189456],[-83.88712908700009,34.299178569947976],[-83.88784208820786,34.29854357096043],[-83.88806308678849,34.298198569897984],[-83.88846108909254,34.297577571352214],[-83.88885308778102,34.29689457100003],[-83.88917808885654,34.29632856992707],[-83.88978408895838,34.295693569291615],[-83.89049708928646,34.295235569467785],[-83.89170408877507,34.294852569010274],[-83.89231608924544,34.294886570715775],[-83.89282908880111,34.295211570200095],[-83.8936910881878,34.29564257014766],[-83.89404909030303,34.295894570214394],[-83.89416108989778,34.296605569153485],[-83.89441009001007,34.29712256877463],[-83.89473808964642,34.297438569578446],[-83.89521408967602,34.29776956971586],[-83.89541609079805,34.297909569059904],[-83.89572309132572,34.2979925702009],[-83.89614208934829,34.298103570176146],[-83.89632609017971,34.29824857077441],[-83.89695409068611,34.298314568907024],[-83.89743808925051,34.29833156877318],[-83.89798209178582,34.29776156891928],[-83.89855209058634,34.29594557106613],[-83.89864509049528,34.29470856993861],[-83.89874508989229,34.29397556860387],[-83.8989410913866,34.2933495675458],[-83.89950408982023,34.29314356946757],[-83.89972609242025,34.29306156915359],[-83.900665089785,34.29314357020029],[-83.90189209038226,34.29345956935459],[-83.90285809080638,34.29399956962674],[-83.9044800928709,34.29487056912961],[-83.90549409164318,34.29532256923194],[-83.90587309148238,34.295465569305186],[-83.90618009468656,34.29558057002221],[-83.9069730927933,34.29578356964966],[-83.90846209384561,34.295930569250906],[-83.9120240955838,34.295686567790185],[-83.91304209534104,34.29544756936723],[-83.91377909432322,34.29505456988981],[-83.91440309533695,34.29385756829633],[-83.91484609563341,34.2921475682267],[-83.91514009679696,34.29140256827326],[-83.91560009666462,34.290234567477825],[-83.9162510967552,34.289568567681314],[-83.91679409611758,34.28928056606254],[-83.91804409442814,34.28888756574365],[-83.92180009840608,34.288346566197625],[-83.92352509892682,34.28781056745297],[-83.92532109902317,34.28665756501519],[-83.92538909873325,34.28661556645484],[-83.92559409772952,34.28642456613801],[-83.92557109956975,34.286375567086225],[-83.92554109777886,34.28611356489517],[-83.92553309858934,34.28604756727061],[-83.92553309753879,34.28571556618212],[-83.9255790976297,34.285276565406186],[-83.92577709807928,34.28441856714943],[-83.92603709940174,34.28279356535175],[-83.92624309847565,34.28177456448925],[-83.92638809862142,34.28131456482904],[-83.92667709758446,34.28039056442242],[-83.92682209891314,34.28006956395003],[-83.92701309838283,34.27974956384302],[-83.92728809633648,34.27940556614736],[-83.92743309756166,34.27929556561906],[-83.92745509773138,34.27928556499016],[-83.92757009893973,34.279230565081264],[-83.92805109838893,34.27907756451288],[-83.92852409779037,34.278963564983684],[-83.92898109828947,34.27888756565179],[-83.92956109746419,34.27882656508571],[-83.9302630990248,34.27879156517777],[-83.9305300993547,34.278730565294005],[-83.93081309916028,34.27874556527155],[-83.93180409852678,34.27858556316639],[-83.93217109797648,34.27849756332446],[-83.93236909917297,34.278421563063],[-83.93361309979682,34.27788756384482],[-83.93381110097965,34.27770856406476],[-83.93394109928164,34.27764756320077],[-83.9341010990745,34.277605563995394],[-83.93444409894079,34.27741856357642],[-83.93579510024793,34.276560563384464],[-83.9362901019793,34.2762935638676],[-83.93669510193348,34.276109564079],[-83.93722110229204,34.275915564740295],[-83.9378391012498,34.27573956365671],[-83.93828910282828,34.275648564671656],[-83.93910610049443,34.275522562451776],[-83.93950210147374,34.275491563354834],[-83.94015110032278,34.2753775645165],[-83.94044110221199,34.27534756461746],[-83.94073110347476,34.275320564483856],[-83.94116610111514,34.27524756423624],[-83.94165410413791,34.27511856265102],[-83.94260810070352,34.27477156274461],[-83.94280610340488,34.274679563252086],[-83.94320310430791,34.27450056256646],[-83.94405010306446,34.27406956259491],[-83.94495710214059,34.273546563584546],[-83.94556010400635,34.27314256271],[-83.94626310293513,34.272770562637724],[-83.9466971040756,34.27253956350733],[-83.94835310509035,34.271744562930905],[-83.94865810464192,34.27159756149203],[-83.94908510317906,34.27144856165455],[-83.94922210283205,34.271398563384246],[-83.94932110603834,34.27134956234947],[-83.9497261050309,34.271154560540154],[-83.95003110570558,34.2710595623681],[-83.95090810323218,34.27067056140267],[-83.95149610445587,34.27038756240982],[-83.95198410324875,34.27010156080166],[-83.9520761034683,34.27004856117782],[-83.95227410451741,34.26991456241356],[-83.95244210651616,34.26979656261816],[-83.95267810549683,34.26963656132871],[-83.95282410518689,34.26950756027831],[-83.95315110359236,34.26922056160792],[-83.95331910578861,34.269048561374916],[-83.95334310469383,34.26901156264478],[-83.95382310523269,34.26829756245618],[-83.95399810429566,34.26792756211889],[-83.95412010444817,34.26751556237027],[-83.95410610567039,34.26724356115705],[-83.95410510502064,34.26717556225548],[-83.95402910523343,34.266866560822116],[-83.95386910637927,34.266504561091025],[-83.95365510606989,34.266165561272544],[-83.95316710417595,34.265592560394005],[-83.95273210345539,34.265180560499665],[-83.95160310494406,34.264032560713694],[-83.9508631039548,34.263124561322975],[-83.95084810536878,34.26309956023245],[-83.95064110377093,34.26274055945096],[-83.95054210294049,34.26246556061574],[-83.95049510403065,34.262183560674146],[-83.95048810313378,34.26188356086718],[-83.950526102503,34.26159355959432],[-83.95052610206596,34.26156656085535],[-83.95053210490235,34.261546559952805],[-83.95064010454286,34.26121156061932],[-83.95082310442834,34.260841558650924],[-83.95114410509996,34.2603615600888],[-83.95226610493005,34.258429558595466],[-83.95280010326988,34.25730355886218],[-83.9530831031975,34.25648355808104],[-83.95324310323531,34.25603655939755],[-83.95325810290255,34.25599555813593],[-83.95336510275742,34.25560255917513],[-83.95360210455146,34.254087558306026],[-83.95360910265832,34.253797556791234],[-83.95357110476914,34.2534965570937],[-83.95359410610986,34.25324055768625],[-83.95342610458982,34.25236755840336],[-83.95334210515901,34.25215755908541],[-83.95311310453104,34.25175355717152],[-83.95285410510633,34.251421558755005],[-83.95252510500771,34.25116055704614],[-83.95250310464033,34.251142557291324],[-83.95223610307958,34.25086455917038],[-83.95199910205272,34.25065455714765],[-83.95166410202947,34.2504295581151],[-83.95154010281104,34.250365559039736],[-83.95145410406997,34.25032255769133],[-83.95127610355885,34.25023155761387],[-83.95113710467241,34.250112557784206],[-83.95098610372175,34.24981855754698],[-83.95050410185195,34.24889555824318],[-83.95046610469277,34.24870555842807],[-83.95023710315411,34.24826255660508],[-83.95022710252006,34.24824355792874],[-83.95008410179214,34.247869556958456],[-83.95005410468893,34.24761755664611],[-83.94989410403025,34.24719055738857],[-83.94983310107374,34.24685155621728],[-83.94935210261873,34.24541355598223],[-83.94910010135236,34.24453955698038],[-83.94897010037178,34.24384555516055],[-83.94890210248033,34.24308655451668],[-83.94897810384501,34.24214055598985],[-83.94926810123278,34.2408015560425],[-83.94936010370321,34.24051155699784],[-83.9495581016689,34.24016055509917],[-83.94968510040303,34.2400095554319],[-83.94982510241361,34.239843555531735],[-83.94934510372742,34.24025055523825],[-83.94825210144236,34.24124755623789],[-83.94774210099274,34.24159555596536],[-83.94746510195226,34.24192655623542],[-83.94641210211691,34.24302755553268],[-83.9458361034788,34.2443125577282],[-83.94372610110773,34.25010655636258],[-83.94353110188833,34.25060855784034],[-83.9433091001456,34.25114055950198],[-83.94251109976187,34.25154455801251],[-83.94115910022269,34.25196655775028],[-83.93954109921842,34.25211355796842],[-83.93803409808285,34.2520405586472],[-83.93641609746444,34.25183855943872],[-83.93406609935958,34.251195558926085],[-83.93306209725968,34.25129855887763],[-83.93042709824553,34.25302255934392],[-83.9279310953478,34.25301155990393],[-83.92489609654258,34.25512656031315],[-83.92108909497294,34.2587385602883],[-83.9198210934956,34.25961056087665],[-83.91249109145886,34.26465456339225],[-83.90978809205411,34.26663856226925],[-83.90681709196546,34.26591456159491],[-83.90544809053465,34.265581562808855],[-83.90251509051733,34.265997562160585],[-83.90018708901124,34.26751856315298],[-83.89740308856152,34.26641956426852],[-83.89621708900356,34.264817563019605],[-83.89534908918708,34.264561562653476],[-83.8939670873441,34.2638275613111],[-83.89329708797683,34.26299856351415],[-83.89278208644465,34.26231756274245],[-83.89151908690805,34.26320756258774],[-83.89103108588344,34.26352256249482],[-83.89090708803538,34.26374656308965],[-83.8907670863101,34.26400356408416],[-83.89082108491277,34.264488561965194],[-83.89060708804595,34.264917562586106],[-83.89031008575789,34.265080562311915],[-83.89009608676261,34.265037562977604],[-83.88944708618469,34.26438256311402],[-83.8890660851075,34.26423256254642],[-83.8888370873392,34.26428856277726],[-83.88825708684864,34.264864563700165],[-83.88810508729443,34.264856562146214],[-83.88721208640068,34.26480956407931],[-83.88712508645652,34.26497556271291],[-83.8870820843018,34.26505756148616],[-83.88754408592538,34.26576256343794],[-83.88760108661354,34.265849563932576],[-83.88752208636562,34.26599256373198],[-83.88746408723262,34.26610056335308],[-83.88733308730454,34.26611756346347],[-83.88726908652593,34.26612456259973],[-83.88682308712485,34.2661815635093],[-83.88632508747502,34.26636056357522],[-83.8860600862745,34.266456564009246],[-83.88564808384236,34.26649856316775],[-83.88538108469429,34.26649956363966],[-83.88512908438227,34.26638556378905],[-83.88502108648802,34.26633656281929],[-83.88471708584859,34.26619956236332],[-83.88460708446937,34.266182563356296],[-83.88476108476178,34.26593556238462],[-83.8849020854821,34.265760563841674],[-83.8850150857421,34.265619564231855],[-83.88518808379345,34.26533356348755],[-83.88528708356377,34.265129563408514],[-83.88532108437504,34.265059564455974],[-83.8853580839364,34.264996563216165],[-83.88568908664683,34.2644505627506],[-83.88585108496393,34.264184563458784],[-83.88616908386815,34.26366056279631],[-83.88683008537829,34.26257156431777],[-83.8871600864144,34.262022562280535],[-83.88744208604267,34.26155356248428],[-83.88755708530965,34.26136356322866],[-83.88778708474466,34.26095156191519],[-83.88800608401799,34.26057456239012],[-83.88818408648426,34.26026956230841],[-83.88872708628796,34.2593675617333],[-83.88920208581976,34.25851856273058],[-83.88957908703948,34.25791356201254],[-83.88987508671732,34.2574045613374],[-83.89048308465745,34.25647056058789],[-83.89070708746502,34.25608956055016],[-83.8909600859687,34.25561856103845],[-83.89098708457219,34.25555555982987],[-83.89119508697503,34.255070561628585],[-83.89130008514529,34.254775561539994],[-83.89111108492772,34.25467156059725],[-83.89106608574338,34.25465356216837],[-83.89072408435823,34.25451656222156],[-83.89054908724486,34.254456561102515],[-83.89038608712502,34.25440056003666],[-83.88988808479232,34.254294561237984],[-83.88939908699676,34.2542355603324],[-83.88909208468509,34.25421756155008],[-83.88890708576363,34.254206559773564],[-83.88828308683563,34.2542085604313],[-83.88800208416417,34.25420955925948],[-83.8878160859837,34.25421055991027],[-83.88698408512505,34.25424256126775],[-83.88630508566057,34.254283561255555],[-83.88582608407987,34.25433956011345],[-83.88561608416622,34.254376562039205],[-83.88546108485603,34.25440556113526],[-83.8850980849617,34.25450256018356],[-83.88450808277872,34.254707560882316],[-83.88363408233761,34.255057561730226],[-83.88242808424283,34.25555556298431],[-83.88175008196542,34.25586356183095],[-83.88134908365171,34.25607156128485],[-83.88099308232829,34.25623556080328],[-83.88064708331721,34.25637256137047],[-83.88022208207991,34.256492561913944],[-83.87943808171148,34.256660560709825],[-83.87844108370452,34.256875561692944],[-83.87786208386842,34.25704756279962],[-83.87741308289596,34.25717556255644],[-83.87673008221309,34.25723656281927],[-83.8744330813558,34.25736856141468],[-83.87353808241211,34.257364560949654],[-83.87300308156834,34.25736356085176],[-83.87323207987474,34.258535562798066],[-83.87328608124835,34.25912056360734],[-83.87328608264762,34.25972256150426],[-83.87324708273685,34.260185564223924],[-83.87322007988426,34.26036156173011],[-83.87315808293499,34.260542563048176],[-83.87306808265633,34.26070256259624],[-83.87293208048331,34.2608975629349],[-83.87287408241656,34.260966564220425],[-83.87278108201399,34.26104756181778],[-83.87174407999434,34.26187156194447],[-83.87086508171866,34.26263156272457],[-83.87071308022574,34.26281456246651],[-83.8706890823454,34.2628445622484],[-83.87056808166349,34.26300356450922],[-83.87048007986029,34.263179562704615],[-83.8704210796026,34.263666563686705],[-83.8704320812762,34.26400156270487],[-83.87043808150452,34.264156562128655],[-83.8703630806208,34.26476056271136],[-83.87031908143095,34.26506556302882],[-83.8702810795834,34.26527456515314],[-83.870210082132,34.26565956385908],[-83.87004307928407,34.26612556327982],[-83.86967407907093,34.266833564247676],[-83.86877208178333,34.268454564196695],[-83.86856007858947,34.26880256618796],[-83.86845608023646,34.268957564852805],[-83.86841507896293,34.26899956425001],[-83.86826607995842,34.26915356608048],[-83.86807508043728,34.26931556337845],[-83.86779007955401,34.26951956557807],[-83.8676060815039,34.26962856464758],[-83.867524079723,34.26967756541512],[-83.86737808215803,34.26973856583985],[-83.86668808110926,34.27002956434638],[-83.866178079741,34.27021056347487],[-83.86569607855903,34.27040856536057],[-83.8649010785276,34.27078156567468],[-83.86447407837552,34.270994564233014],[-83.86423407978808,34.27112456659295],[-83.86400108027169,34.27125956427124],[-83.86373007957945,34.27145156625649],[-83.86365707906543,34.271483564884505],[-83.86321208088961,34.27179256671329],[-83.86266107981494,34.27217456524753],[-83.86236907965596,34.272356566792105],[-83.86209607887051,34.27252056618208],[-83.8602720779018,34.273571565948956],[-83.86015707730311,34.27371856625789],[-83.8600750792441,34.27383456626487],[-83.85999507936646,34.27397356682613],[-83.85992807843142,34.27410256712257],[-83.85988407683855,34.27421256652735],[-83.85983307827652,34.27437056545946],[-83.85980207930292,34.27449856670328],[-83.85978907658854,34.2746305655115],[-83.85979907823486,34.274771565557074],[-83.8598210796437,34.274909565445334],[-83.85985307794535,34.27500756577138],[-83.86042007807643,34.274723567377244],[-83.86076107817107,34.274563566948615],[-83.86114207824318,34.27440256536452],[-83.86160607813555,34.2742845652524],[-83.86191007861481,34.274226565836734],[-83.86238407985667,34.274187565750694],[-83.86299407994824,34.27417856726685],[-83.86333507968797,34.27422656509316],[-83.86361807901302,34.27427456642333],[-83.8638990781601,34.274362565114316],[-83.86410607994483,34.27443956699121],[-83.86425408078203,34.274476566044925],[-83.86568508186673,34.27509256583826],[-83.86692808077153,34.275626565996475],[-83.86714108021089,34.275718566126415],[-83.867641079466,34.27592756625825],[-83.86775207997287,34.27597356681026],[-83.86803207888691,34.27608956737406],[-83.86851307974761,34.27629056574668],[-83.86914508169785,34.276544566553476],[-83.86929408049447,34.27660456567082],[-83.87057708126393,34.27712056639538],[-83.87085908165896,34.27723756788862],[-83.87150108250171,34.277503568040046],[-83.87193308328496,34.2776835661719],[-83.8737440813752,34.27843756541384],[-83.87413608369381,34.27862656698781],[-83.87421308108651,34.278663566629895],[-83.87627908269374,34.27952756731438],[-83.87739608314683,34.2800025674049],[-83.87628308500216,34.280718567010446],[-83.87571708280315,34.28105956643786],[-83.87496608431923,34.28151856663205],[-83.87451708301812,34.28176656546401],[-83.87383408116096,34.282029565780014],[-83.87334408139577,34.28212856706094],[-83.87301608388046,34.282195566486955],[-83.87257708120748,34.282234566211834],[-83.87237308193065,34.282233567974764],[-83.87224508138539,34.28222056812281],[-83.87194408112722,34.282192567392805],[-83.87079908273715,34.282126568119345],[-83.86840208223111,34.28199056801003],[-83.86794807984484,34.28199556851437],[-83.86755607994763,34.28204456772372],[-83.86718508202013,34.282120567805],[-83.86683508041585,34.28221956864256],[-83.86649407940156,34.28237156710257],[-83.86642108022534,34.28240356729942],[-83.86595207946617,34.282683569089706],[-83.86580208090876,34.28277256866956],[-83.86570608065374,34.28285156879041],[-83.86563908040655,34.28290556726526],[-83.86537908159103,34.28312056799695],[-83.86512407958905,34.283402567509576],[-83.86490408058582,34.28370156712998],[-83.86490108043827,34.283705569047164],[-83.86475708094227,34.28398656894174],[-83.86464608045858,34.28430456949249],[-83.86459308083833,34.284536568313904],[-83.8645600800544,34.28477356876194],[-83.86453608033318,34.2852815687856],[-83.86460707859703,34.285848569433895],[-83.86470008009155,34.28626756758774],[-83.86498308159685,34.28753556781774],[-83.86521707999903,34.288817568873],[-83.86536707956569,34.289639568784125],[-83.86566508013976,34.29121556972046],[-83.86584508123524,34.29211856954165],[-83.86587907937604,34.29233157054195],[-83.86589308032939,34.29253456996299],[-83.86588608260816,34.292737569218694],[-83.86586008035901,34.292951569698374],[-83.86578408180654,34.29333657063457],[-83.86565508066275,34.2937175690339],[-83.86558508088041,34.29388157092854],[-83.86551008096427,34.2940585701976],[-83.86535107981447,34.29436156966183],[-83.86489208177855,34.29503656886057],[-83.86464407918281,34.29532456950548],[-83.864525079811,34.29542256926036],[-83.86450008255292,34.29544357107605],[-83.86437308200169,34.29555557131706],[-83.86428907979983,34.29561957139102],[-83.86468108146667,34.29564257177452],[-83.8653100829452,34.29575157004955],[-83.86648408130938,34.295894570113305],[-83.86815608095975,34.29588957008172],[-83.86873108104767,34.295888570594585],[-83.8697270813428,34.29588557010266],[-83.87212108360511,34.29637457069554]]]},"properties":{"OBJECTID":"17","COUNTY_NAM":"HALL","PRECINCTNO":"1","NAME":"01-Wilson","LOCATION":"PLEASANT HILL BAPTIST CHURCH - 3650 BROWNS BRIDGE RD","PRECINCT":"WILSON","MAPLABEL":"PRECINCT 1 - WILSON","GlobalID":"{BC2667F9-EFD4-4BB1-B088-A55F3C5D2CA4}","EDITED_BY":"JBUDD","EDITED_DT":"2/7/20, 9:44 AM","created_user":"","created_date":"","Shape_Length":"107,896.3","Shape_Area":"292,312,054.36"},"id":17},{"type":"Feature","geometry":{"type":"Polygon","coordinates":[[[-83.84562807318392,34.27019056558751],[-83.8461620753937,34.27041756651882],[-83.8468900731922,34.270820565127096],[-83.84699207303439,34.27087756652907],[-83.84832007330832,34.27152256612149],[-83.84844307522152,34.271587565558],[-83.84861007474751,34.27167556647992],[-83.8489250733241,34.271844564522404],[-83.84903607564416,34.271918565148184],[-83.84931007667059,34.27210356531032],[-83.84966707591626,34.27261356617134],[-83.85000307397327,34.273129565787286],[-83.85051207604377,34.273940567560736],[-83.85149807704096,34.275393566546605],[-83.85219407599561,34.276317567576264],[-83.85245707499035,34.276621567473335],[-83.85281607522995,34.277035567836464],[-83.85321907639955,34.27740056723745],[-83.85376107747508,34.27788956780387],[-83.85384307798883,34.27797656734199],[-83.85400207553344,34.27814656671786],[-83.85440007731873,34.27857256628598],[-83.85458507719751,34.278769566625215],[-83.8552220758726,34.27814056556858],[-83.85639507831694,34.27696356565193],[-83.85664707611375,34.27674956699136],[-83.85693207801648,34.27652256574437],[-83.85704107774116,34.27644756768922],[-83.857197077934,34.27634256747401],[-83.85741607783466,34.2762135656105],[-83.85813007784995,34.275841567250374],[-83.85886507895701,34.27550356629273],[-83.85942307941241,34.2752045675541],[-83.85985307794535,34.27500756577138],[-83.8598210796437,34.274909565445334],[-83.85979907823486,34.274771565557074],[-83.85978907658854,34.2746305655115],[-83.85980207930292,34.27449856670328],[-83.85983307827652,34.27437056545946],[-83.85988407683855,34.27421256652735],[-83.85992807843142,34.27410256712257],[-83.85999507936646,34.27397356682613],[-83.8600750792441,34.27383456626487],[-83.86015707730311,34.27371856625789],[-83.8602720779018,34.273571565948956],[-83.86209607887051,34.27252056618208],[-83.86236907965596,34.272356566792105],[-83.86266107981494,34.27217456524753],[-83.86321208088961,34.27179256671329],[-83.86365707906543,34.271483564884505],[-83.86373007957945,34.27145156625649],[-83.86400108027169,34.27125956427124],[-83.86423407978808,34.27112456659295],[-83.86447407837552,34.270994564233014],[-83.8649010785276,34.27078156567468],[-83.86569607855903,34.27040856536057],[-83.866178079741,34.27021056347487],[-83.86668808110926,34.27002956434638],[-83.86737808215803,34.26973856583985],[-83.867524079723,34.26967756541512],[-83.8676060815039,34.26962856464758],[-83.86779007955401,34.26951956557807],[-83.86807508043728,34.26931556337845],[-83.86826607995842,34.26915356608048],[-83.86841507896293,34.26899956425001],[-83.86845608023646,34.268957564852805],[-83.86856007858947,34.26880256618796],[-83.86877208178333,34.268454564196695],[-83.86967407907093,34.266833564247676],[-83.87004307928407,34.26612556327982],[-83.870210082132,34.26565956385908],[-83.8702810795834,34.26527456515314],[-83.87031908143095,34.26506556302882],[-83.8703630806208,34.26476056271136],[-83.87043808150452,34.264156562128655],[-83.8704320812762,34.26400156270487],[-83.8704210796026,34.263666563686705],[-83.87048007986029,34.263179562704615],[-83.87056808166349,34.26300356450922],[-83.8706890823454,34.2628445622484],[-83.87071308022574,34.26281456246651],[-83.87086508171866,34.26263156272457],[-83.87174407999434,34.26187156194447],[-83.87278108201399,34.26104756181778],[-83.87287408241656,34.260966564220425],[-83.87293208048331,34.2608975629349],[-83.87306808265633,34.26070256259624],[-83.87315808293499,34.260542563048176],[-83.87322007988426,34.26036156173011],[-83.87324708273685,34.260185564223924],[-83.87328608264762,34.25972256150426],[-83.87328608124835,34.25912056360734],[-83.87323207987474,34.258535562798066],[-83.87300308156834,34.25736356085176],[-83.87353808241211,34.257364560949654],[-83.8744330813558,34.25736856141468],[-83.87673008221309,34.25723656281927],[-83.87741308289596,34.25717556255644],[-83.87786208386842,34.25704756279962],[-83.87844108370452,34.256875561692944],[-83.87943808171148,34.256660560709825],[-83.88022208207991,34.256492561913944],[-83.88064708331721,34.25637256137047],[-83.88099308232829,34.25623556080328],[-83.88134908365171,34.25607156128485],[-83.88175008196542,34.25586356183095],[-83.88242808424283,34.25555556298431],[-83.88363408233761,34.255057561730226],[-83.88450808277872,34.254707560882316],[-83.8850980849617,34.25450256018356],[-83.88546108485603,34.25440556113526],[-83.88561608416622,34.254376562039205],[-83.88582608407987,34.25433956011345],[-83.88630508566057,34.254283561255555],[-83.88698408512505,34.25424256126775],[-83.8878160859837,34.25421055991027],[-83.88800208416417,34.25420955925948],[-83.88828308683563,34.2542085604313],[-83.88890708576363,34.254206559773564],[-83.88909208468509,34.25421756155008],[-83.88939908699676,34.2542355603324],[-83.88988808479232,34.254294561237984],[-83.89038608712502,34.25440056003666],[-83.89054908724486,34.254456561102515],[-83.89072408435823,34.25451656222156],[-83.89106608574338,34.25465356216837],[-83.89111108492772,34.25467156059725],[-83.89130008514529,34.254775561539994],[-83.89153008431771,34.25400056106768],[-83.89158908479072,34.25380556171183],[-83.8916570880863,34.25357956093567],[-83.89185108639803,34.25294555916139],[-83.8919770874744,34.25259256169656],[-83.89077508619609,34.252165558811875],[-83.89043108675669,34.25202155996175],[-83.89020308602296,34.251919559570354],[-83.88983708687287,34.251720559897294],[-83.88952508680384,34.25151855904057],[-83.88921908501385,34.25130656071096],[-83.88898808513488,34.25110356069862],[-83.88854708516402,34.250713561373104],[-83.8882020853207,34.25034455997931],[-83.88793208513209,34.24999555931634],[-83.88761108622458,34.24953055906515],[-83.88673508357631,34.2483215604393],[-83.88638108527205,34.24788555841799],[-83.88591808560028,34.24744055865315],[-83.88560408377855,34.24718855949436],[-83.8853820833886,34.24700255902645],[-83.88514808550688,34.24682455918692],[-83.8849270833138,34.24662956059659],[-83.88472608382556,34.24644556001524],[-83.88406708245708,34.24582355824793],[-83.88387008325934,34.24563756035266],[-83.88362308371592,34.245401558607824],[-83.88311008286468,34.24491055932183],[-83.88145508243089,34.24337555908488],[-83.88061608140634,34.242598558868835],[-83.87926808267889,34.24134755774121],[-83.8788560815969,34.240956558852],[-83.87880808264501,34.240911560011824],[-83.87874208257378,34.24084955742039],[-83.87857508247582,34.24069155779221],[-83.87836208154562,34.24047755710159],[-83.87752808115455,34.23964155858587],[-83.87713708302773,34.23924355661588],[-83.87707408309952,34.23917955778686],[-83.87695907989146,34.23906155751256],[-83.8758710806629,34.23813255847171],[-83.8753040801659,34.23849055881392],[-83.87475807995753,34.23880855911828],[-83.87473207936543,34.23882455980411],[-83.8740440807758,34.23910355888981],[-83.87223608188908,34.23984055832696],[-83.86907007904176,34.24128955819507],[-83.86891807988738,34.241406559774866],[-83.8688140794602,34.24153256015574],[-83.86864507902341,34.24184755969173],[-83.86851807959651,34.242083559059466],[-83.86843707860666,34.242234558181664],[-83.86842408045634,34.24225455970537],[-83.8682440772872,34.242526558901396],[-83.86804608027319,34.242705558246826],[-83.86793007709421,34.24278956089681],[-83.86786108010817,34.24283956035966],[-83.86764007846931,34.242966560163076],[-83.86686907985094,34.24340856009385],[-83.86600507900594,34.243941558991736],[-83.86581307844746,34.24408155885742],[-83.86570107998276,34.24416356047191],[-83.86548907813635,34.244308558675044],[-83.86539007887005,34.244407559688085],[-83.86535307866555,34.244503559272495],[-83.86525908008353,34.24457255883204],[-83.86515407902363,34.24464955893884],[-83.86498207866124,34.24478256080612],[-83.8647730769761,34.24459155851256],[-83.86468707787061,34.244512558459725],[-83.86405307683286,34.24393056007748],[-83.8639390786154,34.24382655986446],[-83.86368107828591,34.243624558026205],[-83.86359907704201,34.24357655983638],[-83.8634980790626,34.243562558324],[-83.86342207825525,34.243590560111386],[-83.86337907926163,34.24364656004918],[-83.86294707730988,34.24437955976091],[-83.8628230794435,34.24451255849122],[-83.8626110757981,34.24467456001296],[-83.86081007825543,34.24599555922227],[-83.86098607740696,34.245641560629075],[-83.8610190773884,34.24555955938266],[-83.86097207605084,34.24525255942552],[-83.86084407650564,34.244887560679466],[-83.86076507772577,34.24469756099166],[-83.86049907880479,34.24438555950599],[-83.86020007733921,34.244155561185565],[-83.85997507583801,34.24396456032175],[-83.85989107665932,34.243834561280984],[-83.8597590763364,34.24361355906177],[-83.85970507615038,34.24352155998359],[-83.85939707752708,34.24304455894466],[-83.85932007765436,34.24289856045098],[-83.85924007492403,34.24274755961749],[-83.85914407737282,34.24256655907061],[-83.85911107587775,34.24251955981273],[-83.85883107564189,34.24211956034961],[-83.85850307627751,34.241753559941216],[-83.85833107629168,34.24152555759123],[-83.85820807710857,34.24130655795258],[-83.85815007751177,34.24121155845897],[-83.85813807593074,34.241192558988615],[-83.85811007687465,34.24115955827278],[-83.85801107580224,34.24104355957188],[-83.85774907662818,34.24085355864763],[-83.85724207676472,34.24039555802615],[-83.8569280760541,34.24010055845461],[-83.85670907427622,34.23981656043718],[-83.85666107561927,34.23975355828978],[-83.85593907586812,34.239038558096226],[-83.85572907433634,34.23893255872081],[-83.85549607338136,34.23888255825792],[-83.85505107642683,34.238837558983114],[-83.85444607305084,34.23873055831932],[-83.85451407540013,34.23862155804363],[-83.85624107575023,34.235853557565555],[-83.85641907603535,34.23556655845504],[-83.8569640758785,34.234694558196075],[-83.85714907513487,34.23445855740752],[-83.85729307668359,34.23420855861308],[-83.85746907634406,34.233887557768185],[-83.8576190767229,34.233574558486325],[-83.85775207628167,34.2331945583483],[-83.85782007558262,34.2329995568565],[-83.8579500747846,34.23257355737548],[-83.85802407574641,34.23224055568772],[-83.85816807438648,34.23124455734782],[-83.85827107469056,34.23025955675942],[-83.85830407669647,34.22998455597242],[-83.85805007679488,34.23006155772237],[-83.85790807320902,34.23010455558583],[-83.85778507690509,34.230142555903555],[-83.85690807467299,34.230304558059856],[-83.85584507330042,34.23046955642521],[-83.85493507377397,34.230617557491684],[-83.8543950744778,34.230714557977834],[-83.8533660730591,34.230865556698596],[-83.85320107282395,34.2309165586018],[-83.8521240733125,34.231246556920816],[-83.8504860742249,34.231946557023676],[-83.84827507235372,34.233258557308254],[-83.84759407059758,34.233662557761185],[-83.84692807216094,34.23405755875441],[-83.84523807161074,34.235074556967945],[-83.84488307047906,34.235288557568985],[-83.84380806977472,34.23608855963812],[-83.84299207224416,34.2367695592541],[-83.8428720707213,34.236870559448704],[-83.84275107294788,34.23697055884091],[-83.8425050706895,34.23717456050758],[-83.84197807110657,34.2376655594021],[-83.84137406972614,34.238341559037046],[-83.84039506901905,34.239491558979914],[-83.84011407132834,34.239841560184594],[-83.83661906980807,34.244212561719614],[-83.83611606943347,34.244863559355096],[-83.83587307047935,34.24514156162478],[-83.83542906877823,34.24564856006074],[-83.83488307064923,34.24609656095663],[-83.83362807049244,34.24708556225117],[-83.83248306767028,34.24782956120292],[-83.8313550674953,34.248602560850735],[-83.83086906966636,34.24894856048533],[-83.83022906757948,34.24940356300376],[-83.82967006873776,34.24975256166608],[-83.82983606715419,34.24996656137919],[-83.82991406802293,34.25006756138564],[-83.83022806796093,34.250588563393585],[-83.83060806738939,34.25095956318222],[-83.83070806925853,34.25116656211603],[-83.83069207011776,34.25142956113913],[-83.83063106777388,34.251550562542455],[-83.83056106961702,34.2516915615133],[-83.83036307043699,34.25180256274933],[-83.83042906771836,34.25220456213604],[-83.8302970695489,34.25226056132523],[-83.83021507015002,34.25242756203856],[-83.83034806801103,34.25273356397398],[-83.83066306999032,34.25314956236742],[-83.83086206672554,34.25345556337759],[-83.83104406831887,34.25352556178248],[-83.83164006731661,34.253650562258834],[-83.8320540678419,34.253817562718226],[-83.83288307091236,34.254331564139896],[-83.83420906868632,34.25456856174789],[-83.8350210710456,34.25479156140344],[-83.83512006940039,34.254832563412585],[-83.83518706949324,34.25492956241808],[-83.83510606854965,34.255892561868414],[-83.83532506967434,34.25733356241082],[-83.83547606994318,34.257868563954396],[-83.83585807188857,34.25834856422568],[-83.83604306978238,34.25863756290688],[-83.83650707064288,34.259362564281616],[-83.83672706948764,34.259591563291046],[-83.83745407281154,34.260349563152374],[-83.83871407088695,34.260896563278216],[-83.8390130727764,34.261073563642725],[-83.83936107286775,34.26108756534236],[-83.84033707194513,34.26074256242408],[-83.84070107234037,34.260562563512664],[-83.8410650732832,34.260466564430736],[-83.84182707402059,34.26043756374893],[-83.84325107428724,34.260297564428235],[-83.84409507374275,34.25998056480234],[-83.844607071606,34.25964956322123],[-83.8442870724133,34.26004356279072],[-83.83971207112388,34.26759256567083],[-83.83900207075706,34.26858756559436],[-83.83915607087285,34.26867356658055],[-83.83888707251924,34.26918856734428],[-83.83880807113863,34.26928856447425],[-83.8388830717237,34.269326567282576],[-83.83900207313884,34.26938656624451],[-83.8395340713669,34.269585566952735],[-83.83956207145289,34.269602566079506],[-83.83972207160741,34.26969956626802],[-83.83954807289176,34.26997956711849],[-83.83930707317252,34.27040756645942],[-83.83913307279167,34.270778566384536],[-83.83909007083747,34.27099056532516],[-83.8388950724145,34.27126256706],[-83.8385960713277,34.2714385652588],[-83.83839807149478,34.27161256672393],[-83.83798407151224,34.27242456613529],[-83.83810607081338,34.27252056761008],[-83.83864507140845,34.27239556716215],[-83.83871307106259,34.272379566751454],[-83.8388120725646,34.272355566609555],[-83.83930907082755,34.27223756520193],[-83.83943607188023,34.2722075663217],[-83.83931907105824,34.271978567274324],[-83.83918107358437,34.27170656632431],[-83.8400720725717,34.27148856708589],[-83.84071307095094,34.27133356513628],[-83.84185707216335,34.27103856730369],[-83.84325207307693,34.27065456677762],[-83.84451807499451,34.27034256643916],[-83.84540607200958,34.270125565323646],[-83.84562807318392,34.27019056558751]]]},"properties":{"OBJECTID":"18","COUNTY_NAM":"HALL","PRECINCTNO":"2","NAME":"02-Chicopee","LOCATION":"CHICOPEE BAPTIST CHURCH - 13 FIRST ST","PRECINCT":"CHICOPEE","MAPLABEL":"PRECINCT 2 - CHICOPEE","GlobalID":"{6E1DB1BF-4C3D-4E2E-A683-69ACAB39DB6D}","EDITED_BY":"JBUDD","EDITED_DT":"2/7/20, 9:44 AM","created_user":"","created_date":"","Shape_Length":"68,663.62","Shape_Area":"156,421,270"},"id":18},{"type":"Feature","geometry":{"type":"Polygon","coordinates":[[[-83.84484307318246,34.29779357100362],[-83.84567307458464,34.29827257303223],[-83.846403074654,34.29877857070809],[-83.84672707753172,34.29909857300596],[-83.84691707728899,34.29928757340706],[-83.84713607686882,34.299915572447965],[-83.84778907499968,34.30084157114982],[-83.84840607544609,34.3020075713297],[-83.84892207695096,34.30467057367156],[-83.85011007707652,34.308408573151304],[-83.85129707789892,34.312147573545],[-83.85153207902361,34.31288457403567],[-83.85171007725731,34.31343957436287],[-83.85176807886677,34.31362057402029],[-83.85329807917705,34.31840757551766],[-83.85335407678456,34.318582575534386],[-83.8538720780478,34.319789575011605],[-83.85541008007291,34.323364576307576],[-83.85640608098431,34.32568057649957],[-83.85733607962423,34.32595057773887],[-83.85833308205066,34.32624157859172],[-83.86031608047419,34.326818578821296],[-83.86536908501255,34.330462579127804],[-83.866006083606,34.33102757807002],[-83.86677908280171,34.33116657856889],[-83.86808908293169,34.33128857741121],[-83.87109408454634,34.33033657841977],[-83.87160108362646,34.3303065779281],[-83.87274308609206,34.329951578123854],[-83.87310708642138,34.329872577639925],[-83.87377908622688,34.32957657700586],[-83.87415008636705,34.329071576324665],[-83.87438308463027,34.3280455773548],[-83.87469908620838,34.32782357685395],[-83.87514008537235,34.326965576263],[-83.87555808595728,34.32644657606353],[-83.87632008513151,34.32582157696385],[-83.87645008479006,34.3255955776363],[-83.87771908609145,34.32496257497639],[-83.87781408496662,34.324521576300754],[-83.87819208570137,34.323767575687775],[-83.87980608731141,34.32196957459454],[-83.87982508653509,34.32195257671285],[-83.87993808539835,34.321780574696774],[-83.88036708577212,34.3210235750126],[-83.88218808827042,34.31720357391845],[-83.881249085692,34.31128157411906],[-83.88111708829129,34.309990574485234],[-83.8808420848734,34.30892657315478],[-83.88019608502118,34.3068405733495],[-83.8794970862751,34.30489557205597],[-83.87951208621513,34.304800572448215],[-83.87962408625089,34.30410157155657],[-83.88002108728502,34.30385457041877],[-83.88021108620764,34.30371957155913],[-83.88055308569821,34.30345257028702],[-83.8810090873859,34.30318557246496],[-83.88198308697415,34.30264557153219],[-83.88240108602882,34.30241057164675],[-83.88380508555372,34.301587571977485],[-83.88330508642616,34.30145857073171],[-83.88177408483617,34.301066570892864],[-83.8792850839935,34.30042957248133],[-83.87622308458481,34.29855757159431],[-83.87212108360511,34.29637457069554],[-83.8697270813428,34.29588557010266],[-83.86873108104767,34.295888570594585],[-83.86815608095975,34.29588957008172],[-83.86648408130938,34.295894570113305],[-83.8653100829452,34.29575157004955],[-83.86468108146667,34.29564257177452],[-83.86428907979983,34.29561957139102],[-83.86437308200169,34.29555557131706],[-83.86450008255292,34.29544357107605],[-83.864525079811,34.29542256926036],[-83.86464407918281,34.29532456950548],[-83.86489208177855,34.29503656886057],[-83.86535107981447,34.29436156966183],[-83.86551008096427,34.2940585701976],[-83.86558508088041,34.29388157092854],[-83.86565508066275,34.2937175690339],[-83.86578408180654,34.29333657063457],[-83.86586008035901,34.292951569698374],[-83.86588608260816,34.292737569218694],[-83.86589308032939,34.29253456996299],[-83.86587907937604,34.29233157054195],[-83.86584508123524,34.29211856954165],[-83.86566508013976,34.29121556972046],[-83.86536707956569,34.289639568784125],[-83.86521707999903,34.288817568873],[-83.86498308159685,34.28753556781774],[-83.86470008009155,34.28626756758774],[-83.86460707859703,34.285848569433895],[-83.86453608033318,34.2852815687856],[-83.8645600800544,34.28477356876194],[-83.86459308083833,34.284536568313904],[-83.86464608045858,34.28430456949249],[-83.86475708094227,34.28398656894174],[-83.86490108043827,34.283705569047164],[-83.86490408058582,34.28370156712998],[-83.86512407958905,34.283402567509576],[-83.86537908159103,34.28312056799695],[-83.86563908040655,34.28290556726526],[-83.86570608065374,34.28285156879041],[-83.86580208090876,34.28277256866956],[-83.86595207946617,34.282683569089706],[-83.86642108022534,34.28240356729942],[-83.86649407940156,34.28237156710257],[-83.86683508041585,34.28221956864256],[-83.86718508202013,34.282120567805],[-83.86755607994763,34.28204456772372],[-83.86794807984484,34.28199556851437],[-83.86840208223111,34.28199056801003],[-83.87079908273715,34.282126568119345],[-83.87194408112722,34.282192567392805],[-83.87224508138539,34.28222056812281],[-83.87237308193065,34.282233567974764],[-83.87257708120748,34.282234566211834],[-83.87301608388046,34.282195566486955],[-83.87334408139577,34.28212856706094],[-83.87383408116096,34.282029565780014],[-83.87451708301812,34.28176656546401],[-83.87496608431923,34.28151856663205],[-83.87571708280315,34.28105956643786],[-83.87628308500216,34.280718567010446],[-83.87739608314683,34.2800025674049],[-83.87627908269374,34.27952756731438],[-83.87421308108651,34.278663566629895],[-83.87413608369381,34.27862656698781],[-83.8737440813752,34.27843756541384],[-83.87193308328496,34.2776835661719],[-83.87150108250171,34.277503568040046],[-83.87085908165896,34.27723756788862],[-83.87057708126393,34.27712056639538],[-83.86929408049447,34.27660456567082],[-83.86914508169785,34.276544566553476],[-83.86851307974761,34.27629056574668],[-83.86803207888691,34.27608956737406],[-83.86775207997287,34.27597356681026],[-83.867641079466,34.27592756625825],[-83.86714108021089,34.275718566126415],[-83.86692808077153,34.275626565996475],[-83.86568508186673,34.27509256583826],[-83.86425408078203,34.274476566044925],[-83.86410607994483,34.27443956699121],[-83.8638990781601,34.274362565114316],[-83.86361807901302,34.27427456642333],[-83.86333507968797,34.27422656509316],[-83.86299407994824,34.27417856726685],[-83.86238407985667,34.274187565750694],[-83.86191007861481,34.274226565836734],[-83.86160607813555,34.2742845652524],[-83.86114207824318,34.27440256536452],[-83.86076107817107,34.274563566948615],[-83.86042007807643,34.274723567377244],[-83.85985307794535,34.27500756577138],[-83.85942307941241,34.2752045675541],[-83.85886507895701,34.27550356629273],[-83.85813007784995,34.275841567250374],[-83.85741607783466,34.2762135656105],[-83.857197077934,34.27634256747401],[-83.85704107774116,34.27644756768922],[-83.85693207801648,34.27652256574437],[-83.85664707611375,34.27674956699136],[-83.85639507831694,34.27696356565193],[-83.8552220758726,34.27814056556858],[-83.85458507719751,34.278769566625215],[-83.85440007731873,34.27857256628598],[-83.85400207553344,34.27814656671786],[-83.85384307798883,34.27797656734199],[-83.85376107747508,34.27788956780387],[-83.85321907639955,34.27740056723745],[-83.85281607522995,34.277035567836464],[-83.85245707499035,34.276621567473335],[-83.85219407599561,34.276317567576264],[-83.85149807704096,34.275393566546605],[-83.85051207604377,34.273940567560736],[-83.85000307397327,34.273129565787286],[-83.84966707591626,34.27261356617134],[-83.84931007667059,34.27210356531032],[-83.84903607564416,34.271918565148184],[-83.8489250733241,34.271844564522404],[-83.84861007474751,34.27167556647992],[-83.84844307522152,34.271587565558],[-83.84832007330832,34.27152256612149],[-83.84699207303439,34.27087756652907],[-83.8468900731922,34.270820565127096],[-83.8461620753937,34.27041756651882],[-83.84562807318392,34.27019056558751],[-83.84540607200958,34.270125565323646],[-83.84451807499451,34.27034256643916],[-83.84325207307693,34.27065456677762],[-83.84185707216335,34.27103856730369],[-83.84071307095094,34.27133356513628],[-83.8400720725717,34.27148856708589],[-83.83918107358437,34.27170656632431],[-83.83931907105824,34.271978567274324],[-83.83943607188023,34.2722075663217],[-83.83930907082755,34.27223756520193],[-83.8388120725646,34.272355566609555],[-83.83871307106259,34.272379566751454],[-83.83864507140845,34.27239556716215],[-83.83810607081338,34.27252056761008],[-83.83798407151224,34.27242456613529],[-83.8379360728016,34.27251756750456],[-83.83777707187781,34.272823565882476],[-83.83726907191955,34.27387756562648],[-83.83706207289023,34.27427656675619],[-83.83680507006179,34.274691566624114],[-83.83651107027892,34.275050566761095],[-83.83620107096483,34.27539556753367],[-83.83588907201839,34.27565456621697],[-83.83524407045815,34.276190568316046],[-83.83506807308336,34.2763375665306],[-83.83491807102247,34.2764635686489],[-83.83458607210892,34.276712568131764],[-83.83379207150666,34.27728456871958],[-83.8336150697178,34.27741156784452],[-83.83287806899118,34.27811456920229],[-83.83279907178188,34.27824556834381],[-83.83257306927078,34.27862856898523],[-83.83234906897633,34.27890556655925],[-83.83192607079559,34.279426568876936],[-83.83148106977046,34.27997756709458],[-83.83200807134402,34.28050056749309],[-83.83207607085357,34.2805775682401],[-83.83216706918338,34.28068056732764],[-83.83227507036557,34.280889567600894],[-83.83232307066223,34.28100056971361],[-83.83235306975732,34.28106656838408],[-83.8324220719112,34.28122356838491],[-83.83245706958196,34.28133756877266],[-83.83249907019467,34.28147557012897],[-83.83236907046498,34.282168569636305],[-83.83222007206791,34.282734568186356],[-83.83209606935837,34.28308156931877],[-83.83202106913737,34.283789569141156],[-83.83205107139835,34.28398156826994],[-83.83206507009547,34.284070568425896],[-83.8321200688385,34.284212570467865],[-83.83226107069392,34.284576568302484],[-83.83245907179048,34.28520257008611],[-83.83258607201739,34.28550056925513],[-83.83274906941642,34.28588556909233],[-83.83282707033892,34.28630556885891],[-83.8328480701688,34.28660457082877],[-83.83275407313148,34.28766157041764],[-83.83274907242365,34.28780157027792],[-83.83274207053303,34.28802156942283],[-83.83273406975798,34.288111569743826],[-83.83272007051085,34.28820056919658],[-83.83270007315531,34.2882895694282],[-83.83267306998027,34.2883765689004],[-83.83264007152142,34.28846257110996],[-83.83260507219889,34.28870556967067],[-83.83249607121164,34.288888569552384],[-83.8323780704863,34.289108571497245],[-83.83217107196617,34.289614570027595],[-83.83214907139707,34.28968557107636],[-83.83183607237005,34.29055257059572],[-83.83180507117078,34.29056457146419],[-83.83172707060218,34.29068957055769],[-83.83117607032187,34.29144857249544],[-83.83086906866622,34.29193457011672],[-83.83007806884649,34.29312157162989],[-83.82960207172088,34.29409357120338],[-83.82930907143405,34.294674571208674],[-83.82899006911116,34.29528557253554],[-83.82879906948612,34.2956505713696],[-83.82859106872097,34.29586257122475],[-83.82848307121397,34.295953572695694],[-83.82834607045342,34.29606857227496],[-83.82750707118232,34.29643557175626],[-83.82810506978755,34.29704057132456],[-83.82833006906546,34.297261570461956],[-83.82892706931237,34.297949571855916],[-83.82912507238318,34.29817757153007],[-83.82957807177094,34.298829572495436],[-83.82975407072723,34.299157573346676],[-83.82982807063523,34.29932557197088],[-83.82987107151938,34.29959157274104],[-83.829880071296,34.299859574372505],[-83.82985507172845,34.30014157318983],[-83.8298300715254,34.300225574217215],[-83.82980907140258,34.30029757189221],[-83.82969407243341,34.30039857426584],[-83.82952807149823,34.3005155725174],[-83.82922207136409,34.30061057433466],[-83.82861406855866,34.300901573532805],[-83.8296610703002,34.302311574146785],[-83.83000307137966,34.3021425736655],[-83.83022307073328,34.30210157322513],[-83.83088107081429,34.30200257380223],[-83.83113507017715,34.30196757290477],[-83.83135607071074,34.30198357232222],[-83.83161107273756,34.30199257167499],[-83.83190007236314,34.3020275745691],[-83.83223207171689,34.30204857195703],[-83.83244507088247,34.30205757301053],[-83.83259707127331,34.30204657189573],[-83.83281607274733,34.3019995740307],[-83.8331270714109,34.301907571890595],[-83.83330307158862,34.3018405737118],[-83.83351307251665,34.301793571742],[-83.83375007186943,34.30175957222049],[-83.83401207227305,34.30173957211513],[-83.83408607377777,34.30172357359252],[-83.83434907335821,34.30166857195838],[-83.83497207132149,34.30150557291142],[-83.8353410737267,34.301370572937515],[-83.83559507149556,34.30125557172004],[-83.83566207224898,34.30120757186727],[-83.83574807330967,34.30160757193224],[-83.83610107386934,34.3017755726518],[-83.8362810729277,34.30182057331195],[-83.83652707212862,34.30182957331403],[-83.83706907172837,34.30179557298403],[-83.8374260725907,34.301794573818626],[-83.83763107289658,34.30184557202711],[-83.83794007204938,34.30195857240009],[-83.83814007268045,34.30210157255646],[-83.83830707405542,34.302252571941594],[-83.83845707416177,34.30242557348638],[-83.83846907236428,34.30253057291642],[-83.83841307362671,34.30265157428115],[-83.83852007445863,34.30280457274964],[-83.83869807499475,34.30303257182766],[-83.83876107333431,34.30313657356663],[-83.83881507417463,34.3032475726327],[-83.8388900732868,34.30344357302881],[-83.83894407346146,34.30354057333047],[-83.8390680750439,34.30367857406208],[-83.83994707367192,34.30433457343684],[-83.84083207250208,34.30491257306901],[-83.84120107405141,34.30505157464195],[-83.84217007362845,34.30533957371474],[-83.84367907651726,34.305581573729974],[-83.8440090748975,34.3056495743546],[-83.8443320771304,34.30577757419218],[-83.8444280742149,34.30560057239784],[-83.84458807657812,34.30545957357785],[-83.84475207497135,34.305350573702185],[-83.84548107509033,34.30501857305712],[-83.84577507521193,34.30487057249614],[-83.84604407701136,34.30459957380513],[-83.84625307678326,34.30433557426094],[-83.84644707601261,34.30404957284869],[-83.84658007578811,34.30372557458278],[-83.8467010766793,34.3033905717833],[-83.84671507424603,34.303202573815206],[-83.84670807700033,34.30279857290258],[-83.84663807520626,34.30243957254167],[-83.8462640751083,34.30092257180527],[-83.84619407684715,34.30073257351533],[-83.84611307544493,34.3003285708431],[-83.8460350744911,34.300032572586716],[-83.84593607521951,34.29971357247861],[-83.84582507569387,34.29945057086855],[-83.84571607458523,34.299233572607996],[-83.845608076677,34.299044570697255],[-83.8452450756275,34.29856357122536],[-83.84473907487245,34.297836570557116],[-83.84467807457486,34.29773557206723],[-83.84484307318246,34.29779357100362]]]},"properties":{"OBJECTID":"19","COUNTY_NAM":"HALL","PRECINCTNO":"23","NAME":"23-Gainesville III","LOCATION":"GAINESVILLE FIRST CHURCH OF THE NAZARENE - 1301 OTILA DR","PRECINCT":"GAINESVILLE III","MAPLABEL":"PRECINCT 23 - GAINESVILLE III","GlobalID":"{CBAD62DA-CB86-498D-AA39-1BCD3895D73B}","EDITED_BY":"JBUDD","EDITED_DT":"2/7/20, 9:44 AM","created_user":"","created_date":"","Shape_Length":"80,138.85","Shape_Area":"201,437,952.55"},"id":19},{"type":"Feature","geometry":{"type":"Polygon","coordinates":[[[-83.81448206678184,34.31093257618916],[-83.81439506801777,34.31109857636291],[-83.81430306769082,34.31132257537829],[-83.81426506725549,34.3114665765425],[-83.81426106627606,34.31155457444588],[-83.81427506671939,34.31175957663306],[-83.8143070673368,34.31188557557222],[-83.81433906898154,34.3120235752947],[-83.81449606714416,34.31253657620011],[-83.81467506686523,34.31307857686256],[-83.8146950685723,34.31313357507028],[-83.81479706837034,34.31327957704525],[-83.8149910673617,34.31351557629134],[-83.815059066955,34.3135935760285],[-83.81530006696603,34.31389057732877],[-83.8153920663631,34.3140205761066],[-83.815452067224,34.31412057711625],[-83.81546906645532,34.31417557740047],[-83.8155050654777,34.31425657570811],[-83.81562006716436,34.314483576065165],[-83.8158320667373,34.31516957612441],[-83.81605306722022,34.31592857631022],[-83.81627506843284,34.31672957666036],[-83.81629106728225,34.316769575449875],[-83.81660006705818,34.31682657532574],[-83.81685806830504,34.31680557651241],[-83.81700806904244,34.31678057786849],[-83.81713306781836,34.316735575810604],[-83.81723106974509,34.316660577143615],[-83.81728606901272,34.31660657679585],[-83.81781406859963,34.315987577820806],[-83.81793706955472,34.315869577312704],[-83.81801706755518,34.315825576777506],[-83.81827306780418,34.315736577443815],[-83.8186680693983,34.315502577426436],[-83.8185720703236,34.31545257679748],[-83.81840807003137,34.3152625764466],[-83.81834006981532,34.31510657751662],[-83.81832006707377,34.31490357651317],[-83.81829706928363,34.31477857615782],[-83.81829906947725,34.31464157578501],[-83.81835106712226,34.314488574998364],[-83.81840406894449,34.314372576540976],[-83.81850606914583,34.31423457750378],[-83.81862206788242,34.314105575245215],[-83.81864306947647,34.313985575638206],[-83.81859806935041,34.31384257698327],[-83.81839106901528,34.313652575182886],[-83.8176540673801,34.31256857521696],[-83.81752506630296,34.31231057508678],[-83.81751606856326,34.31221457556036],[-83.81753406677082,34.31215657569985],[-83.81758106913918,34.31210157687799],[-83.81769806964999,34.31201657669802],[-83.82056806795458,34.310709575260276],[-83.8206950695821,34.31061757450492],[-83.82071606777072,34.31061057361625],[-83.8209300707013,34.31061157631261],[-83.82111606868814,34.310654574101754],[-83.82123306776334,34.31072057624812],[-83.82135707084082,34.31081757506646],[-83.8215000686651,34.31091957419779],[-83.8215140695386,34.31086457370988],[-83.82160907067784,34.31075557649748],[-83.82179006974437,34.31061457490986],[-83.82214607061319,34.31047757608611],[-83.82233006909597,34.31043557631152],[-83.8224370698496,34.31041157612982],[-83.82261207092681,34.31039057615944],[-83.82282807064387,34.310376574514],[-83.82303406961222,34.31037657556682],[-83.82325606948591,34.31038857414741],[-83.82355606902013,34.310423575306416],[-83.82372206980139,34.310462575070744],[-83.82385306874151,34.31051557450951],[-83.82390606970404,34.31029757623826],[-83.82391506901892,34.309600575942646],[-83.82413807116806,34.30981557596083],[-83.82424706913412,34.30991457467641],[-83.8248680690294,34.31024757382518],[-83.825198070118,34.31038457536827],[-83.82527806866256,34.31041257481946],[-83.82567206891278,34.310548574179165],[-83.82607607024227,34.310577576501],[-83.8264640709103,34.31057857446376],[-83.82678306958506,34.31049557521094],[-83.82773407098409,34.31015057560205],[-83.82785307001393,34.3103835739211],[-83.82791906952976,34.31051257460108],[-83.82799107103358,34.31065457534948],[-83.8280880716122,34.31100457516689],[-83.82832707076882,34.31094057493023],[-83.82858507172179,34.31090957545288],[-83.82882907285551,34.31092957560696],[-83.82916706993076,34.311009575032905],[-83.82958407116737,34.31115257449852],[-83.82999407142245,34.31136657538982],[-83.83084907166193,34.311809576471525],[-83.83142507219178,34.31207257619931],[-83.83160907254738,34.31213157620929],[-83.8317910712891,34.31226157542174],[-83.83199207262736,34.312425574902214],[-83.83263107434935,34.31316157484626],[-83.83277807291341,34.31333057551243],[-83.8330450710828,34.31362357664605],[-83.83306007307065,34.31364057513316],[-83.83357007152678,34.31443857484448],[-83.83369507355029,34.31460457454913],[-83.83462007403648,34.31586557497462],[-83.83529507325662,34.315736576198454],[-83.83704507401171,34.31553457539072],[-83.83718107254303,34.31551157531609],[-83.83768907492363,34.31547157495179],[-83.83788407547164,34.31547457424409],[-83.83862107558068,34.315521576503265],[-83.83886807502162,34.31553657633779],[-83.8397890732838,34.3156115770553],[-83.8402860737628,34.315617576121696],[-83.84053107458523,34.31561457645277],[-83.84116807564266,34.315454577042864],[-83.84196807456189,34.315245574327804],[-83.84234607579751,34.315131575124624],[-83.84262407609577,34.31506157551903],[-83.84281807405164,34.31503657596309],[-83.84308207642822,34.31505157438627],[-83.84315907597981,34.31508457509081],[-83.84396007539395,34.31517157625705],[-83.84613907782852,34.31501457512433],[-83.84840207654915,34.314419575925044],[-83.84895307792209,34.3141535744708],[-83.84921507847109,34.31410157411572],[-83.85001207594004,34.31391757369233],[-83.85047307958989,34.31387757454614],[-83.85176807886677,34.31362057402029],[-83.85171007725731,34.31343957436287],[-83.85153207902361,34.31288457403567],[-83.85129707789892,34.312147573545],[-83.85011007707652,34.308408573151304],[-83.84892207695096,34.30467057367156],[-83.84840607544609,34.3020075713297],[-83.84778907499968,34.30084157114982],[-83.84713607686882,34.299915572447965],[-83.84691707728899,34.29928757340706],[-83.84672707753172,34.29909857300596],[-83.846403074654,34.29877857070809],[-83.84567307458464,34.29827257303223],[-83.84484307318246,34.29779357100362],[-83.84467807457486,34.29773557206723],[-83.84473907487245,34.297836570557116],[-83.8452450756275,34.29856357122536],[-83.845608076677,34.299044570697255],[-83.84571607458523,34.299233572607996],[-83.84582507569387,34.29945057086855],[-83.84593607521951,34.29971357247861],[-83.8460350744911,34.300032572586716],[-83.84611307544493,34.3003285708431],[-83.84619407684715,34.30073257351533],[-83.8462640751083,34.30092257180527],[-83.84663807520626,34.30243957254167],[-83.84670807700033,34.30279857290258],[-83.84671507424603,34.303202573815206],[-83.8467010766793,34.3033905717833],[-83.84658007578811,34.30372557458278],[-83.84644707601261,34.30404957284869],[-83.84625307678326,34.30433557426094],[-83.84604407701136,34.30459957380513],[-83.84577507521193,34.30487057249614],[-83.84548107509033,34.30501857305712],[-83.84475207497135,34.305350573702185],[-83.84458807657812,34.30545957357785],[-83.8444280742149,34.30560057239784],[-83.8443320771304,34.30577757419218],[-83.8440090748975,34.3056495743546],[-83.84367907651726,34.305581573729974],[-83.84217007362845,34.30533957371474],[-83.84120107405141,34.30505157464195],[-83.84083207250208,34.30491257306901],[-83.83994707367192,34.30433457343684],[-83.8390680750439,34.30367857406208],[-83.83894407346146,34.30354057333047],[-83.8388900732868,34.30344357302881],[-83.83881507417463,34.3032475726327],[-83.83876107333431,34.30313657356663],[-83.83869807499475,34.30303257182766],[-83.83852007445863,34.30280457274964],[-83.83841307362671,34.30265157428115],[-83.83846907236428,34.30253057291642],[-83.83845707416177,34.30242557348638],[-83.83830707405542,34.302252571941594],[-83.83814007268045,34.30210157255646],[-83.83794007204938,34.30195857240009],[-83.83763107289658,34.30184557202711],[-83.8374260725907,34.301794573818626],[-83.83706907172837,34.30179557298403],[-83.83652707212862,34.30182957331403],[-83.8362810729277,34.30182057331195],[-83.83610107386934,34.3017755726518],[-83.83574807330967,34.30160757193224],[-83.83566207224898,34.30120757186727],[-83.83559507149556,34.30125557172004],[-83.8353410737267,34.301370572937515],[-83.83497207132149,34.30150557291142],[-83.83434907335821,34.30166857195838],[-83.83408607377777,34.30172357359252],[-83.83401207227305,34.30173957211513],[-83.83375007186943,34.30175957222049],[-83.83351307251665,34.301793571742],[-83.83330307158862,34.3018405737118],[-83.8331270714109,34.301907571890595],[-83.83281607274733,34.3019995740307],[-83.83259707127331,34.30204657189573],[-83.83244507088247,34.30205757301053],[-83.83223207171689,34.30204857195703],[-83.83190007236314,34.3020275745691],[-83.83161107273756,34.30199257167499],[-83.83135607071074,34.30198357232222],[-83.83113507017715,34.30196757290477],[-83.83088107081429,34.30200257380223],[-83.83022307073328,34.30210157322513],[-83.83000307137966,34.3021425736655],[-83.8296610703002,34.302311574146785],[-83.82861406855866,34.300901573532805],[-83.82922207136409,34.30061057433466],[-83.82952807149823,34.3005155725174],[-83.82969407243341,34.30039857426584],[-83.82980907140258,34.30029757189221],[-83.8298300715254,34.300225574217215],[-83.82985507172845,34.30014157318983],[-83.829880071296,34.299859574372505],[-83.82987107151938,34.29959157274104],[-83.82982807063523,34.29932557197088],[-83.82975407072723,34.299157573346676],[-83.82957807177094,34.298829572495436],[-83.82912507238318,34.29817757153007],[-83.82892706931237,34.297949571855916],[-83.82833006906546,34.297261570461956],[-83.82810506978755,34.29704057132456],[-83.82750707118232,34.29643557175626],[-83.82834607045342,34.29606857227496],[-83.82848307121397,34.295953572695694],[-83.82859106872097,34.29586257122475],[-83.82879906948612,34.2956505713696],[-83.82899006911116,34.29528557253554],[-83.82930907143405,34.294674571208674],[-83.82960207172088,34.29409357120338],[-83.83007806884649,34.29312157162989],[-83.83086906866622,34.29193457011672],[-83.83117607032187,34.29144857249544],[-83.83172707060218,34.29068957055769],[-83.83180507117078,34.29056457146419],[-83.83183607237005,34.29055257059572],[-83.83214907139707,34.28968557107636],[-83.83217107196617,34.289614570027595],[-83.8323780704863,34.289108571497245],[-83.83249607121164,34.288888569552384],[-83.83260507219889,34.28870556967067],[-83.83264007152142,34.28846257110996],[-83.83267306998027,34.2883765689004],[-83.83270007315531,34.2882895694282],[-83.83272007051085,34.28820056919658],[-83.83273406975798,34.288111569743826],[-83.83274207053303,34.28802156942283],[-83.83274907242365,34.28780157027792],[-83.83275407313148,34.28766157041764],[-83.8328480701688,34.28660457082877],[-83.83282707033892,34.28630556885891],[-83.83274906941642,34.28588556909233],[-83.83258607201739,34.28550056925513],[-83.83245907179048,34.28520257008611],[-83.83226107069392,34.284576568302484],[-83.8321200688385,34.284212570467865],[-83.83206507009547,34.284070568425896],[-83.83205107139835,34.28398156826994],[-83.83202106913737,34.283789569141156],[-83.83209606935837,34.28308156931877],[-83.83222007206791,34.282734568186356],[-83.83236907046498,34.282168569636305],[-83.83249907019467,34.28147557012897],[-83.83245706958196,34.28133756877266],[-83.8324220719112,34.28122356838491],[-83.83235306975732,34.28106656838408],[-83.83232307066223,34.28100056971361],[-83.83227507036557,34.280889567600894],[-83.83216706918338,34.28068056732764],[-83.83207607085357,34.2805775682401],[-83.83200807134402,34.28050056749309],[-83.83148106977046,34.27997756709458],[-83.83192607079559,34.279426568876936],[-83.83234906897633,34.27890556655925],[-83.83257306927078,34.27862856898523],[-83.83279907178188,34.27824556834381],[-83.83287806899118,34.27811456920229],[-83.8336150697178,34.27741156784452],[-83.83379207150666,34.27728456871958],[-83.83458607210892,34.276712568131764],[-83.83491807102247,34.2764635686489],[-83.83506807308336,34.2763375665306],[-83.83524407045815,34.276190568316046],[-83.83588907201839,34.27565456621697],[-83.83620107096483,34.27539556753367],[-83.83651107027892,34.275050566761095],[-83.83680507006179,34.274691566624114],[-83.83706207289023,34.27427656675619],[-83.83726907191955,34.27387756562648],[-83.83777707187781,34.272823565882476],[-83.8379360728016,34.27251756750456],[-83.83798407151224,34.27242456613529],[-83.83839807149478,34.27161256672393],[-83.8385960713277,34.2714385652588],[-83.8388950724145,34.27126256706],[-83.83909007083747,34.27099056532516],[-83.83913307279167,34.270778566384536],[-83.83930707317252,34.27040756645942],[-83.83954807289176,34.26997956711849],[-83.83972207160741,34.26969956626802],[-83.83956207145289,34.269602566079506],[-83.8395340713669,34.269585566952735],[-83.83900207313884,34.26938656624451],[-83.8388830717237,34.269326567282576],[-83.83880807113863,34.26928856447425],[-83.83888707251924,34.26918856734428],[-83.83915607087285,34.26867356658055],[-83.83900207075706,34.26858756559436],[-83.83971207112388,34.26759256567083],[-83.8442870724133,34.26004356279072],[-83.844607071606,34.25964956322123],[-83.84409507374275,34.25998056480234],[-83.84325107428724,34.260297564428235],[-83.84182707402059,34.26043756374893],[-83.8410650732832,34.260466564430736],[-83.84070107234037,34.260562563512664],[-83.84033707194513,34.26074256242408],[-83.83936107286775,34.26108756534236],[-83.8390130727764,34.261073563642725],[-83.83871407088695,34.260896563278216],[-83.83745407281154,34.260349563152374],[-83.83672706948764,34.259591563291046],[-83.83650707064288,34.259362564281616],[-83.83604306978238,34.25863756290688],[-83.83585807188857,34.25834856422568],[-83.83547606994318,34.257868563954396],[-83.83532506967434,34.25733356241082],[-83.83510606854965,34.255892561868414],[-83.83518706949324,34.25492956241808],[-83.83512006940039,34.254832563412585],[-83.8350210710456,34.25479156140344],[-83.83420906868632,34.25456856174789],[-83.83288307091236,34.254331564139896],[-83.8320540678419,34.253817562718226],[-83.83164006731661,34.253650562258834],[-83.83104406831887,34.25352556178248],[-83.83086206672554,34.25345556337759],[-83.83066306999032,34.25314956236742],[-83.83034806801103,34.25273356397398],[-83.83021507015002,34.25242756203856],[-83.8302970695489,34.25226056132523],[-83.83042906771836,34.25220456213604],[-83.83036307043699,34.25180256274933],[-83.83056106961702,34.2516915615133],[-83.83063106777388,34.251550562542455],[-83.83069207011776,34.25142956113913],[-83.83070806925853,34.25116656211603],[-83.83060806738939,34.25095956318222],[-83.83022806796093,34.250588563393585],[-83.82991406802293,34.25006756138564],[-83.82983606715419,34.24996656137919],[-83.82967006873776,34.24975256166608],[-83.82919906771586,34.250046562962375],[-83.82786206647701,34.25117656216058],[-83.82751306554063,34.251381563737944],[-83.82669806792617,34.25185056336358],[-83.82624906641449,34.25212856335563],[-83.82574106622495,34.252661563294545],[-83.8253040654535,34.253291563970414],[-83.82478306524867,34.25395156319889],[-83.82413506611606,34.25483956426681],[-83.82315706567525,34.256045564362815],[-83.82265506586168,34.256761564714616],[-83.82244706446085,34.257132564316464],[-83.82214206788505,34.25766056308609],[-83.82190606692978,34.25821556442014],[-83.82176706569877,34.25861256355784],[-83.82163006615104,34.25906656496967],[-83.82152506790722,34.259477564504294],[-83.82148506446654,34.25983056276328],[-83.82144106544348,34.260535566080044],[-83.82136706642727,34.26135456495429],[-83.82125906778424,34.263229564275164],[-83.82120706565209,34.264192565897936],[-83.82112906757823,34.264877565044216],[-83.82099506551005,34.2653965665383],[-83.82082706770302,34.26588856707469],[-83.82060806653824,34.26638256548841],[-83.82043206572392,34.26662356648721],[-83.82022106733537,34.26683756526578],[-83.8200260646136,34.26705056668745],[-83.81965306680836,34.26743656600294],[-83.8194560665528,34.26759456558835],[-83.81880506475314,34.26820856466432],[-83.8177460657522,34.269173565728124],[-83.81759506508008,34.26931156641902],[-83.81745906457013,34.26897456753985],[-83.81740806709107,34.26887856577755],[-83.81737206640958,34.268811566252815],[-83.81725706620847,34.26867056737423],[-83.81714606560251,34.26858556585402],[-83.8169960641591,34.268511565796686],[-83.81683706632873,34.26846156777863],[-83.81669106552458,34.2684335663525],[-83.8165390672815,34.2684175674304],[-83.81635706526697,34.26841856743199],[-83.81617506520239,34.2684295665474],[-83.81603606603998,34.26844756744017],[-83.81585106587505,34.268472566177756],[-83.81562806619242,34.268488567170046],[-83.81401806544423,34.26856856728501],[-83.8128530647301,34.2686355678236],[-83.81152906257815,34.268712568469745],[-83.80995506374875,34.26881356760346],[-83.80918006192388,34.268831567984854],[-83.80885406323272,34.268829566364566],[-83.80852906129991,34.26881556681864],[-83.80820506170454,34.26878956666709],[-83.80788206240784,34.268751566813755],[-83.80749406196571,34.26868856788891],[-83.80589406302732,34.26843056832412],[-83.80439706073473,34.26823656761209],[-83.80429106288405,34.26821756730892],[-83.80420206021103,34.268197568643295],[-83.80408106169979,34.26816956844629],[-83.80391406344548,34.268121566679476],[-83.80387706120321,34.268110567028714],[-83.80367706215354,34.26803956813678],[-83.80348306179816,34.26795856748527],[-83.80319706133096,34.2678285653796],[-83.8031220597108,34.267789566174734],[-83.80301606242257,34.26773556651106],[-83.80292006160735,34.26768656771084],[-83.80274806198454,34.26757756604201],[-83.80258806096343,34.26745556569541],[-83.80251406246698,34.267389566909436],[-83.80243005958353,34.267332567627875],[-83.80236806094851,34.26729956691827],[-83.80233906142652,34.2672835670103],[-83.80224306173565,34.267241566613976],[-83.80214206271798,34.26720856793166],[-83.80203806246453,34.2671835680321],[-83.80193106203836,34.26716656600936],[-83.80182306060685,34.26715756690482],[-83.80171506048156,34.26715656648762],[-83.80160606144625,34.26716256734073],[-83.8015000620046,34.267179567239886],[-83.80139605976925,34.26720656696431],[-83.80129606039863,34.26724156739376],[-83.80120206096412,34.2672865660729],[-83.80111406138732,34.26733956782848],[-83.80103406197972,34.267399565269365],[-83.80079406251404,34.26762356767641],[-83.80051506039763,34.26789956595402],[-83.80027906116331,34.26815456822397],[-83.79999606160679,34.268477566881565],[-83.79975405927155,34.268776567755786],[-83.79965506075243,34.26887456739589],[-83.79959406189943,34.26909056713736],[-83.79953505991479,34.26926356768483],[-83.79946205926166,34.26952656656923],[-83.79940706032467,34.26979356823999],[-83.79938205938096,34.269972566872035],[-83.79936006079477,34.2702115670983],[-83.79935705981906,34.27104256861925],[-83.79936006071114,34.271222566224985],[-83.79935705874865,34.271763568859875],[-83.7993340622584,34.27230356757194],[-83.79928906155804,34.27286956840298],[-83.79913506009368,34.27364756764574],[-83.79904005959459,34.27421656749867],[-83.79899306113822,34.27450156745216],[-83.79898105984874,34.27468156954134],[-83.79898006009967,34.27486156946981],[-83.79899106111115,34.27504156933436],[-83.7990260618814,34.275310568872555],[-83.79906305992074,34.2754735681813],[-83.79908706183261,34.2755755685531],[-83.79914005971035,34.27575056979336],[-83.79923605965598,34.27599756712512],[-83.79931505914075,34.27621756806855],[-83.79963605923744,34.277100569558364],[-83.79997506035096,34.27808056931019],[-83.80018806112099,34.27869656940819],[-83.8005480602048,34.279637569477536],[-83.80062605986782,34.27988457041685],[-83.80069806231253,34.28011356969876],[-83.80086706297058,34.28065057008717],[-83.80095206234697,34.28081656906784],[-83.80106706193018,34.28106956918072],[-83.80116606258048,34.28132656862323],[-83.80124906200257,34.28158856907437],[-83.80130506119946,34.281814569374944],[-83.80133606159195,34.281941569976695],[-83.80134706135233,34.28203056913018],[-83.80134906252867,34.282120570150724],[-83.80134605994265,34.282152569758814],[-83.80134106149826,34.282210570201734],[-83.80132506104685,34.2822995690964],[-83.80129906264061,34.282387570790036],[-83.80122106120535,34.28255556997487],[-83.80112805976127,34.28271857111682],[-83.80102106184245,34.28287556921733],[-83.80090206260016,34.283025571252146],[-83.80083306177875,34.28310156984993],[-83.80074406165936,34.28318357086642],[-83.80037506265882,34.28352356961309],[-83.80055106327708,34.283598569129865],[-83.80070406294374,34.283695572017095],[-83.80092006156559,34.28383256992181],[-83.80158806100194,34.28429257095408],[-83.8017600625755,34.284402572114075],[-83.80194206136626,34.284500571296306],[-83.80213206315482,34.284587569581184],[-83.80232806070755,34.28466556876688],[-83.80252806306102,34.28473556996548],[-83.80273206257343,34.28479757133159],[-83.80293906097477,34.28485057184083],[-83.8031500607495,34.28489456904256],[-83.8033630632517,34.284929570514024],[-83.80399506240902,34.28500456925367],[-83.80406606262478,34.28501457045505],[-83.804138064255,34.28502357202876],[-83.80522206262724,34.28515557029402],[-83.80564606342982,34.285206569932264],[-83.80598806469084,34.28525156932607],[-83.80765706191744,34.28547057072102],[-83.80868306340165,34.28568756982685],[-83.80877406445977,34.2857375718314],[-83.80926706352334,34.2859935717219],[-83.80986806288543,34.286294569720006],[-83.81001606564674,34.286420569880356],[-83.81044806344855,34.286730570186364],[-83.81078706397449,34.28709756952495],[-83.81106206337502,34.2873365698008],[-83.8113810637947,34.287723570331515],[-83.81161006457064,34.28799956996662],[-83.81179806615077,34.288418571515855],[-83.8120310650928,34.28839857032282],[-83.81221806603129,34.2884085698067],[-83.8124570635581,34.28845857064933],[-83.81268006605717,34.288510570487354],[-83.81336606565766,34.28873357187172],[-83.81591906801694,34.28958957055931],[-83.81703806517936,34.28996257036988],[-83.81742506804731,34.29006257117351],[-83.81745806788584,34.29004157203094],[-83.81878906665598,34.28894857036749],[-83.8189100670341,34.28908656961179],[-83.81907706714847,34.28927657033294],[-83.81954206735199,34.2899525725356],[-83.82018306666252,34.29088457015496],[-83.82094006860993,34.29191257290122],[-83.82169506943046,34.29294857208973],[-83.82244106646311,34.29394557165063],[-83.82370007041688,34.295578571693206],[-83.82512506877501,34.29755957196738],[-83.82414106809021,34.29801857305096],[-83.82313606711779,34.29845657368467],[-83.82200006705281,34.29900357350853],[-83.82112206878057,34.29943257352424],[-83.82013206842018,34.29992057203182],[-83.818986066038,34.30048657277028],[-83.81785006705795,34.30105857309292],[-83.81728606796536,34.30134257287458],[-83.81658206765697,34.30169657372847],[-83.81569706564223,34.302080574772155],[-83.8155120662994,34.30215757342702],[-83.81483806583434,34.30231457306787],[-83.81406306545676,34.302500573974015],[-83.81322606496312,34.30283057300537],[-83.81280906710735,34.303050574121485],[-83.81381906664534,34.3048445745484],[-83.81385506537067,34.30489757427193],[-83.81399806537581,34.305108575760784],[-83.81430206699672,34.30552057478904],[-83.81442506807305,34.305643574555724],[-83.81451206539994,34.30573757447171],[-83.81474306812832,34.30595557447108],[-83.81515006759173,34.30633957413042],[-83.8154020659874,34.30658757517267],[-83.81555606588229,34.306765575518355],[-83.8157090671606,34.306921574492335],[-83.81579006645673,34.30703157540607],[-83.81594806661812,34.30732757430087],[-83.81598306835511,34.307427574794566],[-83.81601406589883,34.30758157598226],[-83.81601406755205,34.307768574258226],[-83.81599706753028,34.30784857420343],[-83.81593706828497,34.30793957551429],[-83.8157920668501,34.30829257393913],[-83.81559206561509,34.30881657581045],[-83.81551606845534,34.30899957502673],[-83.81536206820238,34.30927957671129],[-83.81533106879398,34.30936457616771],[-83.8152340671437,34.30954457492445],[-83.81480306546081,34.3103495754415],[-83.81448206678184,34.31093257618916]]]},"properties":{"OBJECTID":"20","COUNTY_NAM":"HALL","PRECINCTNO":"24","NAME":"24-Gainesville IV","LOCATION":"BRENAU DOWNTOWN CENTER - 301 MAIN ST SW","PRECINCT":"GAINESVILLE IV","MAPLABEL":"PRECINCT 24 - GAINESVILLE IV","GlobalID":"{F0F1E299-4140-4A84-961B-E00ED5D315F8}","EDITED_BY":"JBUDD","EDITED_DT":"2/7/20, 9:44 AM","created_user":"","created_date":"","Shape_Length":"94,955.62","Shape_Area":"157,591,175.15"},"id":20},{"type":"Feature","geometry":{"type":"Polygon","coordinates":[[[-83.83160107282804,34.341337580139275],[-83.83298007304943,34.342829582092044],[-83.83475107591431,34.34481058131787],[-83.83450707693471,34.34690158328639],[-83.83634907423139,34.3478835818702],[-83.83665307499213,34.348045581646765],[-83.83695207513833,34.34785758149553],[-83.83816207663789,34.347100582125854],[-83.83884207519363,34.34632458208134],[-83.83909107647447,34.3460425834782],[-83.83954107619418,34.34552958242481],[-83.83965907649653,34.34551258217484],[-83.83963507708913,34.34426658251792],[-83.83952107658311,34.34294958187725],[-83.83959907589875,34.342444579822946],[-83.83995007590141,34.34192858156673],[-83.84050807446948,34.34159458208815],[-83.84109907636211,34.34137258189209],[-83.84119607658306,34.3413365805852],[-83.8424160756798,34.34097157993964],[-83.84281007730128,34.34097058063135],[-83.8430580758016,34.34097458022682],[-83.84372407549279,34.341338580661514],[-83.84391207797805,34.341537582299104],[-83.84394407698974,34.34179958151271],[-83.84449307685739,34.34278858196928],[-83.84476607861062,34.34366958173179],[-83.84498607787863,34.34392758311055],[-83.84550607829168,34.3443465823064],[-83.8458720786631,34.34452458045304],[-83.84747407873927,34.34425458218546],[-83.84930807726595,34.34312058160477],[-83.84978907785776,34.342823581200626],[-83.85231208114617,34.3412625800504],[-83.8558330800436,34.339580579742105],[-83.85745208055656,34.334978579400556],[-83.8573160800569,34.333918577536096],[-83.85716708144422,34.3327455787525],[-83.85653908147437,34.327810579111684],[-83.85650007969018,34.327500578767484],[-83.8563270810181,34.326145577732895],[-83.85640608098431,34.32568057649957],[-83.85541008007291,34.323364576307576],[-83.8538720780478,34.319789575011605],[-83.85335407678456,34.318582575534386],[-83.85315707777025,34.3186055753697],[-83.84959307840533,34.31903757683287],[-83.84893707798958,34.31918157500065],[-83.84882707606401,34.319204576233254],[-83.84852407658256,34.319271576779975],[-83.84710507765728,34.31958257734417],[-83.84643807623276,34.31997957686643],[-83.8463660750367,34.31999457643191],[-83.84612207732145,34.32016457722923],[-83.84594107535617,34.32027757580437],[-83.84483707684583,34.32019357560331],[-83.84343007757529,34.32037457673597],[-83.84223807446969,34.32047357648126],[-83.84167507543528,34.3206255778281],[-83.84154307476581,34.320707576820496],[-83.84175007545883,34.32083657809804],[-83.84187207601559,34.32093957688363],[-83.84195307572382,34.32105757624785],[-83.84198307583421,34.321211576158234],[-83.8419650754712,34.32143057635468],[-83.84191107720613,34.321593578408084],[-83.84182307661838,34.32174357708092],[-83.84172507544974,34.32185857639298],[-83.8416260748413,34.32195257723409],[-83.84135207559139,34.32210657881613],[-83.84112607486314,34.32222457789729],[-83.84086707439016,34.32233657628965],[-83.84059807506121,34.32241257581596],[-83.84034507478815,34.32245357790607],[-83.8398530759532,34.32248657794584],[-83.83954007478683,34.32250057854655],[-83.83916007439193,34.32255857607395],[-83.83888407397322,34.3226565784284],[-83.83882807471228,34.32266957702161],[-83.83665107303608,34.323433576129595],[-83.83467707331894,34.32404357869029],[-83.83433907268487,34.324166577158586],[-83.83400607331916,34.324287578677314],[-83.8339210741445,34.32425957676238],[-83.8338020736542,34.32406157731945],[-83.83288407412267,34.32447857769788],[-83.83185607312072,34.3249325782584],[-83.83126907250691,34.3251925774295],[-83.83104907147211,34.32495857678381],[-83.83074507318581,34.32473957826949],[-83.82992407069167,34.32430757763625],[-83.82856307072072,34.32498057920945],[-83.82787707098666,34.325333577584985],[-83.8277960697187,34.32538557861162],[-83.82727507324864,34.325790579868666],[-83.82713307028612,34.325947579276004],[-83.82697107199765,34.32618157734981],[-83.82684207097243,34.326399580088705],[-83.8262200709317,34.32775257789988],[-83.82612507110318,34.32790957780342],[-83.82602907104824,34.32814458026911],[-83.82598507230554,34.328335579365124],[-83.825974071985,34.32852657828361],[-83.82605307032195,34.32960158081822],[-83.82607507210871,34.329777578355326],[-83.82617307031013,34.33031058062524],[-83.82622507172586,34.33079857940935],[-83.82625507033966,34.330938579704615],[-83.82647707116081,34.33174358013223],[-83.82664207065007,34.33209158072761],[-83.82677807178024,34.33234957922213],[-83.82683407107264,34.33251758114851],[-83.82689307376707,34.332762578876604],[-83.8269270723061,34.33302258049543],[-83.82683607166497,34.33359458126764],[-83.82676607365131,34.333779581418064],[-83.82667007248853,34.333957578984545],[-83.82651407230082,34.33410957903544],[-83.82635607050871,34.334211579647956],[-83.82633307278468,34.33428258082],[-83.82664907238393,34.33483157957301],[-83.82689807259233,34.33517057994328],[-83.82709407256847,34.33545458062826],[-83.8271400709612,34.33556658085241],[-83.8271370728547,34.33572857951872],[-83.8271080726051,34.33587757942112],[-83.82696907172452,34.33604258173997],[-83.8268040731384,34.336158580130295],[-83.82656107275477,34.33625558024329],[-83.82639607236503,34.33640058055778],[-83.8263330711002,34.33654257977053],[-83.82635407207555,34.33667658023025],[-83.82647107156087,34.33687058069612],[-83.82403507092963,34.336815581087485],[-83.8235630711565,34.337112579583824],[-83.82342607124922,34.33719558058212],[-83.82329107087033,34.33727858072127],[-83.82323007248146,34.33739358020877],[-83.82313907209766,34.33745058250276],[-83.82331807153874,34.337514581841],[-83.82378307249324,34.337829580202836],[-83.82392006981853,34.33802258061399],[-83.82394907285911,34.33806258133058],[-83.8239610694369,34.33820958007424],[-83.82411507105252,34.33839258079796],[-83.82432907147084,34.33864858208323],[-83.82458807280511,34.33889358158811],[-83.8250040702912,34.33924158173513],[-83.82488607240842,34.33931758079566],[-83.8248420709446,34.33934558051082],[-83.82640207090448,34.3406015800606],[-83.82728907178111,34.341201581439776],[-83.82758907348631,34.34140358072423],[-83.82764707353799,34.341443581511086],[-83.82870807248875,34.34211558173266],[-83.82906607307405,34.34162158098888],[-83.82909707457947,34.34157958137919],[-83.82932007151267,34.34127158192941],[-83.83095607551125,34.34064058088659],[-83.83160107282804,34.341337580139275]]]},"properties":{"OBJECTID":"21","COUNTY_NAM":"HALL","PRECINCTNO":"25","NAME":"25-Gainesville V","LOCATION":"LAKEWOOD BAPTIST CHURCH - 2235 THOMPSON BRIDGE RD","PRECINCT":"GAINESVILLE V","MAPLABEL":"PRECINCT 25 - GAINESVILLE V","GlobalID":"{2331DCB8-0BE4-4F78-BFAA-AE4830ADCCE1}","EDITED_BY":"JBUDD","EDITED_DT":"2/7/20, 9:44 AM","created_user":"","created_date":"","Shape_Length":"38,213.61","Shape_Area":"69,628,697.18"},"id":21},{"type":"Feature","geometry":{"type":"Polygon","coordinates":[[[-83.79458306547346,34.3501575846986],[-83.79446406381618,34.35064658420514],[-83.7950220629859,34.350813586345055],[-83.79679406225792,34.353003585734704],[-83.79932706519405,34.35696858618874],[-83.80172606615837,34.358321586528206],[-83.80389406528116,34.358215585842615],[-83.80399406551497,34.35821158440004],[-83.80625606779115,34.35663858505306],[-83.80536206538125,34.35319258470937],[-83.8034610653998,34.349852583797876],[-83.80269306552785,34.34651058281205],[-83.80331406583403,34.343896582148446],[-83.80532506693977,34.34253358347917],[-83.80554806528978,34.342513582921896],[-83.8058420663454,34.34120258278236],[-83.80612206561182,34.33995558217025],[-83.80637006512102,34.3389905826355],[-83.80865506694926,34.3375095820299],[-83.80880806619416,34.33736258092803],[-83.81339906760375,34.33782958163433],[-83.81385706721221,34.33757358084541],[-83.81402406630616,34.337442582065606],[-83.81395906795947,34.33732458095764],[-83.8139420675268,34.33729757968086],[-83.81387806923658,34.337199581742944],[-83.81378806718779,34.33703258052743],[-83.81373506917491,34.33688658149205],[-83.81368506975717,34.33673258066268],[-83.81348806671537,34.33592658073289],[-83.81347106979858,34.3358775811878],[-83.81345006918822,34.335815581231095],[-83.81325506777357,34.33529857997426],[-83.81318106905088,34.33513858003932],[-83.81314306823856,34.33507258208932],[-83.81300506787278,34.33469858184868],[-83.81293906801946,34.33450258188143],[-83.81291506577196,34.33438558032273],[-83.81289906705058,34.3343065812542],[-83.81289406632871,34.33415858013506],[-83.8129570669611,34.33369958004397],[-83.81308706892311,34.33306258148507],[-83.81318006730069,34.332575580402114],[-83.81339806754617,34.33144957955327],[-83.81360706710909,34.33033958019496],[-83.81363006659721,34.329937581081104],[-83.81368506682846,34.3299295804447],[-83.81366706720303,34.329766579376674],[-83.81392506878531,34.32975358021267],[-83.8143270668333,34.329742579838296],[-83.81496406758366,34.32972657971637],[-83.81502306752128,34.329946579093814],[-83.8165820672565,34.3299755800835],[-83.81730506701308,34.32995857935998],[-83.81733406952908,34.330648580735016],[-83.81895006838623,34.33069657858724],[-83.81891106931128,34.330934580668576],[-83.81894507063043,34.33120857952814],[-83.8192120690694,34.33190858082288],[-83.81924707164738,34.332608579846855],[-83.81931407065096,34.33288258108871],[-83.81959706959033,34.33318358081071],[-83.82090807039681,34.33425257951746],[-83.82109106951356,34.33459457968751],[-83.82120907107856,34.335226579762214],[-83.82167307241835,34.335653580434894],[-83.82283706970578,34.337042580439785],[-83.82329107087033,34.33727858072127],[-83.82342607124922,34.33719558058212],[-83.8235630711565,34.337112579583824],[-83.82403507092963,34.336815581087485],[-83.82647107156087,34.33687058069612],[-83.82635407207555,34.33667658023025],[-83.8263330711002,34.33654257977053],[-83.82639607236503,34.33640058055778],[-83.82656107275477,34.33625558024329],[-83.8268040731384,34.336158580130295],[-83.82696907172452,34.33604258173997],[-83.8271080726051,34.33587757942112],[-83.8271370728547,34.33572857951872],[-83.8271400709612,34.33556658085241],[-83.82709407256847,34.33545458062826],[-83.82689807259233,34.33517057994328],[-83.82664907238393,34.33483157957301],[-83.82633307278468,34.33428258082],[-83.82635607050871,34.334211579647956],[-83.82651407230082,34.33410957903544],[-83.82667007248853,34.333957578984545],[-83.82676607365131,34.333779581418064],[-83.82683607166497,34.33359458126764],[-83.8269270723061,34.33302258049543],[-83.82689307376707,34.332762578876604],[-83.82683407107264,34.33251758114851],[-83.82677807178024,34.33234957922213],[-83.82664207065007,34.33209158072761],[-83.82647707116081,34.33174358013223],[-83.82625507033966,34.330938579704615],[-83.82622507172586,34.33079857940935],[-83.82617307031013,34.33031058062524],[-83.82607507210871,34.329777578355326],[-83.82605307032195,34.32960158081822],[-83.825974071985,34.32852657828361],[-83.82598507230554,34.328335579365124],[-83.82602907104824,34.32814458026911],[-83.82612507110318,34.32790957780342],[-83.8262200709317,34.32775257789988],[-83.82684207097243,34.326399580088705],[-83.82697107199765,34.32618157734981],[-83.82713307028612,34.325947579276004],[-83.82727507324864,34.325790579868666],[-83.8277960697187,34.32538557861162],[-83.82787707098666,34.325333577584985],[-83.82856307072072,34.32498057920945],[-83.82992407069167,34.32430757763625],[-83.83074507318581,34.32473957826949],[-83.83104907147211,34.32495857678381],[-83.83126907250691,34.3251925774295],[-83.83185607312072,34.3249325782584],[-83.83288407412267,34.32447857769788],[-83.8338020736542,34.32406157731945],[-83.8339210741445,34.32425957676238],[-83.83400607331916,34.324287578677314],[-83.83433907268487,34.324166577158586],[-83.83467707331894,34.32404357869029],[-83.83665107303608,34.323433576129595],[-83.83882807471228,34.32266957702161],[-83.83888407397322,34.3226565784284],[-83.83916007439193,34.32255857607395],[-83.83954007478683,34.32250057854655],[-83.8398530759532,34.32248657794584],[-83.84034507478815,34.32245357790607],[-83.84059807506121,34.32241257581596],[-83.84086707439016,34.32233657628965],[-83.84112607486314,34.32222457789729],[-83.84135207559139,34.32210657881613],[-83.8416260748413,34.32195257723409],[-83.84172507544974,34.32185857639298],[-83.84182307661838,34.32174357708092],[-83.84191107720613,34.321593578408084],[-83.8419650754712,34.32143057635468],[-83.84198307583421,34.321211576158234],[-83.84195307572382,34.32105757624785],[-83.84187207601559,34.32093957688363],[-83.84175007545883,34.32083657809804],[-83.84154307476581,34.320707576820496],[-83.84167507543528,34.3206255778281],[-83.84223807446969,34.32047357648126],[-83.84343007757529,34.32037457673597],[-83.84483707684583,34.32019357560331],[-83.84594107535617,34.32027757580437],[-83.84612207732145,34.32016457722923],[-83.8463660750367,34.31999457643191],[-83.84643807623276,34.31997957686643],[-83.84710507765728,34.31958257734417],[-83.84852407658256,34.319271576779975],[-83.84882707606401,34.319204576233254],[-83.84893707798958,34.31918157500065],[-83.84959307840533,34.31903757683287],[-83.85315707777025,34.3186055753697],[-83.85335407678456,34.318582575534386],[-83.85329807917705,34.31840757551766],[-83.85176807886677,34.31362057402029],[-83.85047307958989,34.31387757454614],[-83.85001207594004,34.31391757369233],[-83.84921507847109,34.31410157411572],[-83.84895307792209,34.3141535744708],[-83.84840207654915,34.314419575925044],[-83.84613907782852,34.31501457512433],[-83.84396007539395,34.31517157625705],[-83.84315907597981,34.31508457509081],[-83.84308207642822,34.31505157438627],[-83.84281807405164,34.31503657596309],[-83.84262407609577,34.31506157551903],[-83.84234607579751,34.315131575124624],[-83.84196807456189,34.315245574327804],[-83.84116807564266,34.315454577042864],[-83.84053107458523,34.31561457645277],[-83.8402860737628,34.315617576121696],[-83.8397890732838,34.3156115770553],[-83.83886807502162,34.31553657633779],[-83.83862107558068,34.315521576503265],[-83.83788407547164,34.31547457424409],[-83.83768907492363,34.31547157495179],[-83.83718107254303,34.31551157531609],[-83.83704507401171,34.31553457539072],[-83.83529507325662,34.315736576198454],[-83.83462007403648,34.31586557497462],[-83.83369507355029,34.31460457454913],[-83.83357007152678,34.31443857484448],[-83.83306007307065,34.31364057513316],[-83.8330450710828,34.31362357664605],[-83.83277807291341,34.31333057551243],[-83.83263107434935,34.31316157484626],[-83.83199207262736,34.312425574902214],[-83.8317910712891,34.31226157542174],[-83.83160907254738,34.31213157620929],[-83.83142507219178,34.31207257619931],[-83.83084907166193,34.311809576471525],[-83.82999407142245,34.31136657538982],[-83.82958407116737,34.31115257449852],[-83.82916706993076,34.311009575032905],[-83.82882907285551,34.31092957560696],[-83.82858507172179,34.31090957545288],[-83.82832707076882,34.31094057493023],[-83.8280880716122,34.31100457516689],[-83.82799107103358,34.31065457534948],[-83.82791906952976,34.31051257460108],[-83.82785307001393,34.3103835739211],[-83.82773407098409,34.31015057560205],[-83.82678306958506,34.31049557521094],[-83.8264640709103,34.31057857446376],[-83.82607607024227,34.310577576501],[-83.82567206891278,34.310548574179165],[-83.82527806866256,34.31041257481946],[-83.825198070118,34.31038457536827],[-83.8248680690294,34.31024757382518],[-83.82424706913412,34.30991457467641],[-83.82413807116806,34.30981557596083],[-83.82391506901892,34.309600575942646],[-83.82390606970404,34.31029757623826],[-83.82385306874151,34.31051557450951],[-83.82372206980139,34.310462575070744],[-83.82355606902013,34.310423575306416],[-83.82325606948591,34.31038857414741],[-83.82303406961222,34.31037657556682],[-83.82282807064387,34.310376574514],[-83.82261207092681,34.31039057615944],[-83.8224370698496,34.31041157612982],[-83.82233006909597,34.31043557631152],[-83.82214607061319,34.31047757608611],[-83.82179006974437,34.31061457490986],[-83.82160907067784,34.31075557649748],[-83.8215140695386,34.31086457370988],[-83.8215000686651,34.31091957419779],[-83.82135707084082,34.31081757506646],[-83.82123306776334,34.31072057624812],[-83.82111606868814,34.310654574101754],[-83.8209300707013,34.31061157631261],[-83.82071606777072,34.31061057361625],[-83.8206950695821,34.31061757450492],[-83.82056806795458,34.310709575260276],[-83.81769806964999,34.31201657669802],[-83.81758106913918,34.31210157687799],[-83.81753406677082,34.31215657569985],[-83.81751606856326,34.31221457556036],[-83.81752506630296,34.31231057508678],[-83.8176540673801,34.31256857521696],[-83.81839106901528,34.313652575182886],[-83.81859806935041,34.31384257698327],[-83.81864306947647,34.313985575638206],[-83.81862206788242,34.314105575245215],[-83.81850606914583,34.31423457750378],[-83.81840406894449,34.314372576540976],[-83.81835106712226,34.314488574998364],[-83.81829906947725,34.31464157578501],[-83.81829706928363,34.31477857615782],[-83.81832006707377,34.31490357651317],[-83.81834006981532,34.31510657751662],[-83.81840807003137,34.3152625764466],[-83.8185720703236,34.31545257679748],[-83.8186680693983,34.315502577426436],[-83.81827306780418,34.315736577443815],[-83.81801706755518,34.315825576777506],[-83.81793706955472,34.315869577312704],[-83.81781406859963,34.315987577820806],[-83.81728606901272,34.31660657679585],[-83.81723106974509,34.316660577143615],[-83.81713306781836,34.316735575810604],[-83.81700806904244,34.31678057786849],[-83.81685806830504,34.31680557651241],[-83.81660006705818,34.31682657532574],[-83.81629106728225,34.316769575449875],[-83.81627506843284,34.31672957666036],[-83.81605306722022,34.31592857631022],[-83.8158320667373,34.31516957612441],[-83.81562006716436,34.314483576065165],[-83.8155050654777,34.31425657570811],[-83.81546906645532,34.31417557740047],[-83.815452067224,34.31412057711625],[-83.8153920663631,34.3140205761066],[-83.81530006696603,34.31389057732877],[-83.815059066955,34.3135935760285],[-83.8149910673617,34.31351557629134],[-83.81479706837034,34.31327957704525],[-83.8146950685723,34.31313357507028],[-83.81467506686523,34.31307857686256],[-83.81449606714416,34.31253657620011],[-83.81433906898154,34.3120235752947],[-83.8143070673368,34.31188557557222],[-83.81427506671939,34.31175957663306],[-83.81426106627606,34.31155457444588],[-83.81426506725549,34.3114665765425],[-83.81430306769082,34.31132257537829],[-83.81439506801777,34.31109857636291],[-83.81448206678184,34.31093257618916],[-83.81480306546081,34.3103495754415],[-83.8152340671437,34.30954457492445],[-83.81533106879398,34.30936457616771],[-83.81536206820238,34.30927957671129],[-83.81551606845534,34.30899957502673],[-83.81559206561509,34.30881657581045],[-83.8157920668501,34.30829257393913],[-83.81593706828497,34.30793957551429],[-83.81599706753028,34.30784857420343],[-83.81601406755205,34.307768574258226],[-83.81601406589883,34.30758157598226],[-83.81598306835511,34.307427574794566],[-83.81594806661812,34.30732757430087],[-83.81579006645673,34.30703157540607],[-83.8157090671606,34.306921574492335],[-83.81555606588229,34.306765575518355],[-83.8154020659874,34.30658757517267],[-83.81515006759173,34.30633957413042],[-83.81474306812832,34.30595557447108],[-83.81451206539994,34.30573757447171],[-83.81442506807305,34.305643574555724],[-83.81430206699672,34.30552057478904],[-83.81399806537581,34.305108575760784],[-83.81385506537067,34.30489757427193],[-83.81381906664534,34.3048445745484],[-83.81280906710735,34.303050574121485],[-83.81228806456352,34.3035265732963],[-83.81162706494672,34.304184573899754],[-83.81131606506472,34.30453657480842],[-83.81077406698162,34.30506357501655],[-83.81019006445553,34.3056325737002],[-83.81008406510995,34.30573257570896],[-83.80966106368656,34.30613257488566],[-83.80944006405309,34.30632057516402],[-83.809087065173,34.30654657595071],[-83.8084230655099,34.306837574076525],[-83.80769906375129,34.307018575231986],[-83.80722006335742,34.30709457585049],[-83.80600806404622,34.30718957586826],[-83.80581006531449,34.30727457609173],[-83.80571006457818,34.30738957692661],[-83.80627506449271,34.313657575900166],[-83.80466706529376,34.31449257706805],[-83.80468206460328,34.31454357806098],[-83.80467106443123,34.31468657762683],[-83.80462406589714,34.31491757749246],[-83.80460706573307,34.3150425775218],[-83.804602064139,34.31508057828142],[-83.80460006364754,34.31524257704018],[-83.8046440648911,34.31538357719527],[-83.80477006576716,34.31565957799208],[-83.8049120663705,34.31582457700254],[-83.80503406306501,34.31595857765945],[-83.8051680635308,34.31612957612748],[-83.80555006406028,34.31657157626173],[-83.8056990662412,34.31681757837344],[-83.80587906590532,34.317186577918896],[-83.80633106480653,34.31821457754344],[-83.80649706612361,34.318802577235694],[-83.80542006481872,34.319436577878186],[-83.80398606441668,34.32006357729242],[-83.80318206444565,34.32035357863566],[-83.80265006339286,34.32046957659978],[-83.8022920635346,34.320529577956485],[-83.80225506295689,34.32053757747545],[-83.80310006372939,34.321314577772654],[-83.80379906304213,34.32232857925313],[-83.80394806547585,34.322616577396154],[-83.80429906570564,34.32371357803483],[-83.80491506378699,34.32481057797325],[-83.80509906443666,34.325322578603235],[-83.80513206711026,34.325414579084054],[-83.80515006500389,34.32577157886728],[-83.80510706655718,34.32590258035835],[-83.80508406547732,34.32597757872899],[-83.80490206647319,34.326197580779926],[-83.80484806428016,34.326243578775895],[-83.80448406511812,34.32655357951572],[-83.8041750638284,34.32681657918123],[-83.80379606547099,34.32736558027332],[-83.80316806507506,34.32812158120083],[-83.80277306407072,34.328781580128066],[-83.8025590659183,34.32960557989617],[-83.8024300646699,34.330580581099646],[-83.80252106378441,34.331260581287225],[-83.80277506547485,34.3322405813942],[-83.80250706512732,34.332801581161355],[-83.8020580655237,34.333100580174616],[-83.80197006458684,34.333642582047396],[-83.8019100645853,34.334215581903905],[-83.80186106481035,34.33468858032632],[-83.80096306319925,34.33566258219096],[-83.79967106504333,34.336496580324216],[-83.79826806497634,34.33740558353233],[-83.79766506216714,34.338938583123785],[-83.79802806224924,34.33990858282328],[-83.79756006214035,34.34117958360616],[-83.7973890628241,34.341191582626834],[-83.79596206400676,34.34129558188288],[-83.79442806444472,34.343205583682845],[-83.79373106331268,34.344074583643234],[-83.79272106398739,34.346257584360536],[-83.7927020622532,34.34629958336509],[-83.7926570622306,34.34666258490739],[-83.79230306371626,34.34953758384747],[-83.79225306259191,34.34993958578892],[-83.79244306324605,34.349888584672186],[-83.79382306411937,34.34985358429202],[-83.79458306547346,34.3501575846986]]]},"properties":{"OBJECTID":"22","COUNTY_NAM":"HALL","PRECINCTNO":"21","NAME":"21-Gainesville I","LOCATION":"FIRST BAPTIST CHURCH OF GAINESVILLE - 751 GREEN ST","PRECINCT":"GAINESVILLE I","MAPLABEL":"PRECINCT 21 - GAINESVILLE I","GlobalID":"{8D080F01-2F8E-4D5B-AC1E-A86450C653C6}","EDITED_BY":"JBUDD","EDITED_DT":"2/7/20, 9:44 AM","created_user":"","created_date":"","Shape_Length":"81,185.54","Shape_Area":"107,805,161.89"},"id":22},{"type":"Feature","geometry":{"type":"Polygon","coordinates":[[[-83.80625406516077,34.302183574715066],[-83.80686806300689,34.302901575466684],[-83.80718706647914,34.303288574359016],[-83.80577106297945,34.30407057324961],[-83.80612006418195,34.30458057609014],[-83.80612706574946,34.304589573631446],[-83.80633006425882,34.30485757573322],[-83.80570506318391,34.30523757415035],[-83.80596406370462,34.3056205748149],[-83.80604506272934,34.30577057579651],[-83.80609606369917,34.30583557585713],[-83.80547606512319,34.30609957641902],[-83.80580706509029,34.306643573815016],[-83.80600806404622,34.30718957586826],[-83.80722006335742,34.30709457585049],[-83.80769906375129,34.307018575231986],[-83.8084230655099,34.306837574076525],[-83.809087065173,34.30654657595071],[-83.80944006405309,34.30632057516402],[-83.80966106368656,34.30613257488566],[-83.81008406510995,34.30573257570896],[-83.81019006445553,34.3056325737002],[-83.81077406698162,34.30506357501655],[-83.81131606506472,34.30453657480842],[-83.81162706494672,34.304184573899754],[-83.81228806456352,34.3035265732963],[-83.81280906710735,34.303050574121485],[-83.81322606496312,34.30283057300537],[-83.81406306545676,34.302500573974015],[-83.81483806583434,34.30231457306787],[-83.8155120662994,34.30215757342702],[-83.81569706564223,34.302080574772155],[-83.81658206765697,34.30169657372847],[-83.81728606796536,34.30134257287458],[-83.81785006705795,34.30105857309292],[-83.818986066038,34.30048657277028],[-83.82013206842018,34.29992057203182],[-83.82112206878057,34.29943257352424],[-83.82200006705281,34.29900357350853],[-83.82313606711779,34.29845657368467],[-83.82414106809021,34.29801857305096],[-83.82512506877501,34.29755957196738],[-83.82370007041688,34.295578571693206],[-83.82244106646311,34.29394557165063],[-83.82169506943046,34.29294857208973],[-83.82094006860993,34.29191257290122],[-83.82018306666252,34.29088457015496],[-83.81954206735199,34.2899525725356],[-83.81907706714847,34.28927657033294],[-83.8189100670341,34.28908656961179],[-83.81878906665598,34.28894857036749],[-83.81745806788584,34.29004157203094],[-83.81742506804731,34.29006257117351],[-83.81703806517936,34.28996257036988],[-83.81591906801694,34.28958957055931],[-83.81336606565766,34.28873357187172],[-83.81268006605717,34.288510570487354],[-83.8124570635581,34.28845857064933],[-83.81221806603129,34.2884085698067],[-83.8120310650928,34.28839857032282],[-83.81179806615077,34.288418571515855],[-83.81161006457064,34.28799956996662],[-83.8113810637947,34.287723570331515],[-83.81106206337502,34.2873365698008],[-83.81078706397449,34.28709756952495],[-83.81044806344855,34.286730570186364],[-83.81001606564674,34.286420569880356],[-83.80986806288543,34.286294569720006],[-83.80926706352334,34.2859935717219],[-83.80877406445977,34.2857375718314],[-83.80868306340165,34.28568756982685],[-83.80765706191744,34.28547057072102],[-83.80598806469084,34.28525156932607],[-83.80564606342982,34.285206569932264],[-83.80522206262724,34.28515557029402],[-83.804138064255,34.28502357202876],[-83.80406606262478,34.28501457045505],[-83.80399506240902,34.28500456925367],[-83.8033630632517,34.284929570514024],[-83.8031500607495,34.28489456904256],[-83.80293906097477,34.28485057184083],[-83.80273206257343,34.28479757133159],[-83.80252806306102,34.28473556996548],[-83.80232806070755,34.28466556876688],[-83.80213206315482,34.284587569581184],[-83.80194206136626,34.284500571296306],[-83.8017600625755,34.284402572114075],[-83.80158806100194,34.28429257095408],[-83.80092006156559,34.28383256992181],[-83.80070406294374,34.283695572017095],[-83.80055106327708,34.283598569129865],[-83.80037506156876,34.2835235705114],[-83.79970006173848,34.28296957001513],[-83.79967306132153,34.28294657026315],[-83.79963595786006,34.28291476793798],[-83.7994140616266,34.28272456989244],[-83.79922106097784,34.282559570511694],[-83.79910906117404,34.28248057055586],[-83.79884306054969,34.28229557017659],[-83.79849306025872,34.28206556998781],[-83.79844253454901,34.282040144370725],[-83.79818306040828,34.28190957031141],[-83.79806106099927,34.281847570046075],[-83.79759006098831,34.281676570049655],[-83.79699806052659,34.2815495697106],[-83.79657906011506,34.281525570042895],[-83.79620305952552,34.28150456955438],[-83.79561505993048,34.281517570030715],[-83.79527405927743,34.28157057011503],[-83.79496105918545,34.281612570244086],[-83.79436205863264,34.28170557029693],[-83.79366705911552,34.28180056975089],[-83.79315705911797,34.28182057023732],[-83.7929150589985,34.281829570271306],[-83.79205405859166,34.28184856994819],[-83.79054005699153,34.281680569951426],[-83.78970605810274,34.28158756958238],[-83.7894030591712,34.281553571043084],[-83.78783105671567,34.281443571791776],[-83.78684405646162,34.28135256901185],[-83.78622305633584,34.2812485710663],[-83.78590705698645,34.28115557057645],[-83.78572905612666,34.28110257197402],[-83.785440057672,34.280990571520576],[-83.78499805698239,34.280758569718515],[-83.78490905538038,34.2807025707702],[-83.78459605695679,34.28050857032824],[-83.78441005541296,34.28036857102319],[-83.7843250571254,34.280305571702876],[-83.7842520555953,34.280239570558614],[-83.7839680573231,34.27998156978421],[-83.78363605577353,34.27958956897653],[-83.78339405599726,34.279239569071365],[-83.78302905612458,34.27855657079715],[-83.7828670548943,34.27827757028055],[-83.78246205547818,34.27754256843506],[-83.78220405603854,34.27700756988189],[-83.78191705474698,34.27645057056609],[-83.78165905340029,34.27584956929506],[-83.78148705435979,34.27532256935989],[-83.78142205632325,34.27501956794447],[-83.78106305465344,34.27503856833791],[-83.78070305626616,34.275007569577674],[-83.78045905478788,34.27502456910187],[-83.78021505422154,34.27504657007312],[-83.77999005569406,34.27502356896415],[-83.77955305412162,34.2749385702245],[-83.77917905443613,34.27490756964511],[-83.778794053782,34.274949569583406],[-83.7784190537665,34.27510456986148],[-83.77783605302255,34.27536056974775],[-83.77720905532283,34.2756725707077],[-83.77655005306752,34.276037569220016],[-83.77609705444056,34.276312569463926],[-83.77590805352006,34.27643456921454],[-83.77525505393761,34.27681956859282],[-83.7745860531742,34.277199569927596],[-83.7739210553718,34.27768856884564],[-83.77342705205251,34.27829657056329],[-83.77203805307687,34.27983157070867],[-83.77112305226767,34.28085257176139],[-83.7709830529555,34.281008571452546],[-83.77037105371066,34.281385569745375],[-83.76977805158614,34.28171456996364],[-83.76871105200264,34.28234357229174],[-83.76826605096213,34.28258657136193],[-83.76746405075049,34.283054572845494],[-83.76648105122315,34.283648572245895],[-83.76616105153231,34.28379257074364],[-83.76596505239166,34.28385357044357],[-83.76567905161181,34.283872572243446],[-83.76529705111696,34.2838035721043],[-83.76425305106025,34.283515571482454],[-83.76338505021668,34.28327657105315],[-83.76284805013178,34.28324057081505],[-83.76273405040122,34.28324057194265],[-83.76245004945535,34.283242572769126],[-83.76202604924698,34.28324557307178],[-83.7620150504849,34.28324657265785],[-83.76127804936213,34.28331057261965],[-83.76091405113627,34.2833505706136],[-83.76062904870525,34.28337757169473],[-83.75995004919874,34.283459573594435],[-83.75953404964271,34.28353057121925],[-83.75855104880502,34.283700573403735],[-83.75751604811136,34.283919572082816],[-83.75698704939619,34.28400757319479],[-83.75644005019656,34.28403357200451],[-83.75593404952787,34.28399957189506],[-83.75519404740317,34.28388257168167],[-83.75420804872053,34.283637570807244],[-83.75392104918154,34.28357257124798],[-83.75357604750006,34.28351757227181],[-83.75325804711989,34.28349357108902],[-83.75292704626258,34.28355457220757],[-83.75162004559625,34.28433757370468],[-83.75067104692027,34.28486757362298],[-83.75009204558921,34.285397574026874],[-83.7491780448566,34.28636357349196],[-83.74882504560367,34.28657157162906],[-83.7486240469409,34.286665574413085],[-83.74831504573339,34.286743574035974],[-83.74776804589779,34.28676957280552],[-83.7472790466812,34.28677557248029],[-83.74665504486816,34.2867365735479],[-83.74565204444889,34.28662557226871],[-83.74573704605336,34.28757257185004],[-83.7457210462457,34.28787057243287],[-83.74564604465233,34.28815657323407],[-83.74569804716498,34.288636572995095],[-83.74568404370964,34.28900857314291],[-83.74571404572973,34.28958957406651],[-83.74577204651163,34.28994257390175],[-83.7457350465541,34.29008757342302],[-83.74564004633304,34.29023857374056],[-83.7455010468961,34.29033357499808],[-83.74533304645297,34.29036357415711],[-83.74514804442974,34.29035457308782],[-83.74498304545807,34.29031057311852],[-83.74487604750794,34.290264574577],[-83.74468504655123,34.29022557405702],[-83.74457104473338,34.290262573096165],[-83.74447304397115,34.29033457381713],[-83.7444580468037,34.290363573427264],[-83.74430804646462,34.29032357400985],[-83.74386204472374,34.29004657464934],[-83.7437300451341,34.29010457417838],[-83.74364804504417,34.290243572835685],[-83.74310604523222,34.29067757246474],[-83.7427760466841,34.291007575122066],[-83.74239804464992,34.29147557439742],[-83.74195504548953,34.292245573112595],[-83.74185804472572,34.292712573487556],[-83.74150204491397,34.29306357371293],[-83.74176004441424,34.29298757386707],[-83.74215704416707,34.292999574101636],[-83.74267104510554,34.293176573915616],[-83.74373004469206,34.29373157440305],[-83.74396104653667,34.293785574998914],[-83.74429104544058,34.29378257486181],[-83.74453704509833,34.2937255743627],[-83.74463604538415,34.29379357368844],[-83.74463704525132,34.29401657400887],[-83.74472004536189,34.29418357447749],[-83.74519804420528,34.29439057466911],[-83.7456590466752,34.294753575342966],[-83.74588904669815,34.2950465748865],[-83.74626804634643,34.29578357625245],[-83.74654904828323,34.29621357525939],[-83.74684604811345,34.29656057587903],[-83.74720904786786,34.296825576847645],[-83.74753804806043,34.29697857571151],[-83.74795004708096,34.29709057453397],[-83.7493690476652,34.297338574543446],[-83.74986604850825,34.29736457445998],[-83.7511400496524,34.29692357460909],[-83.75163704739693,34.296826576150096],[-83.7518110491485,34.29673457429929],[-83.75244704853456,34.29639957534593],[-83.75322504957329,34.29608257342493],[-83.75401904799831,34.29594357489653],[-83.75411904766331,34.295860574181866],[-83.75423404812457,34.29549057586167],[-83.75444804980245,34.29532557585388],[-83.75469704905377,34.29532457506301],[-83.75516104708521,34.295474575102666],[-83.75592304957225,34.29541857512728],[-83.75613804912672,34.29533557596308],[-83.75632005013495,34.29518457319829],[-83.75655104770522,34.29510157459124],[-83.7566170505364,34.29500557457761],[-83.75661704904111,34.29482657601476],[-83.75683204807821,34.294744574553704],[-83.75724604822122,34.29474357404637],[-83.75865404860234,34.29486457441703],[-83.7589530487984,34.29505557381149],[-83.75911904814095,34.29527557540452],[-83.75918605105468,34.295563575729254],[-83.75938604994262,34.295919574609634],[-83.75942005122917,34.296098573486155],[-83.7593540484497,34.296386575078245],[-83.75958804864837,34.296921575160354],[-83.75985305040015,34.29715457528099],[-83.76043305006844,34.29750257356809],[-83.76058305187144,34.29759257596407],[-83.76056705099964,34.297688576142356],[-83.76028505104635,34.2977165742461],[-83.76026905096253,34.29779857571563],[-83.76045205203344,34.29790857454635],[-83.7608220517382,34.29799857470843],[-83.76089905003592,34.29801757428046],[-83.76129604902981,34.2979615766214],[-83.76172705001294,34.29797457628345],[-83.76191004988718,34.29811157404258],[-83.7620100512178,34.298358575591536],[-83.7620110500824,34.29867357553077],[-83.76194505266213,34.29905857558472],[-83.76178105211844,34.29947057559079],[-83.76171705205614,34.30025257634205],[-83.76180005142169,34.30034857386514],[-83.7623800514257,34.300526574712535],[-83.76281105235674,34.30055257483973],[-83.7629580499779,34.30046857508315],[-83.76334005017767,34.30024957632176],[-83.76338805055786,34.300233576413376],[-83.76358805057568,34.3001675761794],[-83.76474805206789,34.30019257412372],[-83.76514505151341,34.30010957646584],[-83.76549205347878,34.29987557584231],[-83.76590505394503,34.299394575281404],[-83.76641805315268,34.299214575249486],[-83.76674905185492,34.29922757401888],[-83.76737905245594,34.299432575810215],[-83.76799205281272,34.299513573972966],[-83.76835705188432,34.299499576056455],[-83.76882005418507,34.29934757473839],[-83.76898505280539,34.299155575743804],[-83.76901805423411,34.298962575662074],[-83.76891605148235,34.29797457311056],[-83.76929405425773,34.296931574441196],[-83.76954105280304,34.29661457278852],[-83.76975605290077,34.296504575629996],[-83.77010405257786,34.29647657369628],[-83.77043605476096,34.29658557481738],[-83.7707340523398,34.29659857416211],[-83.7710990529958,34.296735572898925],[-83.77147405482503,34.296948573610486],[-83.77259205527903,34.29758357490864],[-83.77305605486804,34.297912575317866],[-83.77343805351956,34.298103575253855],[-83.77408505588514,34.29832257333207],[-83.77509705398339,34.29893757585721],[-83.77549405592791,34.299060574053605],[-83.77609105571165,34.29912857375025],[-83.77658805513254,34.29931957342303],[-83.7769040552555,34.29960757409422],[-83.77712005664328,34.299936574067495],[-83.77747005534741,34.30063557449391],[-83.77762105661603,34.301445576236745],[-83.7777710567373,34.30160957378017],[-83.77843605628446,34.30163757514221],[-83.77869805422709,34.301649575579816],[-83.77906305736327,34.30178557511422],[-83.77952705728717,34.3017575753739],[-83.7799910559439,34.30200357621777],[-83.78040505624564,34.30204357670213],[-83.78070405492115,34.3022215747191],[-83.78090305723569,34.30245457387449],[-83.7813850560406,34.30286557458442],[-83.78277805782224,34.30349457665958],[-83.78313905753924,34.30355157672991],[-83.78367205683861,34.303424574919426],[-83.78392005778508,34.30342857581683],[-83.78433505943154,34.30343657397377],[-83.78458305891265,34.30339557618525],[-83.78489805853519,34.30328457426519],[-83.78514605716532,34.303133575716984],[-83.78564205808416,34.30303657602901],[-83.7861880569223,34.30265057636087],[-83.786386058522,34.302581575532216],[-83.78714805912168,34.30256657428269],[-83.78859005900404,34.30275657427035],[-83.78916905891138,34.30265957567369],[-83.78993005858216,34.30234157333898],[-83.79057506008606,34.3020115736251],[-83.79108805831143,34.30157157550921],[-83.79179906112044,34.30106257459608],[-83.792580061221,34.30062557438407],[-83.79296106065789,34.30041357528577],[-83.79330405877795,34.3002215750219],[-83.79384906009797,34.29963057476288],[-83.7941960598979,34.299369573416946],[-83.79442705982561,34.29908057381545],[-83.79513106149143,34.29852957283848],[-83.79637706104475,34.29755357289958],[-83.79692206220805,34.29700357284544],[-83.79715406142864,34.29689357247561],[-83.79778306300412,34.296823572148305],[-83.7979980623064,34.29674057333136],[-83.79823006104729,34.29660357426448],[-83.79879105951012,34.29605257253841],[-83.79905606118788,34.29514157282102],[-83.79910106206013,34.29495057379724],[-83.79967106238408,34.29497257325884],[-83.79967506116377,34.29493857345461],[-83.7997370605462,34.29452957192545],[-83.79980406193052,34.29332257182255],[-83.79990606035115,34.29281257227124],[-83.79995606245912,34.292646572177524],[-83.80015606049281,34.292928573687306],[-83.80042606189846,34.29324857170782],[-83.8006950616175,34.2935695722857],[-83.80136106336127,34.294201573560045],[-83.80169906319313,34.2936735719737],[-83.80184406227634,34.293430573134685],[-83.80228206334716,34.2928145721346],[-83.80249306191698,34.29303557156315],[-83.80275306051273,34.29319857290527],[-83.80326806155266,34.29338357131847],[-83.80345906373044,34.293505571280164],[-83.8041790636412,34.294250572513704],[-83.80459006228907,34.29383257225535],[-83.80468806366524,34.29371757243519],[-83.80476606399625,34.29350457210421],[-83.80483706197116,34.29303257180885],[-83.80483106253824,34.292883571136656],[-83.80542406310003,34.29303757119602],[-83.80584006279314,34.292402572080285],[-83.80606906427276,34.29248157303415],[-83.80677606383534,34.29272857189512],[-83.80702006372661,34.29278957106499],[-83.80567106385031,34.29596357393489],[-83.80580306357074,34.296180573458514],[-83.80594106418928,34.29645057225019],[-83.80685006542687,34.29764557247124],[-83.80706606448845,34.297931571989274],[-83.807165063174,34.29805557162433],[-83.80722706370337,34.29816857255792],[-83.80736606381346,34.2983505738571],[-83.80629106356467,34.29922257245152],[-83.80491706268398,34.300844573784495],[-83.80455506335592,34.30127357340109],[-83.80511806374018,34.301905573838],[-83.80553206468241,34.30233957406578],[-83.8059400646649,34.30211257416389],[-83.80597706443177,34.30208957494786],[-83.80610706277558,34.30201057432654],[-83.80625406516077,34.302183574715066]]]},"properties":{"OBJECTID":"23","COUNTY_NAM":"HALL","PRECINCTNO":"22","NAME":"22-Gainesville II","LOCATION":"FAIR STREET NEIGHBORHOOD CENTER - 715 FAIR ST SE","PRECINCT":"GAINESVILLE II","MAPLABEL":"PRECINCT 22 - GAINESVILLE II","GlobalID":"{DBF5B65E-A759-441A-83EA-B62DD5E8C8F4}","EDITED_BY":"JBUDD","EDITED_DT":"2/7/20, 9:44 AM","created_user":"","created_date":"","Shape_Length":"75,456.41","Shape_Area":"136,964,928.45"},"id":23},{"type":"Feature","geometry":{"type":"Polygon","coordinates":[[[-84.02258712007973,34.19461754406746],[-84.02307512155052,34.19478154324111],[-84.02379212109582,34.19494154192744],[-84.024685122703,34.195059543921886],[-84.02585212272994,34.19515854390534],[-84.02992612202883,34.19533454296524],[-84.03071212248582,34.19531854317582],[-84.03308312551631,34.195000543310435],[-84.03458012555298,34.19479654340519],[-84.03547412396135,34.19466154252539],[-84.03725812656151,34.19439254119902],[-84.0376251255009,34.194411543820266],[-84.03793712415643,34.19435054256625],[-84.03873112722704,34.19432354363481],[-84.03902812585052,34.19426954285749],[-84.03957812514975,34.19407954154386],[-84.04134812465391,34.193625541478426],[-84.04629912853426,34.19185554053706],[-84.04658912696992,34.191721541475694],[-84.04691012792634,34.19160354280239],[-84.04741312716436,34.191466541632686],[-84.04790912824261,34.19142054200367],[-84.04822912863722,34.1913665411705],[-84.0487181281739,34.1912295409619],[-84.04920612813729,34.191023541647574],[-84.04968712816542,34.19076453988272],[-84.05004512812711,34.190535541589796],[-84.05020112737881,34.19042054102056],[-84.05067113033407,34.19007354026945],[-84.05225812965544,34.18848353991787],[-84.0526391281116,34.18794953916433],[-84.0530591302485,34.18729254005256],[-84.05309712882168,34.187117540777926],[-84.05322713171151,34.18697654001824],[-84.05361612989859,34.186209540142904],[-84.0539361294138,34.185732540792934],[-84.054150130363,34.18550754164599],[-84.05461512968152,34.18508754046378],[-84.05539312965226,34.18452354055727],[-84.05570613176133,34.18434053897363],[-84.0568431299655,34.18375654098016],[-84.05763613062483,34.18328353891825],[-84.05786513000884,34.18314654029265],[-84.05806413190696,34.182982538994466],[-84.05843813123344,34.182612539626334],[-84.05868913209036,34.18230753865019],[-84.05891112940303,34.18198653993562],[-84.05909413230638,34.18163553943109],[-84.05914713149565,34.18137653978949],[-84.0591551299432,34.18110553743952],[-84.05906313098104,34.180117538249476],[-84.05872713004392,34.17877854009298],[-84.05867412953019,34.17867953802877],[-84.05872013204437,34.17857653974397],[-84.05875013263623,34.17808053751101],[-84.05886513113036,34.17742853843135],[-84.05897213177295,34.177168539358725],[-84.05899413005024,34.17687153900309],[-84.05915513194509,34.17640153799718],[-84.05919313056823,34.17620753809264],[-84.05949812873267,34.17551353865246],[-84.0602761307286,34.174433538176494],[-84.06067813049295,34.17366053799137],[-84.06079713043283,34.17328553818444],[-84.06077213220303,34.17298353618488],[-84.0607951307812,34.17228953652379],[-84.06116113163593,34.17115253636932],[-84.06177813014223,34.16954053548611],[-84.06199313286844,34.16897853595024],[-84.06207313075429,34.168804535668414],[-84.06209513193956,34.168757537072395],[-84.06219113272486,34.168547536978316],[-84.06225013178204,34.16845253729737],[-84.0624011314126,34.168251537559065],[-84.06240313200074,34.168248535139575],[-84.0624051325843,34.16824553632641],[-84.06242313090178,34.168221535792576],[-84.06243413049562,34.16820753522886],[-84.0624471316814,34.16819853571546],[-84.06245013219497,34.16819653491622],[-84.0624781314508,34.168178536678276],[-84.06249412988495,34.168167536357075],[-84.06254913281937,34.16812253657019],[-84.06284513110059,34.167879535706255],[-84.055266128044,34.16516853565532],[-84.046884128225,34.16220653544177],[-84.04315712513021,34.16089253540283],[-84.04253512543472,34.160670534292485],[-84.0402751257468,34.15986453429112],[-84.03773812465192,34.15897253401175],[-84.0366441243183,34.15858553333932],[-84.0354371236339,34.15816353557335],[-84.03304512056489,34.15731453439377],[-84.03188812196694,34.15690453473422],[-84.02986412153732,34.1561905358142],[-84.02919412125533,34.15595553599562],[-84.02772312055313,34.15544153427317],[-84.02615011964396,34.15488653416871],[-84.02613611823705,34.15488153591112],[-84.02511211849051,34.15451753295665],[-84.02461011865834,34.154339534825446],[-84.02393811751529,34.15410253398097],[-84.02276311898893,34.15368653444454],[-84.02206711989683,34.15344053332891],[-84.02205611913706,34.153436533504134],[-84.02183612027213,34.15335853386015],[-84.02161311669262,34.15328053568067],[-84.0216051193873,34.15327753292531],[-84.0215071175,34.15324453399711],[-84.02140311972829,34.15320953536405],[-84.02128711946607,34.15316853401519],[-84.02094311829326,34.153046534831944],[-84.01972611938174,34.15261153359108],[-84.01928411893128,34.15245053550306],[-84.01862811669486,34.15222153456382],[-84.01821811860283,34.152075534143655],[-84.01798311713401,34.15199353339677],[-84.01789411900202,34.151962534116336],[-84.0178051176803,34.151931535669036],[-84.01756611666511,34.15184753313482],[-84.01732711869474,34.15176453451888],[-84.01380611470563,34.150520534749425],[-84.01308011465308,34.15026353502802],[-84.01269311497802,34.150126533842446],[-84.01261211599775,34.15009753329372],[-84.01242711752766,34.150031534814296],[-84.00968811515264,34.14906453475493],[-84.00963411404236,34.14904553392884],[-84.009084112912,34.148850534714036],[-84.00865811460908,34.14869853485147],[-84.00848011341753,34.14863553453424],[-84.00664111414014,34.14798753363043],[-84.0063641145893,34.14788453427516],[-84.0053451124511,34.14750553428337],[-84.00509011305465,34.14740953301921],[-84.0047731115846,34.14729153342005],[-84.00429611158378,34.14711353378667],[-84.00367111117717,34.14688153479714],[-84.00301311448423,34.146639534993085],[-84.00235511395985,34.14639753435848],[-84.00176411249673,34.14617553201113],[-84.00116311405097,34.145949531879424],[-84.00047911055661,34.14569653259989],[-83.99996511244899,34.14550553440257],[-83.99992711370375,34.14549153326481],[-83.99978411051191,34.14544053206981],[-83.99957611211649,34.14536553457239],[-83.99863311220568,34.14502753374568],[-83.99840211029068,34.14494453353924],[-83.99789511186754,34.14476853435776],[-83.99673111065721,34.1443485336567],[-83.99634211246591,34.144209533364354],[-83.99551311189039,34.14391453317179],[-83.99505110920587,34.14375153191511],[-83.99476510887305,34.14364653460706],[-83.99399511148174,34.14337353454305],[-83.99291710928988,34.142983534526245],[-83.99261010795944,34.142877534154735],[-83.99213811160537,34.14273753460043],[-83.99199710853472,34.142695532342714],[-83.9917291081881,34.14259053462937],[-83.99170810779063,34.142582531864626],[-83.99062010933676,34.14223053408341],[-83.99013510888136,34.14205453166799],[-83.98850110681764,34.14147153253818],[-83.98781510868035,34.14127653175473],[-83.98775210752062,34.14125453200611],[-83.98736210802707,34.14111353359014],[-83.98705510704237,34.14100053192583],[-83.98522410859121,34.14034453281668],[-83.98339410568427,34.1396875332386],[-83.98336410695931,34.139676531319786],[-83.98232510674153,34.13930453204876],[-83.98125610659707,34.13892253313765],[-83.98022810774486,34.1385505327208],[-83.97981010658425,34.138400533827706],[-83.97948210660293,34.138282531473166],[-83.97844610604592,34.13791053367979],[-83.97838810623783,34.13788853137991],[-83.9766001038109,34.13724753251715],[-83.97480910457456,34.13660453202052],[-83.97478110392346,34.13659653255041],[-83.97428410340085,34.136414532425064],[-83.97375810271646,34.13622453261947],[-83.97336410522466,34.13608453288962],[-83.97295610522332,34.13593953297481],[-83.97212010251056,34.13564153084964],[-83.97127010205415,34.13533853294033],[-83.96993210392057,34.13485653171305],[-83.96956910157928,34.13473053253155],[-83.96848010201866,34.13433353184765],[-83.9680011008131,34.13416353291375],[-83.96728510124123,34.13390553184109],[-83.96656910060634,34.133647531097154],[-83.96650810020228,34.133625532717524],[-83.96467710193458,34.132961532750194],[-83.9640130990126,34.132724531456866],[-83.962775101075,34.13228253102458],[-83.96158109945875,34.13185753265794],[-83.96121709880696,34.13172753104939],[-83.9605270998011,34.13148153164046],[-83.96021710142887,34.13136753185237],[-83.95990709955115,34.131253533078514],[-83.95976009792751,34.13119953297638],[-83.9596130997442,34.13114553270396],[-83.95913409906184,34.1315875314768],[-83.95755509951279,34.13293553239641],[-83.95651309731356,34.133902531454694],[-83.95630809785578,34.1340925315673],[-83.95608609755983,34.134310532907776],[-83.95503109808394,34.13534853293311],[-83.95384909919207,34.136447533023194],[-83.95273209723028,34.137445533024795],[-83.95242109720171,34.13776353382487],[-83.95189509953512,34.13826653299442],[-83.95006109775827,34.14001753402034],[-83.94753109640979,34.142275533769634],[-83.94721409627286,34.14251553472026],[-83.94683109695805,34.14280553562432],[-83.94657009639921,34.143002536044044],[-83.94596309486278,34.14346253537803],[-83.94580809719153,34.143580536399206],[-83.94476709556704,34.14444053559168],[-83.94456009768356,34.14461153431023],[-83.9436500936618,34.1453185360214],[-83.94306509449108,34.14580653642317],[-83.94184609325842,34.14674453672224],[-83.93696509393264,34.15056053609378],[-83.9356000928533,34.15162253656544],[-83.93347309286747,34.15333253871274],[-83.9333590947183,34.15342053789695],[-83.93180609417752,34.15462353715209],[-83.93100709163444,34.155327537221105],[-83.93036409334714,34.155988539556965],[-83.92967809263865,34.15676853998367],[-83.92907209298943,34.1575475399846],[-83.92843909083427,34.158484539558174],[-83.92785409276502,34.159446540173086],[-83.92744709224245,34.16013653999865],[-83.92776709033151,34.1601465398075],[-83.92799609250733,34.16015353898883],[-83.92880009202169,34.16017153934115],[-83.92967109293082,34.160362538377676],[-83.92974609161654,34.16038653846641],[-83.93045909393567,34.160611539759714],[-83.93110509163992,34.16088053871962],[-83.93205709287064,34.16127754017144],[-83.93300309381647,34.16166254061313],[-83.93373109411996,34.16178553957151],[-83.93402509479913,34.16183554062517],[-83.9349080953813,34.16187053938956],[-83.93557709482982,34.16191553890977],[-83.93597809494138,34.16194354031791],[-83.93685909584423,34.16196554012582],[-83.9373720944813,34.16200753922069],[-83.93750509342172,34.162019538088614],[-83.93784709393462,34.16211053849269],[-83.9379290949768,34.16214153760539],[-83.93843109507176,34.16233554055141],[-83.93916009434025,34.16282553862182],[-83.93989709416537,34.16339153986007],[-83.94114609568182,34.16427653948936],[-83.94164809469491,34.16460154000062],[-83.94191709499134,34.16474854112233],[-83.94219909579294,34.16489054084121],[-83.94242209772526,34.16497754033783],[-83.94272909587451,34.1650545407512],[-83.94301109802066,34.16513153902983],[-83.94423909775907,34.16576854105948],[-83.94465709683031,34.16598554083809],[-83.94563609692993,34.16645654001691],[-83.94599809792213,34.16663053919355],[-83.94661909861547,34.16692953918645],[-83.94712009707621,34.16717254067796],[-83.94753109970621,34.16737254020659],[-83.94796809598007,34.16750954157875],[-83.94851509870271,34.1676655415294],[-83.94853009809195,34.16766953881109],[-83.94906909855334,34.16779953901711],[-83.94957209739442,34.16790654112474],[-83.95002309953834,34.16798754027904],[-83.95063109901278,34.16819054030281],[-83.95103409753766,34.16833953965606],[-83.95125209887047,34.1684205403476],[-83.9514760981138,34.168512539801796],[-83.95159209875015,34.16856154013126],[-83.95171909813192,34.16862854101432],[-83.95198809796631,34.168770539621995],[-83.95234810016223,34.16898054156462],[-83.95285209902991,34.169276540430246],[-83.95325909836554,34.16950653958138],[-83.95368909965184,34.16972754061613],[-83.95392610135131,34.16986254076344],[-83.95449810061235,34.17013754077225],[-83.95506609951795,34.17039054132865],[-83.95567410077976,34.17060853961889],[-83.95626409902317,34.17079853928425],[-83.95670810094151,34.1708995407122],[-83.95722609980302,34.170964540853994],[-83.95803909963415,34.170987539483136],[-83.95942210313379,34.17108054066743],[-83.9601601023241,34.17114754063439],[-83.9604071009955,34.171183541015985],[-83.96084310154974,34.17131354177408],[-83.96104010122146,34.17138654139664],[-83.9614091031188,34.17153254026295],[-83.96557610143577,34.173520540416796],[-83.96617910428081,34.17380854043077],[-83.9666001020232,34.174008541954315],[-83.96702010468603,34.17420954027992],[-83.96710810426279,34.17428053967639],[-83.96768610350252,34.17461554128971],[-83.96821310295253,34.174930542402926],[-83.96823910309601,34.17494654175513],[-83.9686611058493,34.17515454036369],[-83.96897110515619,34.175294540151945],[-83.96922810388074,34.17540554158685],[-83.9695431068249,34.1754765408866],[-83.96995110541836,34.175534542339655],[-83.97050910642122,34.17558854209537],[-83.97132510635878,34.17559354200911],[-83.97140110431313,34.17559454020568],[-83.97162110583088,34.1755955410091],[-83.97324010412618,34.175759541054745],[-83.97429110521735,34.17595854026339],[-83.9749881071908,34.17621953966778],[-83.97530810587904,34.17633954171723],[-83.97654410533048,34.17684854079628],[-83.97658710548338,34.17686054180336],[-83.97826910585253,34.17765354202696],[-83.97871110948908,34.17790254033731],[-83.97953910693741,34.17832154110008],[-83.98008910827849,34.17854454023146],[-83.98055510713117,34.17866854257585],[-83.98106110641251,34.1788025410213],[-83.98263910850919,34.17933954181925],[-83.98281810942476,34.179428542254186],[-83.98313610831825,34.17958654287566],[-83.98358110822086,34.17989054152177],[-83.9837671092333,34.180230542004665],[-83.98387310911107,34.18063354179492],[-83.98392611085724,34.18086054186436],[-83.98393310742989,34.18105054233939],[-83.98395411033098,34.18123054155286],[-83.98404310950843,34.18199854295644],[-83.98407910772006,34.18217554139543],[-83.98417210843911,34.18245454159345],[-83.98425011066753,34.182684541272025],[-83.98442110767438,34.18278154079601],[-83.9846521084422,34.182852541503834],[-83.98480711036694,34.182924542634716],[-83.98505810916254,34.18311454192293],[-83.98525411049128,34.183046542485556],[-83.98539111042396,34.18303054242029],[-83.98565111164741,34.183049541430236],[-83.98653510973,34.18304054248389],[-83.98726611013946,34.182997542610046],[-83.987645110663,34.18293754242486],[-83.98778310997828,34.18297254246418],[-83.98806711080265,34.183231540255925],[-83.98825710863741,34.18341754210993],[-83.99469211412483,34.18482154345339],[-83.99674311358268,34.18526654199931],[-84.00149311439839,34.18615854092045],[-84.00261211589847,34.18775354332991],[-84.00399011582005,34.19140454172532],[-84.00497411713927,34.192520542916554],[-84.00588511697762,34.192974543033685],[-84.00615311577383,34.19275954238686],[-84.00685511625733,34.192335542962525],[-84.0068921168207,34.192317542179744],[-84.00706911796247,34.192232544147636],[-84.00767911587529,34.19202954293108],[-84.00804511757937,34.19190854424283],[-84.00847311671623,34.19171754365063],[-84.0089301182669,34.191553542763316],[-84.00919711722861,34.19147354304123],[-84.00948011693427,34.191431541907185],[-84.00974711555361,34.19136354207916],[-84.0110061179872,34.19107754237352],[-84.01146311718881,34.191027543777906],[-84.01280611799868,34.19105754254331],[-84.0132641197775,34.19110754221565],[-84.0136991193381,34.19119554247115],[-84.01561411896525,34.19179854227508],[-84.01686512069423,34.19224454388835],[-84.01897111910304,34.19309154277607],[-84.02078611970464,34.193869543240105],[-84.02099212142618,34.193922541957804],[-84.0211531214935,34.1940185415908],[-84.02130412266476,34.19408154442152],[-84.02258712007973,34.19461754406746]]]},"properties":{"OBJECTID":"24","COUNTY_NAM":"HALL","PRECINCTNO":"7","NAME":"07-Roberts","LOCATION":"LANIER POINT CHURCH - 6302 LANIER ISLANDS PKWY","PRECINCT":"ROBERTS","MAPLABEL":"PRECINCT 7 - ROBERTS","GlobalID":"{32B98C80-3A26-4FC7-974E-931B52ED1BD7}","EDITED_BY":"RPEOPLES","EDITED_DT":"8/9/22, 8:55 AM","created_user":"","created_date":"","Shape_Length":"100,365.1","Shape_Area":"486,214,736.72"},"id":24},{"type":"Feature","geometry":{"type":"Polygon","coordinates":[[[-83.96659710469334,34.19390054464958],[-83.96970110570851,34.19516554501891],[-83.98135111022906,34.20086154570171],[-83.9814481094627,34.20090854603457],[-83.98323110879431,34.20178054740854],[-83.98386711091338,34.20239054708682],[-83.98399710848844,34.20219654721612],[-83.98432510901709,34.20150254741718],[-83.98440111188395,34.20138054445904],[-83.98448511137462,34.201013546144694],[-83.98468411151313,34.200540544399054],[-83.98481111144946,34.20028954691256],[-83.9848441096581,34.20022454697007],[-83.9848981092785,34.20014254528824],[-83.98505011100468,34.19991154669343],[-83.98555310964143,34.19930454700398],[-83.98571510969322,34.199152546159894],[-83.98598811135288,34.198892545686675],[-83.98785011227689,34.19692854339212],[-83.98906311190443,34.19573854520622],[-83.98937611031597,34.19549354419041],[-83.98948611245491,34.19542254500678],[-83.98991810961608,34.19513954461415],[-83.9907071138626,34.19478054526839],[-83.99152011096194,34.194422543378906],[-83.99244311152785,34.19411354416262],[-83.99302311328812,34.19394954374867],[-83.99394611430981,34.193774544862464],[-83.99439611150822,34.193732543964536],[-83.99573211185519,34.19375854366586],[-83.99621211294819,34.19386154392451],[-83.99639311458833,34.19392054296787],[-83.99677711274362,34.19404454555896],[-83.99689911363437,34.19412454496141],[-83.99734111489576,34.19425454317714],[-83.9979211152599,34.194483543215426],[-83.998509113393,34.19467854433814],[-83.99876811213109,34.19482654458161],[-83.99977511421746,34.19533054316959],[-83.99990411588837,34.19542054414066],[-84.00006511653855,34.19553254308548],[-84.00123211314803,34.19587554319493],[-84.00150711574324,34.19591454329232],[-84.00185811369393,34.19592154462144],[-84.00246811617086,34.19588354361063],[-84.00274311511107,34.19583054434399],[-84.00294111701052,34.19576554523293],[-84.00323111642938,34.195719544107135],[-84.0035441171564,34.195620544872874],[-84.00389511524249,34.19544454434018],[-84.00409311613386,34.195261543959184],[-84.00420211717356,34.19507854444089],[-84.00443711650735,34.19468154380226],[-84.00449811657849,34.1945175437764],[-84.00483311616084,34.194124544106465],[-84.00515411578259,34.193697542264],[-84.00574911511316,34.193083543010594],[-84.00588511697762,34.192974543033685],[-84.00497411713927,34.192520542916554],[-84.00399011582005,34.19140454172532],[-84.00261211589847,34.18775354332991],[-84.00149311439839,34.18615854092045],[-83.99674311358268,34.18526654199931],[-83.99469211412483,34.18482154345339],[-83.98825710863741,34.18341754210993],[-83.98806711080265,34.183231540255925],[-83.98778310997828,34.18297254246418],[-83.987645110663,34.18293754242486],[-83.98726611013946,34.182997542610046],[-83.98653510973,34.18304054248389],[-83.98565111164741,34.183049541430236],[-83.98539111042396,34.18303054242029],[-83.98525411049128,34.183046542485556],[-83.98505810916254,34.18311454192293],[-83.98480711036694,34.182924542634716],[-83.9846521084422,34.182852541503834],[-83.98442110767438,34.18278154079601],[-83.98425011066753,34.182684541272025],[-83.98417210843911,34.18245454159345],[-83.98407910772006,34.18217554139543],[-83.98404310950843,34.18199854295644],[-83.98395411033098,34.18123054155286],[-83.98393310742989,34.18105054233939],[-83.98392611085724,34.18086054186436],[-83.98387310911107,34.18063354179492],[-83.9837671092333,34.180230542004665],[-83.98358110822086,34.17989054152177],[-83.98313610831825,34.17958654287566],[-83.98281810942476,34.179428542254186],[-83.98263910850919,34.17933954181925],[-83.98106110641251,34.1788025410213],[-83.98055510713117,34.17866854257585],[-83.98008910827849,34.17854454023146],[-83.97953910693741,34.17832154110008],[-83.97871110948908,34.17790254033731],[-83.97826910585253,34.17765354202696],[-83.97658710548338,34.17686054180336],[-83.97654410533048,34.17684854079628],[-83.97530810587904,34.17633954171723],[-83.9749881071908,34.17621953966778],[-83.97429110521735,34.17595854026339],[-83.97324010412618,34.175759541054745],[-83.97162110583088,34.1755955410091],[-83.97140110431313,34.17559454020568],[-83.97132510635878,34.17559354200911],[-83.97050910642122,34.17558854209537],[-83.96995110541836,34.175534542339655],[-83.9695431068249,34.1754765408866],[-83.96922810388074,34.17540554158685],[-83.96897110515619,34.175294540151945],[-83.9686611058493,34.17515454036369],[-83.96823910309601,34.17494654175513],[-83.96821310295253,34.174930542402926],[-83.96768610350252,34.17461554128971],[-83.96710810426279,34.17428053967639],[-83.96702010468603,34.17420954027992],[-83.9666001020232,34.174008541954315],[-83.96617910428081,34.17380854043077],[-83.96557610143577,34.173520540416796],[-83.9614091031188,34.17153254026295],[-83.96104010122146,34.17138654139664],[-83.96084310154974,34.17131354177408],[-83.9604071009955,34.171183541015985],[-83.9601601023241,34.17114754063439],[-83.95942210313379,34.17108054066743],[-83.95803909963415,34.170987539483136],[-83.95722609980302,34.170964540853994],[-83.95670810094151,34.1708995407122],[-83.95626409902317,34.17079853928425],[-83.95567410077976,34.17060853961889],[-83.95506609951795,34.17039054132865],[-83.95449810061235,34.17013754077225],[-83.95392610135131,34.16986254076344],[-83.95368909965184,34.16972754061613],[-83.95325909836554,34.16950653958138],[-83.95285209902991,34.169276540430246],[-83.95234810016223,34.16898054156462],[-83.95198809796631,34.168770539621995],[-83.95171909813192,34.16862854101432],[-83.95159209875015,34.16856154013126],[-83.9514760981138,34.168512539801796],[-83.95125209887047,34.1684205403476],[-83.95103409753766,34.16833953965606],[-83.95063109901278,34.16819054030281],[-83.95002309953834,34.16798754027904],[-83.94957209739442,34.16790654112474],[-83.94906909855334,34.16779953901711],[-83.94853009809195,34.16766953881109],[-83.94851509870271,34.1676655415294],[-83.94796809598007,34.16750954157875],[-83.94753109970621,34.16737254020659],[-83.94712009707621,34.16717254067796],[-83.94661909861547,34.16692953918645],[-83.94599809792213,34.16663053919355],[-83.94563609692993,34.16645654001691],[-83.94465709683031,34.16598554083809],[-83.94423909775907,34.16576854105948],[-83.94301109802066,34.16513153902983],[-83.94272909587451,34.1650545407512],[-83.94242209772526,34.16497754033783],[-83.94219909579294,34.16489054084121],[-83.94191709499134,34.16474854112233],[-83.94164809469491,34.16460154000062],[-83.94114609568182,34.16427653948936],[-83.93989709416537,34.16339153986007],[-83.93916009434025,34.16282553862182],[-83.93843109507176,34.16233554055141],[-83.9379290949768,34.16214153760539],[-83.93784709393462,34.16211053849269],[-83.93750509342172,34.162019538088614],[-83.9373720944813,34.16200753922069],[-83.93685909584423,34.16196554012582],[-83.93597809494138,34.16194354031791],[-83.93557709482982,34.16191553890977],[-83.9349080953813,34.16187053938956],[-83.93402509479913,34.16183554062517],[-83.93373109411996,34.16178553957151],[-83.93300309381647,34.16166254061313],[-83.93205709287064,34.16127754017144],[-83.93110509163992,34.16088053871962],[-83.93045909393567,34.160611539759714],[-83.92974609161654,34.16038653846641],[-83.92967109293082,34.160362538377676],[-83.92880009202169,34.16017153934115],[-83.92799609250733,34.16015353898883],[-83.92776709033151,34.1601465398075],[-83.92744709224245,34.16013653999865],[-83.92709009132967,34.1607165404051],[-83.92617709121312,34.162181539089204],[-83.92546308982858,34.16332554026179],[-83.92519809223828,34.16375154109231],[-83.92392409189678,34.16584954202523],[-83.9234630920861,34.16662754007024],[-83.92323508939019,34.167011539504955],[-83.92293009072414,34.16751854063976],[-83.92292308903012,34.167529540606964],[-83.9224560909845,34.16830753983161],[-83.92197609074667,34.169070540275264],[-83.92169009086793,34.16952454065569],[-83.92096708993613,34.17062154286999],[-83.9207670899097,34.170886541671734],[-83.92007309089618,34.17181554124654],[-83.91906809094311,34.17301154397432],[-83.91899808864612,34.17309354145888],[-83.91814209027984,34.174100542060124],[-83.9180420883825,34.17421954180655],[-83.91783509005734,34.17446354319312],[-83.9166260881947,34.17586054346464],[-83.91617908922892,34.176377542717674],[-83.91594108799693,34.17666554284415],[-83.91497308728628,34.17784254387223],[-83.9144940895255,34.178424544452525],[-83.91435408894623,34.178593543228786],[-83.91422709082289,34.17874854432236],[-83.91176508759416,34.18155354455519],[-83.91122108802453,34.18212754580079],[-83.91090908781723,34.1825335452303],[-83.91023508841818,34.18341554487139],[-83.9102050878518,34.18345554618628],[-83.9088480860872,34.185028544115546],[-83.90865008829988,34.185257544083505],[-83.90732408650511,34.18685854626134],[-83.907157087105,34.18705854556766],[-83.90658008592521,34.18775054518943],[-83.90687908740642,34.18780854682151],[-83.9070670881218,34.18759954579755],[-83.90730908788603,34.18730754639453],[-83.90838108811215,34.18896054692633],[-83.908395089495,34.18898254725652],[-83.90934308946335,34.18851054678959],[-83.90953008812946,34.18841754575764],[-83.90987408740946,34.188930544507976],[-83.9103760883965,34.189678545560255],[-83.91042208756244,34.18974654581635],[-83.91051208911416,34.18968754613897],[-83.91058308701271,34.189658545922526],[-83.91059009006311,34.189652545127295],[-83.9105930894779,34.18960854656272],[-83.91067708801683,34.18959254730933],[-83.91067808965107,34.189579544858944],[-83.91068408960486,34.18953854583178],[-83.9107860875778,34.18954654652426],[-83.91086408875125,34.189490547296316],[-83.9108590879978,34.18937454726032],[-83.91093308766791,34.1892955463823],[-83.91091508750371,34.18928254669805],[-83.91090908972586,34.18927254727861],[-83.91101208822816,34.18910454498114],[-83.91099208833715,34.18904954505584],[-83.91112408739622,34.18891554526242],[-83.91132908763615,34.188706545179954],[-83.91147708791434,34.18890954686392],[-83.91184708734336,34.189469547176415],[-83.91184509054538,34.18952454545686],[-83.91188908910921,34.18957954548776],[-83.91199809025342,34.18952954597545],[-83.91213808933497,34.189466545725146],[-83.91215008844084,34.18946054708995],[-83.91222908774128,34.18942554710377],[-83.91255708909345,34.189276545685516],[-83.91364508819439,34.18877954735704],[-83.91374109024481,34.188735545709925],[-83.91380409106034,34.18870554530328],[-83.91414808879934,34.188537545396386],[-83.91426608966295,34.18845854558136],[-83.91452608797586,34.18828354493828],[-83.91463908813023,34.18819454485815],[-83.91476308784058,34.1881005444927],[-83.91497009143895,34.18790154553502],[-83.91519508933129,34.18762554486913],[-83.91530209098245,34.18750454432989],[-83.91534009095616,34.187457545604474],[-83.91541908993803,34.18735754605632],[-83.91563508878221,34.18713354611723],[-83.91589208988424,34.186924546414886],[-83.9162610885492,34.18670454545875],[-83.91657808933228,34.18654354662005],[-83.91695308966187,34.18640854517495],[-83.91727508989307,34.18632554683163],[-83.91766008976275,34.18626554436215],[-83.91794409180179,34.186266545920475],[-83.91821009201314,34.186294546383834],[-83.9184760907914,34.186347544684104],[-83.9186510916033,34.186402543967645],[-83.91878509221665,34.1864755451964],[-83.91893209059229,34.18659854500958],[-83.9198070902945,34.187477545742446],[-83.92001709193862,34.18768754558002],[-83.92069209279566,34.18731154599599],[-83.92079909155983,34.18728554668649],[-83.92091409265828,34.187308544046076],[-83.92099909195774,34.18735754442628],[-83.92109109259808,34.18743154455149],[-83.92185809241171,34.18812454521131],[-83.92326109090288,34.18640354477089],[-83.92383609209928,34.1857125450566],[-83.92432209064245,34.18512154442554],[-83.92472709133555,34.184663544480884],[-83.92590509361658,34.18324754336105],[-83.92662309315598,34.18237254507497],[-83.92684909266339,34.18250454454527],[-83.92721609236217,34.18207054337769],[-83.92779209222732,34.18154254330016],[-83.92802909218865,34.18137654348478],[-83.92835009177095,34.181215543409394],[-83.93144909569234,34.18006354295443],[-83.93161709255432,34.18001454234453],[-83.9323030928151,34.17982054245325],[-83.93354709342975,34.17944954361218],[-83.93363909335248,34.17950654301711],[-83.93403309448092,34.17969454320745],[-83.93461509409258,34.17996354251643],[-83.9349910967371,34.18010154294503],[-83.9362370959729,34.18042754443139],[-83.93751109557519,34.18098154237029],[-83.9401140953238,34.182851543752605],[-83.94045909692862,34.18317854214755],[-83.94134109773071,34.18378154484185],[-83.94195909595211,34.18418154511018],[-83.9421290973131,34.18429154488859],[-83.9421430964665,34.18431454396921],[-83.94256309621355,34.185020543256734],[-83.94280909665625,34.185657544070935],[-83.94347509614028,34.18584554546612],[-83.94389609893338,34.18596454256172],[-83.94447909891622,34.18615554336449],[-83.94478209871778,34.186229544331006],[-83.94575509832522,34.18650054318834],[-83.94631409885193,34.18664454347687],[-83.94672709833702,34.18662654306799],[-83.94675009887784,34.186620543628706],[-83.94743309935059,34.18647254429809],[-83.94833009839469,34.186275543749055],[-83.94852810062349,34.18616854337249],[-83.94876409813695,34.18628254523248],[-83.9496311007243,34.18648254383087],[-83.95067110113044,34.18685754330031],[-83.95110409825728,34.1870185437535],[-83.95146910100927,34.18723454406119],[-83.95156510021305,34.187602545580475],[-83.95165810006957,34.18772354350209],[-83.95202110189398,34.18819454482243],[-83.95236209927934,34.188464543653964],[-83.95299210101547,34.18882054578756],[-83.95315410083533,34.18888054561221],[-83.95375310185128,34.18959854376741],[-83.96064310268748,34.19163454586829],[-83.96659710469334,34.19390054464958]]]},"properties":{"OBJECTID":"25","COUNTY_NAM":"HALL","PRECINCTNO":"6","NAME":"06-Flowery Branch II","LOCATION":"FLOWERY BRANCH HIGH SCHOOL - 4450 HOG MOUNTAIN RD","PRECINCT":"FLOWERY BRANCH II","MAPLABEL":"PRECINCT 6 - FLOWERY BRANCH II","GlobalID":"{14104CF0-2A60-4ABE-97A6-CF1F805B3B25}","EDITED_BY":"RPEOPLES","EDITED_DT":"2/27/24, 3:32 PM","created_user":"","created_date":"","Shape_Length":"78,584.7","Shape_Area":"176,644,742.38"},"id":25},{"type":"Feature","geometry":{"type":"Polygon","coordinates":[[[-83.9190707194035,34.15506865079759],[-83.91963220379594,34.15527216860999],[-83.92032284637858,34.1555224961054],[-83.920353581711,34.15553363658837],[-83.92168392349244,34.15601581151199],[-83.92181009047576,34.15606153882212],[-83.92633009161112,34.157633538165214],[-83.92646309148815,34.1576395389532],[-83.92642209102092,34.15815553917439],[-83.92637309113988,34.158374538161524],[-83.92632938236049,34.15856910162375],[-83.92626009026057,34.15887753784223],[-83.92601709212148,34.159700539121786],[-83.9259600907362,34.15999053814264],[-83.9272970918204,34.160122540623725],[-83.92744709224245,34.16013653999865],[-83.92785409276502,34.159446540173086],[-83.92843909083427,34.158484539558174],[-83.92907209298943,34.1575475399846],[-83.92967809263865,34.15676853998367],[-83.93036409334714,34.155988539556965],[-83.93100709163444,34.155327537221105],[-83.93180609417752,34.15462353715209],[-83.9333590947183,34.15342053789695],[-83.93347309286747,34.15333253871274],[-83.9356000928533,34.15162253656544],[-83.93696509393264,34.15056053609378],[-83.94184609325842,34.14674453672224],[-83.94306509449108,34.14580653642317],[-83.9436500936618,34.1453185360214],[-83.94456009768356,34.14461153431023],[-83.94476709556704,34.14444053559168],[-83.94580809719153,34.143580536399206],[-83.94596309486278,34.14346253537803],[-83.94657009639921,34.143002536044044],[-83.94683109695805,34.14280553562432],[-83.94721409627286,34.14251553472026],[-83.94753109640979,34.142275533769634],[-83.95006109775827,34.14001753402034],[-83.95189509953512,34.13826653299442],[-83.95242109720171,34.13776353382487],[-83.95273209723028,34.137445533024795],[-83.95384909919207,34.136447533023194],[-83.95503109808394,34.13534853293311],[-83.95608609755983,34.134310532907776],[-83.95630809785578,34.1340925315673],[-83.95651309731356,34.133902531454694],[-83.95755509951279,34.13293553239641],[-83.95913409906184,34.1315875314768],[-83.9596130997442,34.13114553270396],[-83.95496509845489,34.129481530276415],[-83.95308509750394,34.12880853186766],[-83.94986209548182,34.12764853163674],[-83.94921209715584,34.127414532323094],[-83.9484090951912,34.12712553148207],[-83.94777309596343,34.12689653077107],[-83.94750809563695,34.12680053265453],[-83.94711409507812,34.126658530045944],[-83.94686009472157,34.126565531789005],[-83.94655309614863,34.12645553121084],[-83.94514309489173,34.125951531022615],[-83.9445800944875,34.125750530129935],[-83.94399509339607,34.12553953129148],[-83.94398509409206,34.12553553079035],[-83.9438670958344,34.12549553003575],[-83.9437350939032,34.125448531669754],[-83.94330509299553,34.12529553129196],[-83.94270109489052,34.12508153177899],[-83.9426960947576,34.12507953012256],[-83.94264409271217,34.1250605314109],[-83.94259709360833,34.12504453151337],[-83.94255009390824,34.1250275317216],[-83.94249509540761,34.12500853198643],[-83.94239509316998,34.1249725315118],[-83.94062909209146,34.124351532262125],[-83.93969309316206,34.12402353103926],[-83.93960209372135,34.12399153180671],[-83.9381650912921,34.123523530496975],[-83.93808709315404,34.123498531819976],[-83.93791809083835,34.123438532076584],[-83.93780009077618,34.12339853089765],[-83.93769609267329,34.12336553049566],[-83.93712709205107,34.123182530680985],[-83.93569509076434,34.122722532259694],[-83.93353408933761,34.12194053157943],[-83.93216409203677,34.121444532105414],[-83.93136009043971,34.12115353079461],[-83.9290670921189,34.12032453075169],[-83.92888908996338,34.120260529616615],[-83.92475308676897,34.11876353128798],[-83.9242250893512,34.11857253180615],[-83.91942608668174,34.11684153047962],[-83.91463508562515,34.11511352987011],[-83.9145030865184,34.11506552996221],[-83.90218652573274,34.1105862412077],[-83.90210284823871,34.11076852086024],[-83.90200954439736,34.11099448575364],[-83.90188843743863,34.11128599207602],[-83.9014364396134,34.11238474632995],[-83.90142137868617,34.11241472180981],[-83.90139992969601,34.11244894536203],[-83.90137272858532,34.11248370466024],[-83.90134349598706,34.11251329338743],[-83.90130970648036,34.11254111413995],[-83.90127207048735,34.112564253571556],[-83.90123927677716,34.11258072619512],[-83.90118403576616,34.112601877390354],[-83.90115153015518,34.11261043635537],[-83.90112029248682,34.11261561975231],[-83.90108218442971,34.112620176098616],[-83.90104421815248,34.11262133370219],[-83.90100625875745,34.11262028959816],[-83.90096843899518,34.11261688268706],[-83.90066998552801,34.112577653584765],[-83.90058968254893,34.11257266780711],[-83.90051733069798,34.112571414705684],[-83.90044153174219,34.112573998518776],[-83.90036091713003,34.11258371613412],[-83.90028061468212,34.11260000344157],[-83.90020539059061,34.112618362774334],[-83.9001325755959,34.11263930947507],[-83.90006470177701,34.11266320878303],[-83.9000013457134,34.112690274368205],[-83.89991818896242,34.11273178475344],[-83.89930060818871,34.1130594426332],[-83.89924021179378,34.113091024075025],[-83.89902712020321,34.11320288773855],[-83.89895874498335,34.11323878024248],[-83.89888743882526,34.113282869086795],[-83.89880127261924,34.11334545068443],[-83.89871805677897,34.11342627985397],[-83.8986633046655,34.113490355310795],[-83.89861631395775,34.11355573967532],[-83.89859087506521,34.113595971306275],[-83.89856476004928,34.11364332140079],[-83.89854071224474,34.113694077743425],[-83.89852090165853,34.11374209615246],[-83.89849758883793,34.11381033794101],[-83.89835354282044,34.114290279253936],[-83.89885248442393,34.114389452473084],[-83.8989440241283,34.1144076470944],[-83.89893297795358,34.11442254451523],[-83.89891144928741,34.11443926105498],[-83.89887382418252,34.11445778356666],[-83.89882924676002,34.11447033042127],[-83.89823524316307,34.114598685713595],[-83.89820013199098,34.11460611119621],[-83.89815873855747,34.114614731982236],[-83.89810130490275,34.11462793478125],[-83.89800997076873,34.1146523577634],[-83.89792931040574,34.114676859029515],[-83.89786113772307,34.11470097554114],[-83.89780033189408,34.114725410177606],[-83.8977187052404,34.11476268487646],[-83.89766658253077,34.11479041217275],[-83.8976186115898,34.11481913308962],[-83.89756675169234,34.114856611734],[-83.89751712752557,34.11489767190666],[-83.89746867486708,34.11494428307922],[-83.89742937465839,34.114991134285845],[-83.89739256520336,34.11504387208345],[-83.89736633474722,34.11509377499001],[-83.89734194824435,34.11514774905592],[-83.8973072862156,34.115231898805035],[-83.89711688522094,34.11573924741208],[-83.89705165700678,34.11593987903717],[-83.8970185558182,34.11605154356681],[-83.89699861665116,34.11612938097186],[-83.89696518851551,34.11628287002707],[-83.89691990761474,34.116516605259974],[-83.89683462302787,34.11699708561838],[-83.8967517268509,34.1174843286231],[-83.89673613188272,34.11758877904208],[-83.89671734846765,34.11768717451247],[-83.89670109625992,34.117737456217384],[-83.89667986892623,34.117783796906274],[-83.89665761481257,34.11782098408797],[-83.89663068106856,34.117854369746205],[-83.89659572960267,34.117892930987345],[-83.89655242688936,34.11793007186276],[-83.89651921019663,34.11795385245092],[-83.89647028447591,34.117982489654686],[-83.89641442638673,34.118008720540175],[-83.8963522837871,34.118037438608376],[-83.89628463136712,34.11806331439125],[-83.89610201799634,34.118133785250194],[-83.89602035918864,34.118169000364325],[-83.89594836142986,34.11820041753954],[-83.89588412502377,34.118232949933656],[-83.89582116484972,34.118268427030664],[-83.89576316827282,34.118302595100424],[-83.89571148728403,34.11833471601708],[-83.89564916394967,34.11837882274636],[-83.89555463096283,34.118450971150914],[-83.89533664543468,34.118640437145004],[-83.89533605413881,34.118640930817314],[-83.89520229429948,34.11875520250505],[-83.89508243786233,34.11885326155685],[-83.8948505920249,34.11903722961747],[-83.89475277975133,34.11912181943304],[-83.89468499768333,34.119187431172136],[-83.89463188284522,34.11924521520971],[-83.89456775656602,34.11932419038485],[-83.89444984208859,34.1194950519209],[-83.89432874088152,34.11968187361154],[-83.89406175093383,34.1200247639138],[-83.89397254328951,34.12013597299928],[-83.89374155918185,34.12041969656753],[-83.89344829978826,34.12077131950586],[-83.89324773135671,34.12101831006175],[-83.89319903030166,34.12107830228549],[-83.89293271279371,34.121425037754314],[-83.89284665426104,34.121532681770496],[-83.89249912165273,34.12194835090643],[-83.89240807824017,34.12205405855912],[-83.89231486219926,34.12215671117629],[-83.8922531967818,34.12222024618668],[-83.89219551755724,34.12227771419298],[-83.89214640451961,34.12232149429827],[-83.89209586566784,34.12236633778824],[-83.89204204412462,34.12240749629095],[-83.89197643250935,34.12245384685892],[-83.8919246245828,34.12248376776574],[-83.89187331710043,34.12251011673042],[-83.8918214036625,34.12253275423441],[-83.89176884216742,34.12254961732253],[-83.89172350380124,34.12256117080941],[-83.89167281615336,34.122571829635554],[-83.89162524760599,34.122577411305244],[-83.89155848641984,34.12258127389073],[-83.89150819994929,34.12258085919798],[-83.89147314112859,34.12257962659586],[-83.89139627347924,34.12257228210162],[-83.89131525559563,34.12256069524349],[-83.89122369013981,34.12254122633287],[-83.89113969030326,34.122522184555635],[-83.89103097189187,34.12249352668184],[-83.89094900056543,34.12247045106181],[-83.89084479567721,34.122437020169734],[-83.89074438661376,34.12240148166293],[-83.89066855675634,34.12237075335125],[-83.89054723700364,34.12231582116093],[-83.89048957773991,34.12228441681889],[-83.89041478216224,34.12223973030582],[-83.89034059052766,34.12219070300152],[-83.8902037643044,34.12208885329496],[-83.8900244527752,34.121933845889544],[-83.88980258124076,34.12173679985874],[-83.88969556784312,34.12164150289656],[-83.88960309173193,34.12155698300223],[-83.88948888895536,34.121457766613354],[-83.8893043055623,34.12130788176216],[-83.88916600792878,34.12120097139677],[-83.88909591661361,34.12115266666846],[-83.88903431537712,34.12111611451376],[-83.88893755808976,34.12106750237237],[-83.88880751478784,34.121012823720065],[-83.88869751360335,34.120973167671174],[-83.88858597962667,34.1209378222086],[-83.88850463211499,34.12091625745089],[-83.88842301383814,34.12089727601116],[-83.88830073271609,34.120874135241685],[-83.88814582836963,34.120854739548065],[-83.88803698263652,34.12084536846533],[-83.8879561447016,34.120841035877696],[-83.88785294558096,34.120842340667856],[-83.88774900038348,34.12085032002405],[-83.88761233258059,34.12087147305357],[-83.8874389376551,34.12090806888513],[-83.88736502513567,34.120917464085956],[-83.88730907391323,34.120920139903426],[-83.88725307038942,34.12091894050029],[-83.88719225779273,34.120913498018425],[-83.88713049593204,34.12090530617115],[-83.88701293579642,34.120883630949464],[-83.88690226126434,34.12085749125099],[-83.88677288888219,34.1208207844666],[-83.88661210306843,34.12077106254993],[-83.88650077333942,34.12073362755602],[-83.88626466437003,34.12064982145723],[-83.88618197177838,34.12061596869477],[-83.88604910498046,34.120556965618874],[-83.8859705866933,34.12052001714185],[-83.88588310090373,34.12047656290506],[-83.885813486377,34.120445132639425],[-83.88575022944381,34.120419098526],[-83.88569385915969,34.120399101019395],[-83.8856401810508,34.12038422081698],[-83.88560541226812,34.120376885177635],[-83.88556138633439,34.1203709600811],[-83.88551886979309,34.120368526714074],[-83.88551573108644,34.12036862952407],[-83.8854598866208,34.12037025888866],[-83.88540673186111,34.12037610125269],[-83.88535376389623,34.12038642316975],[-83.88530226768921,34.120401117588614],[-83.88524073334605,34.12042389526857],[-83.88517028328215,34.12045495261092],[-83.88511696302714,34.12048159618184],[-83.88505224513366,34.120517969807004],[-83.88496727543944,34.12057306645326],[-83.88476487979361,34.120705801703984],[-83.88458404950539,34.120821712710416],[-83.88396969374674,34.12120714770154],[-83.88385214917626,34.12128088308458],[-83.8836663798022,34.121401918663295],[-83.88342707087155,34.12156348001381],[-83.88331645792543,34.12163854719878],[-83.88320486788797,34.12170910763568],[-83.88308063230627,34.12178667395241],[-83.88299117637891,34.12183914872298],[-83.8829306361012,34.121870528791774],[-83.88284554461148,34.12191064539523],[-83.88275161426564,34.121947913188144],[-83.88268260910259,34.121970917539564],[-83.88258652691603,34.12199839877602],[-83.88249112793666,34.12201931066035],[-83.88241733268245,34.12203241323108],[-83.88229927005504,34.12205225550432],[-83.88222398589488,34.12206612447712],[-83.88214786764074,34.1220823807101],[-83.88206112125091,34.12210405522278],[-83.88197357264593,34.122129272002084],[-83.88190542448986,34.122152967625404],[-83.88184232852444,34.122177196052405],[-83.88175999774187,34.122213005050035],[-83.88168135837302,34.122251350643054],[-83.88165355399124,34.12226579646177],[-83.88158530013348,34.12230122417521],[-83.88148545576945,34.1223566976901],[-83.88136732940387,34.12242372322299],[-83.88126755642523,34.122478837888075],[-83.88120069578726,34.122513473412596],[-83.88113943339776,34.12254196579509],[-83.88107662966847,34.122568117616765],[-83.88102051797019,34.122589121511396],[-83.88096345593608,34.12260806030994],[-83.88086185554162,34.12263489262715],[-83.88075379843747,34.12265618572889],[-83.88068391211867,34.12266591625847],[-83.88060745127227,34.12267549348983],[-83.88048987434115,34.12268786089022],[-83.88039550155791,34.12269855029646],[-83.88030730116986,34.12271032692583],[-83.88020777816706,34.12272894636766],[-83.8801001055961,34.12275378578038],[-83.88000405633967,34.122780959422755],[-83.87989466737216,34.12281483408361],[-83.87972016399057,34.12287414391349],[-83.87955350065249,34.122930858988475],[-83.87944539778421,34.12296547917183],[-83.8792753954786,34.1230124587035],[-83.87874820396163,34.12314458844304],[-83.87858859671441,34.123184748252065],[-83.87841214560783,34.123234183642396],[-83.8782657572935,34.123275061976905],[-83.87816592587029,34.123305962422975],[-83.87806091407276,34.123344656659775],[-83.87796384029009,34.123381664543196],[-83.87802879470257,34.123509795624166],[-83.87849421985733,34.12442473510266],[-83.8786665169171,34.12476312533046],[-83.87880940818071,34.12504337979649],[-83.87889798932954,34.125223339188736],[-83.87894956016927,34.12533277889787],[-83.87899799111972,34.125443612313454],[-83.87906439474884,34.12560411811676],[-83.87911627476929,34.12574084716863],[-83.87913182530882,34.12578383575134],[-83.87917475652804,34.125908561572956],[-83.87919919594805,34.12598998898485],[-83.87922466856148,34.12608007596156],[-83.87924387528828,34.12615403308887],[-83.8792582661558,34.12620945198694],[-83.87928939693337,34.12633577121763],[-83.87932298154263,34.12648859056227],[-83.87937686975333,34.12673606756395],[-83.87967125664825,34.12812742227852],[-83.87976500337601,34.12858755937532],[-83.87981940239044,34.12884955393599],[-83.87991108050899,34.12928703788746],[-83.87991472330849,34.129304387737754],[-83.87997471974633,34.12961135077013],[-83.8800376864074,34.12991150551032],[-83.88006759037376,34.13004933592299],[-83.8800898489745,34.13015175443962],[-83.88019403314105,34.13062480377427],[-83.88031366641988,34.131201299617715],[-83.88046358304176,34.1319415978905],[-83.88048620370364,34.13205429266301],[-83.880670042249,34.132917836933096],[-83.88077538582183,34.13342169407502],[-83.88085395646735,34.13380927372356],[-83.88095139027882,34.13424971729471],[-83.88100554884291,34.13449604078152],[-83.88108255472413,34.13488782073105],[-83.88116689013981,34.135292068714],[-83.88126937204282,34.135793223724946],[-83.88135116343909,34.1361580856404],[-83.88146289708214,34.136710321185056],[-83.88150955436566,34.136919200728315],[-83.88154308377509,34.13707083439811],[-83.88157224069616,34.13718654097138],[-83.88160366164311,34.137288048126756],[-83.8816398215138,34.13739456202385],[-83.88169343339445,34.137539400037056],[-83.88172297849029,34.13761935553066],[-83.88177598804808,34.13774860709591],[-83.88182845574174,34.137869097460474],[-83.88187381945707,34.1379627199559],[-83.88190327361816,34.13802074474057],[-83.88197869325732,34.13816698017792],[-83.88199025142788,34.138189403551436],[-83.88206011051717,34.13831867331205],[-83.88213547334537,34.13846454787694],[-83.88235198250005,34.1388584622098],[-83.88235648298028,34.138866690688346],[-83.88251388335532,34.13915821320399],[-83.88258814680914,34.13929575868252],[-83.88270123532608,34.13950523406333],[-83.88276140662047,34.139626563172556],[-83.88281001661873,34.139728272017386],[-83.88284677664348,34.13981365618345],[-83.88288227264215,34.13990351835276],[-83.88291511413946,34.13999537862609],[-83.88292996656739,34.14004094990557],[-83.88297478711772,34.140188790045606],[-83.8829994435081,34.14028642954984],[-83.88303595102788,34.140448486670465],[-83.88305583276404,34.14056186242041],[-83.8830756061264,34.14067848186028],[-83.88310127135284,34.14085040532711],[-83.88316505249543,34.1412477898467],[-83.88318623429141,34.14135674172366],[-83.8832067524077,34.141448520251785],[-83.88323064195671,34.14153959159204],[-83.88325734234336,34.14162118822383],[-83.8832876423566,34.141701612065404],[-83.8833140430622,34.141762896821355],[-83.88334170923807,34.14182157977854],[-83.88339836539933,34.141928308083294],[-83.88345227352066,34.14201697554866],[-83.88351377460543,34.14210783154542],[-83.88357449097192,34.142186593487075],[-83.88362946438036,34.14225311380403],[-83.88370648144087,34.142339498388125],[-83.88380203922424,34.14243551862801],[-83.88390310699205,34.14252627083142],[-83.88403223832825,34.142625690591416],[-83.88413119277968,34.14269505998444],[-83.88422632758547,34.14276041111062],[-83.88431005140788,34.142818090382015],[-83.88440200639972,34.14288562944623],[-83.88451998751876,34.14297848287416],[-83.88461180754348,34.14305737166901],[-83.88471299364838,34.14315150175489],[-83.88482202284162,34.14326302532929],[-83.88490610128612,34.14335362950685],[-83.88506727209317,34.14353943964068],[-83.88520070193812,34.143699216381066],[-83.8853021645227,34.143819951818536],[-83.88543753356005,34.14398250785446],[-83.88559173631033,34.144166707303356],[-83.88587157796452,34.1444981325358],[-83.88602289659082,34.14467558901026],[-83.88609707740807,34.14476191329731],[-83.88662170193975,34.14538494204511],[-83.88686672566183,34.14567319915864],[-83.88694875290186,34.145769324024094],[-83.88703941775377,34.14587557269573],[-83.88733693957796,34.14623078193483],[-83.88756908390181,34.14650765541764],[-83.88780907479737,34.14679064737659],[-83.88800803175377,34.14702823060812],[-83.88811798950752,34.14716165128222],[-83.88860103749231,34.14773118455576],[-83.88906638941326,34.14827797730223],[-83.88922771453736,34.14846268227698],[-83.8893044607506,34.14855709049001],[-83.88935781360146,34.148622720069454],[-83.88944079485744,34.14871999763333],[-83.88957369867516,34.14887284318496],[-83.88968820426037,34.149001847658106],[-83.88975016677746,34.14906654350145],[-83.88989095552236,34.14920442647549],[-83.8900124562965,34.149316903933155],[-83.89007853205126,34.149377428178404],[-83.89017079312211,34.14945579083403],[-83.89029667265636,34.14955423551606],[-83.89045567487634,34.149671551063655],[-83.89058956875212,34.14976509436874],[-83.89077671079825,34.149888765915165],[-83.89096963802372,34.15001437417262],[-83.89126247921529,34.150202723855145],[-83.89176488580404,34.15052331319871],[-83.89203071341655,34.15070500627791],[-83.8922000126695,34.150829047758116],[-83.89238447177787,34.15096691818955],[-83.89251385188102,34.15106753944984],[-83.89263418593865,34.15116574934906],[-83.89274431291454,34.151260061296966],[-83.89277986424544,34.15129078765443],[-83.89278008085454,34.15129053929733],[-83.89272608079332,34.15105353809773],[-83.89269855042527,34.15101267134684],[-83.89257918484597,34.15080638129073],[-83.89251008120819,34.150679538375776],[-83.89241808075427,34.150531538818804],[-83.8924186584522,34.15052895162822],[-83.89237837819472,34.15045933689136],[-83.8923545725344,34.150420373536406],[-83.89234649557432,34.15040930012229],[-83.89231308085928,34.15030553834208],[-83.89232806716102,34.150194074198076],[-83.89232908053913,34.150186538220986],[-83.89237408081041,34.15008853794751],[-83.89249908114415,34.14997853849081],[-83.89255008053084,34.14994053831782],[-83.89265729671176,34.14986243080248],[-83.89277108032694,34.14977953865014],[-83.89306308110541,34.14955753798671],[-83.89322208135432,34.14941853888723],[-83.89329491583037,34.14932277490331],[-83.893384080367,34.1492055387557],[-83.89345608087122,34.14909653828933],[-83.89355908127105,34.14894153789852],[-83.89365608093584,34.14878053837654],[-83.89369157161859,34.148601334939656],[-83.89370093371163,34.148554058932795],[-83.89373708118647,34.14837153816103],[-83.89384157280439,34.14790033756524],[-83.89384308140055,34.147893537473756],[-83.89390708157806,34.14767453773483],[-83.89394708141499,34.14751453828748],[-83.8939830811724,34.14720353782328],[-83.89398135304803,34.14715447092344],[-83.89397808179292,34.14706153794035],[-83.89394108211167,34.1469305376714],[-83.89389308087028,34.14684453776037],[-83.89374408055585,34.14655053778301],[-83.89376608071339,34.146460537956216],[-83.89376896250673,34.14645362280727],[-83.89379608110353,34.146388537342276],[-83.89396208098371,34.14623553833777],[-83.8941120807165,34.146124537808866],[-83.89420008036336,34.14602353706181],[-83.89436008126764,34.14577853791832],[-83.89441100247305,34.14567833652875],[-83.89442356961186,34.14565360655887],[-83.89448408184822,34.14553453705689],[-83.89456708128496,34.14529253689879],[-83.89472954474024,34.144866071148094],[-83.8947469774187,34.144820308654516],[-83.89475108159448,34.14480953735436],[-83.89480202597831,34.144570422341424],[-83.89480651554803,34.14454935115122],[-83.89481308144916,34.14451853739745],[-83.89481508156783,34.14450753693807],[-83.89490108152569,34.14411453653197],[-83.89494008081655,34.14390453820282],[-83.89494808342464,34.143778537037484],[-83.89489608224615,34.14338653570303],[-83.89486908115163,34.143119536563276],[-83.89487608277757,34.14296953807264],[-83.89492308097489,34.142551536475175],[-83.8949710800263,34.14228853688722],[-83.89498208039971,34.142137537429775],[-83.89498907917003,34.14193853800717],[-83.89502808258035,34.14180953635248],[-83.89508808013758,34.14168853681413],[-83.89518308122902,34.14157253646539],[-83.8953050797655,34.141378536339055],[-83.89535908210436,34.14121353718964],[-83.89542356064563,34.141022524833886],[-83.89544385729835,34.14096239707823],[-83.8954920815683,34.140819536434606],[-83.89556942745543,34.140568339237745],[-83.89560108072828,34.14046553688156],[-83.89561608136353,34.14043153650591],[-83.89565108112734,34.140360537250174],[-83.89589708202743,34.140122536302805],[-83.89601808274185,34.14004953658593],[-83.89613908017955,34.14002853636562],[-83.8963980830892,34.14002853785301],[-83.89640508184395,34.1399115367462],[-83.89595708057595,34.139224536094815],[-83.89598808190509,34.13913953602085],[-83.89623308182065,34.13917553571328],[-83.89650031791531,34.139086458351045],[-83.8970130815942,34.13891553550088],[-83.89699808156762,34.13887553564217],[-83.89700508188896,34.1388765364628],[-83.89701508131525,34.13887653588361],[-83.89702108183845,34.138876535537584],[-83.89703108234613,34.13887653586106],[-83.89705108220282,34.13887553572977],[-83.89706308200702,34.13887353618958],[-83.89707308127782,34.13887153586206],[-83.89707808192115,34.138869535377786],[-83.89706708201902,34.13880353592672],[-83.897063339176,34.138780610001334],[-83.89704308166841,34.13865653635494],[-83.89699508208268,34.13841653567122],[-83.89701908144204,34.1381985361033],[-83.89710008195765,34.13820653622298],[-83.8972268861522,34.13808440824866],[-83.89727772671337,34.13803544223831],[-83.89742597046909,34.137892664915974],[-83.89754608493432,34.13777698007816],[-83.89756171746969,34.13776318112751],[-83.89790589654798,34.137459254454775],[-83.89819808213922,34.137200535543094],[-83.89844908179383,34.13697753562206],[-83.8984700826444,34.136960534985114],[-83.89847508167824,34.13695453585313],[-83.89848050077929,34.13695182576564],[-83.89848108178599,34.13695153491695],[-83.89849535886681,34.1369387039051],[-83.89856080071708,34.136880911040954],[-83.89856083551331,34.13688087956102],[-83.89871936540888,34.13696363525791],[-83.89888410914226,34.137049632923386],[-83.89923096848533,34.13723069673354],[-83.89965807867172,34.137453650128705],[-83.89991422822564,34.13721359116585],[-83.90007802552388,34.137060103661106],[-83.90013462653694,34.137007064722184],[-83.90030468905248,34.13684770577815],[-83.90058981920045,34.13658047727479],[-83.90082230462596,34.13636261291963],[-83.90082772235698,34.1363575342272],[-83.90089465225289,34.136294798065165],[-83.90093105928256,34.13626067203795],[-83.90107044062037,34.13617963323823],[-83.90140898365327,34.13598278075138],[-83.90174751114236,34.135785889420106],[-83.90208605104746,34.13558903323583],[-83.90242457310812,34.135392180577426],[-83.90283081162733,34.13515595003679],[-83.90316955942835,34.134958963251904],[-83.9032370478906,34.13491971813244],[-83.90346215931231,34.13478879022141],[-83.9034888984753,34.134773239065396],[-83.90351611580913,34.13423642896169],[-83.90351963804565,34.134166961143855],[-83.903555040348,34.13346868953],[-83.90357911176211,34.132993716805615],[-83.9035794238775,34.13299376255426],[-83.90358508289239,34.132914534986014],[-83.90357908388253,34.13290753384281],[-83.9037180834179,34.13293353434507],[-83.90390508352156,34.13294353396263],[-83.90426008346701,34.13292753418823],[-83.90443691106236,34.13328802121416],[-83.90450945996388,34.13343592017],[-83.90475208373506,34.13393053461863],[-83.90476004808883,34.133939471119604],[-83.9048750835809,34.13406853410662],[-83.90515008380768,34.13418853500585],[-83.90552708384793,34.13432053524337],[-83.90567280841724,34.13435717948444],[-83.90604008351634,34.13444953493207],[-83.9060960842483,34.13445853452634],[-83.90656808474807,34.13453553457171],[-83.9070440845566,34.13459453453682],[-83.90715920831394,34.134603203331984],[-83.90732536562096,34.13461571423645],[-83.90746908422192,34.13462653484024],[-83.90795908412102,34.13460753468247],[-83.90837683016859,34.13456126322809],[-83.90860008550906,34.13453653476884],[-83.90890308478095,34.13447253470696],[-83.90917011553105,34.13435719358411],[-83.90945408515671,34.134234534823975],[-83.90967265272147,34.13412615419699],[-83.91005908495079,34.13393453508668],[-83.9102150849009,34.13509553470986],[-83.91026351801375,34.13545831462193],[-83.9103168267302,34.135857604979066],[-83.91049217269058,34.13717098011377],[-83.9105947612894,34.13793935204091],[-83.9105974524075,34.13795951197489],[-83.91069976715039,34.13872582660444],[-83.91070457478958,34.13876183652862],[-83.91076608520213,34.1392225351823],[-83.91078908487603,34.13939253520249],[-83.91079908503532,34.13947253588006],[-83.91082008540434,34.1396245358303],[-83.91085308639236,34.13987353572689],[-83.91093108627739,34.14046353603698],[-83.91094250503717,34.140498887120245],[-83.91096730320105,34.14057565570859],[-83.91102511660587,34.140754420448815],[-83.91118178059634,34.14123732753741],[-83.91132659871415,34.14168352105193],[-83.91134806482756,34.14174966270418],[-83.9115686370822,34.14242924943845],[-83.91158914414781,34.14249242910472],[-83.91168404407154,34.142784815893],[-83.91171608616024,34.14288353611278],[-83.91190908620193,34.14295853669721],[-83.91211655627016,34.143030987509626],[-83.91257879645113,34.143192406771576],[-83.9134840861552,34.14350853589511],[-83.91373059917714,34.14356825639618],[-83.91387987311917,34.143604419453524],[-83.91469194684923,34.143801148441284],[-83.91502039377129,34.1438807136449],[-83.91507528397962,34.143894010195055],[-83.91525908763018,34.14393853612309],[-83.91526708686914,34.14394553627516],[-83.91526708769169,34.14395953627872],[-83.91528508689979,34.14400353591605],[-83.91528508677033,34.14401053591665],[-83.91529308710257,34.14401753606921],[-83.91529308726557,34.14402553594173],[-83.91530208725793,34.144039536338084],[-83.9153020872937,34.14405453621113],[-83.91531108741795,34.144061536606245],[-83.91531108637092,34.144076536477016],[-83.91524308717892,34.14412653596655],[-83.91516908755956,34.14433553692084],[-83.91509187335616,34.144554825671804],[-83.91506948884764,34.144618398299045],[-83.91491908670551,34.14504553627362],[-83.91483615347413,34.145268037219125],[-83.91480477425637,34.14535222258415],[-83.91455465754956,34.14602324118412],[-83.91455432524461,34.146024133082655],[-83.91452841427652,34.14609364618719],[-83.91426040746893,34.14681264549665],[-83.91424642966699,34.14685014662632],[-83.91397222208839,34.147585770522035],[-83.91393308089238,34.14769077284545],[-83.91383210978374,34.14796164709981],[-83.91372089401573,34.148259997944],[-83.91365866450526,34.14842694276611],[-83.91365508766503,34.14843653739772],[-83.9134899180051,34.14901810439153],[-83.91348119537987,34.1490488182192],[-83.91346508716566,34.14910553778842],[-83.91319081230934,34.1496701546213],[-83.91318557261211,34.14968094041885],[-83.91313852329036,34.14977779372082],[-83.91285092419173,34.150369828596894],[-83.91279933046098,34.15047603814188],[-83.91279908713314,34.15047653802462],[-83.91277508733069,34.1505435373974],[-83.91286823015074,34.15055426785026],[-83.9130611135655,34.15057648689241],[-83.91315177500618,34.150586930706204],[-83.91318308751966,34.150590537736086],[-83.91360608695385,34.15058053717083],[-83.913740087371,34.15054153708509],[-83.91378999971334,34.15129898971008],[-83.91379668355385,34.15140041230367],[-83.91379708715496,34.151406537677346],[-83.91411375301816,34.1513497686942],[-83.91415408720465,34.15134253791741],[-83.91416408769757,34.15148953758684],[-83.91435438800171,34.1519582205615],[-83.9144254793211,34.15213330513544],[-83.91442804160347,34.15213961526115],[-83.91451951529743,34.152364898340785],[-83.91458108800991,34.15251653799711],[-83.91458702216167,34.15260673321948],[-83.91461699227098,34.153062139462726],[-83.91462451175985,34.15316227622171],[-83.91462584964549,34.15319671722578],[-83.91462862094575,34.153219568453075],[-83.91464207200563,34.15325491788971],[-83.9146651013225,34.15331543880677],[-83.91467669400744,34.153345904987496],[-83.91470245556533,34.15341360550332],[-83.91472611555854,34.15347578303198],[-83.91482405195018,34.15373315878431],[-83.9149029257763,34.153940433349334],[-83.91497648077959,34.154133731234644],[-83.91500608774328,34.154211538337094],[-83.91500665269761,34.15421192718146],[-83.91510208807033,34.154277538069906],[-83.91518514544612,34.15433645171856],[-83.91515005058736,34.15434502251439],[-83.91510008739719,34.154353538488245],[-83.91507508748471,34.15451153878122],[-83.914903123759,34.154701498638055],[-83.9149767589662,34.15476817927981],[-83.91545036794757,34.155196582374856],[-83.91561783549619,34.15534806395365],[-83.91600308851582,34.15569653893819],[-83.91621288358265,34.15588694685713],[-83.91642508837782,34.15607953848259],[-83.91648604594992,34.156134746610434],[-83.91674404887677,34.156368342707665],[-83.91695516063834,34.15655948321981],[-83.91735208852919,34.156258539552844],[-83.91765971586047,34.15602576522783],[-83.91772148959811,34.155979021978155],[-83.91818449861333,34.15562867050033],[-83.91864962437752,34.15527671307699],[-83.91892208957012,34.155070538196],[-83.9189710890778,34.15503253924848],[-83.9190707194035,34.15506865079759]]]},"properties":{"OBJECTID":"26","COUNTY_NAM":"HALL","PRECINCTNO":"29","NAME":"29-Friendship II","LOCATION":"CHEROKEE BLUFFS PARK - 5867 BLACKJACK RD","PRECINCT":"FRIENDSHIP II","MAPLABEL":"PRECINCT 29 - FRIENDSHIP II","GlobalID":"{7DA9D695-31F7-4FF4-A7B4-8A120837A7D1}","EDITED_BY":"JBUDD","EDITED_DT":"2/7/20, 9:44 AM","created_user":"","created_date":"","Shape_Length":"81,265.11","Shape_Area":"216,134,187.72"},"id":26},{"type":"Feature","geometry":{"type":"Polygon","coordinates":[[[-83.93032709416153,34.226656554610486],[-83.93144009606691,34.22798055211604],[-83.93317509624863,34.2305495537155],[-83.95382110353111,34.237481553703724],[-83.95592110345082,34.23648655353012],[-83.9561271038667,34.23634155574212],[-83.95782810287676,34.235315553549405],[-83.95846910478267,34.23483855386383],[-83.95862210522377,34.23474755331797],[-83.95882810321977,34.23462555486887],[-83.95910210570685,34.23440355469885],[-83.95923210557233,34.23423955458338],[-83.95936210515895,34.23411355432966],[-83.96033810442304,34.233183552892115],[-83.9606971063367,34.232900553782045],[-83.9610481064624,34.23266055481923],[-83.9613531072787,34.2325235533727],[-83.96168110634216,34.23234055285953],[-83.9620171054331,34.232191551875374],[-83.9624361070762,34.23205055366143],[-83.96263510508106,34.23193555231702],[-83.9643061060511,34.2314365546315],[-83.96837210838132,34.23000155329484],[-83.96912710597734,34.22966255388355],[-83.96981410845702,34.22930355258006],[-83.96988310685423,34.229303553326005],[-83.97054610684845,34.228960553093756],[-83.97119510737659,34.22862855152836],[-83.97161510820257,34.228319551596066],[-83.97181310727757,34.22813655316157],[-83.97195610855522,34.227959550993916],[-83.97199610904794,34.22791155093838],[-83.97214910707862,34.227636552967965],[-83.97230210895343,34.22721155247883],[-83.97232410887153,34.22714855293837],[-83.97234710847384,34.22703355057677],[-83.97240810692071,34.22674355098987],[-83.97242310939502,34.22638955243056],[-83.97235510894542,34.225981550768154],[-83.9722071101499,34.2256735515176],[-83.97220210862095,34.22566455206447],[-83.97162210904084,34.224458551414365],[-83.97147710645875,34.224329550696964],[-83.97130910799905,34.22403555075473],[-83.97120310751616,34.22388655062104],[-83.97102810679317,34.22363155257973],[-83.97069910728631,34.223219552104325],[-83.97030710818156,34.22279955197246],[-83.97025810701523,34.22274655125817],[-83.97013410583078,34.22265455122783],[-83.9700291085371,34.222613550054774],[-83.96999710701073,34.22260155000976],[-83.96997310872632,34.222584550870515],[-83.96968610846446,34.22238455192561],[-83.96941910762203,34.22225155164743],[-83.96908410855656,34.222129552416156],[-83.96876410785401,34.2220605519203],[-83.96843710813354,34.22202955108611],[-83.96756710590243,34.22213655223253],[-83.96709510802594,34.22215555147397],[-83.96669110585407,34.2222325506835],[-83.96581710504482,34.2222385497428],[-83.9657931046594,34.22223655128732],[-83.96576610669136,34.22223355076178],[-83.96560010651125,34.22221455006176],[-83.96515910467141,34.22204355256986],[-83.9648461077508,34.221844551742],[-83.96457210701014,34.22155155000494],[-83.96451110492987,34.2213295499789],[-83.96446510702108,34.22102854964719],[-83.96446610535094,34.220711551475794],[-83.96451210395239,34.22029655191731],[-83.96460310703905,34.219990549922365],[-83.9647631054385,34.219689551652735],[-83.96532210493886,34.21901855184666],[-83.96562010716336,34.21854554953256],[-83.96578010547826,34.21821355147196],[-83.9660101055182,34.21737055051358],[-83.96612510671909,34.217054550912636],[-83.96633110607202,34.21665054891592],[-83.9665311057596,34.21637155001376],[-83.96662210505774,34.216154551045584],[-83.96679010643913,34.21593655052323],[-83.96698110649052,34.215746550855805],[-83.9675531065019,34.21537254821253],[-83.9679361073316,34.21520454987633],[-83.96858510578102,34.215044549929445],[-83.96927210661958,34.21488054965657],[-83.9708671065487,34.21451154819975],[-83.97220410650397,34.2141755507822],[-83.97267010902694,34.21409654863763],[-83.97396810778864,34.213981549618964],[-83.97510610792479,34.2139515484846],[-83.976068108436,34.214035548763654],[-83.97618411006157,34.21405154913545],[-83.97667310934513,34.214045550156904],[-83.97725310884258,34.21401155031639],[-83.97741311093762,34.213988548037165],[-83.97782510906418,34.21393054823818],[-83.97798911086072,34.213893547894074],[-83.97802710811287,34.21387454856251],[-83.97835610722352,34.21360354706767],[-83.97878310796709,34.21318354775251],[-83.97915811139194,34.21273654960947],[-83.97942611006472,34.212320547690254],[-83.97970210931867,34.2117435489322],[-83.98002310978298,34.21121354927811],[-83.98009210904478,34.210973548524215],[-83.98051311052362,34.21009154794859],[-83.9812481111964,34.20831654774596],[-83.98138710913503,34.2077665484808],[-83.98147110885041,34.207579546851406],[-83.98173911139733,34.20667054766159],[-83.98184011081068,34.20620154694505],[-83.9820011091916,34.20578054601476],[-83.98199310988392,34.205631546283435],[-83.98226910910526,34.20484954748717],[-83.9823991101177,34.20440954611373],[-83.98268910900364,34.203860547089405],[-83.98278210954795,34.20373054652913],[-83.9832181104175,34.20313954619116],[-83.98324110953943,34.20311254550262],[-83.98376811077519,34.202532545133316],[-83.98386711091338,34.20239054708682],[-83.98323110879431,34.20178054740854],[-83.9814481094627,34.20090854603457],[-83.98135111022906,34.20086154570171],[-83.96970110570851,34.19516554501891],[-83.96659710469334,34.19390054464958],[-83.96064310268748,34.19163454586829],[-83.95375310185128,34.18959854376741],[-83.95315410083533,34.18888054561221],[-83.95299210101547,34.18882054578756],[-83.95236209927934,34.188464543653964],[-83.95202110189398,34.18819454482243],[-83.95165810006957,34.18772354350209],[-83.95156510021305,34.187602545580475],[-83.95146910100927,34.18723454406119],[-83.95110409825728,34.1870185437535],[-83.95067110113044,34.18685754330031],[-83.9496311007243,34.18648254383087],[-83.94876409813695,34.18628254523248],[-83.94852810062349,34.18616854337249],[-83.94833009839469,34.186275543749055],[-83.94743309935059,34.18647254429809],[-83.94675009887784,34.186620543628706],[-83.94672709833702,34.18662654306799],[-83.94631409885193,34.18664454347687],[-83.94575509832522,34.18650054318834],[-83.94478209871778,34.186229544331006],[-83.94447909891622,34.18615554336449],[-83.94389609893338,34.18596454256172],[-83.94347509614028,34.18584554546612],[-83.94280909665625,34.185657544070935],[-83.94256309621355,34.185020543256734],[-83.9421430964665,34.18431454396921],[-83.9421290973131,34.18429154488859],[-83.94195909595211,34.18418154511018],[-83.94134109773071,34.18378154484185],[-83.94045909692862,34.18317854214755],[-83.9401140953238,34.182851543752605],[-83.93751109557519,34.18098154237029],[-83.9362370959729,34.18042754443139],[-83.9349910967371,34.18010154294503],[-83.93461509409258,34.17996354251643],[-83.93403309448092,34.17969454320745],[-83.93363909335248,34.17950654301711],[-83.93354709342975,34.17944954361218],[-83.9323030928151,34.17982054245325],[-83.93161709255432,34.18001454234453],[-83.93144909569234,34.18006354295443],[-83.92835009177095,34.181215543409394],[-83.92802909218865,34.18137654348478],[-83.92779209222732,34.18154254330016],[-83.92721609236217,34.18207054337769],[-83.92684909266339,34.18250454454527],[-83.92662309315598,34.18237254507497],[-83.92590509361658,34.18324754336105],[-83.92472709133555,34.184663544480884],[-83.92432209064245,34.18512154442554],[-83.92383609209928,34.1857125450566],[-83.92326109090288,34.18640354477089],[-83.92185809241171,34.18812454521131],[-83.92109109259808,34.18743154455149],[-83.92099909195774,34.18735754442628],[-83.92091409265828,34.187308544046076],[-83.92079909155983,34.18728554668649],[-83.92069209279566,34.18731154599599],[-83.92001709193862,34.18768754558002],[-83.9198070902945,34.187477545742446],[-83.91893209059229,34.18659854500958],[-83.91878509221665,34.1864755451964],[-83.9186510916033,34.186402543967645],[-83.9184760907914,34.186347544684104],[-83.91821009201314,34.186294546383834],[-83.91794409180179,34.186266545920475],[-83.91766008976275,34.18626554436215],[-83.91727508989307,34.18632554683163],[-83.91695308966187,34.18640854517495],[-83.91657808933228,34.18654354662005],[-83.9162610885492,34.18670454545875],[-83.91589208988424,34.186924546414886],[-83.91563508878221,34.18713354611723],[-83.91541908993803,34.18735754605632],[-83.91534009095616,34.187457545604474],[-83.91530209098245,34.18750454432989],[-83.91519508933129,34.18762554486913],[-83.91497009143895,34.18790154553502],[-83.91476308784058,34.1881005444927],[-83.91463908813023,34.18819454485815],[-83.91452608797586,34.18828354493828],[-83.91426608966295,34.18845854558136],[-83.91414808879934,34.188537545396386],[-83.91380409106034,34.18870554530328],[-83.91374109024481,34.188735545709925],[-83.91364508819439,34.18877954735704],[-83.91255708909345,34.189276545685516],[-83.91222908774128,34.18942554710377],[-83.91215008844084,34.18946054708995],[-83.91213808933497,34.189466545725146],[-83.91199809025342,34.18952954597545],[-83.91188908910921,34.18957954548776],[-83.91184509054538,34.18952454545686],[-83.91184708734336,34.189469547176415],[-83.91147708791434,34.18890954686392],[-83.91132908763615,34.188706545179954],[-83.91112408739622,34.18891554526242],[-83.91099208833715,34.18904954505584],[-83.91101208822816,34.18910454498114],[-83.91090908972586,34.18927254727861],[-83.91091508750371,34.18928254669805],[-83.91093308766791,34.1892955463823],[-83.9108590879978,34.18937454726032],[-83.91086408875125,34.189490547296316],[-83.9107860875778,34.18954654652426],[-83.91068408960486,34.18953854583178],[-83.91067808965107,34.189579544858944],[-83.91067708801683,34.18959254730933],[-83.9105930894779,34.18960854656272],[-83.91059009006311,34.189652545127295],[-83.91058308701271,34.189658545922526],[-83.91051208911416,34.18968754613897],[-83.91042208756244,34.18974654581635],[-83.9103760883965,34.189678545560255],[-83.90987408740946,34.188930544507976],[-83.90953008812946,34.18841754575764],[-83.90934308946335,34.18851054678959],[-83.908395089495,34.18898254725652],[-83.90838108811215,34.18896054692633],[-83.90730908788603,34.18730754639453],[-83.9070670881218,34.18759954579755],[-83.90687908740642,34.18780854682151],[-83.90658008592521,34.18775054518943],[-83.90626108712216,34.188132545998506],[-83.90525008767966,34.189157546594295],[-83.90403908563803,34.19035854737408],[-83.90263508587509,34.191665547087695],[-83.90191508511256,34.19233654822196],[-83.90223808634701,34.19241854834394],[-83.90329708540095,34.19268954677336],[-83.90432508570868,34.19300354594406],[-83.90507808855621,34.19328854681187],[-83.90520108509445,34.19333454753744],[-83.90614808780718,34.19377654681946],[-83.90741208692612,34.19460854788999],[-83.90745908661927,34.19464254696455],[-83.90757808860337,34.194729548372464],[-83.90841308870763,34.195334547086],[-83.90883708631073,34.1956255478131],[-83.90902608858316,34.19573854617111],[-83.9092590871669,34.195831548238104],[-83.90936908796469,34.19586854850217],[-83.90993308755603,34.196060548720766],[-83.91033708971305,34.19617854870487],[-83.91160708942881,34.196549547125294],[-83.91294209048134,34.196934546818255],[-83.91343509089272,34.19708054728344],[-83.9137790912507,34.19721954623031],[-83.91413809124356,34.19741354859716],[-83.9142350879177,34.1974715473027],[-83.9145260909368,34.19764654825659],[-83.91475509138859,34.19780454797758],[-83.91506009067434,34.19798354699826],[-83.91523209028861,34.19805754684723],[-83.9154790894556,34.198142547055994],[-83.91596309243978,34.198249548644206],[-83.91655609007299,34.19838154715172],[-83.91694809032009,34.19846854663689],[-83.91734809235106,34.198568548525266],[-83.91764709118458,34.19867654679552],[-83.91786009180115,34.19877854659293],[-83.91803509223173,34.19892654833774],[-83.91829809160238,34.1992865482839],[-83.91874209073528,34.1999635489587],[-83.91844109124114,34.20008854788718],[-83.91778109019256,34.20040254957232],[-83.91750909052733,34.200584547584626],[-83.91729209168976,34.20078654945881],[-83.91712309060466,34.20097654925971],[-83.91696109214331,34.20121654806238],[-83.91674409086372,34.20160554837277],[-83.91649208983928,34.20215754905654],[-83.91640709167713,34.202333547925704],[-83.91606209028177,34.20304654930999],[-83.91580608974019,34.20360355039071],[-83.91558209192692,34.20408954867914],[-83.91554908849939,34.204156549383924],[-83.91505108951368,34.20518254892851],[-83.91521309093818,34.205343547736476],[-83.91607509018289,34.20610954918139],[-83.91719708915994,34.20753454923617],[-83.91819709137607,34.2084945502719],[-83.91845509052514,34.20874255033961],[-83.92042909201204,34.21011454937508],[-83.92073709204068,34.210328550530406],[-83.92100409404144,34.21059155123523],[-83.921072092142,34.21073955136954],[-83.92110309166172,34.21115255044444],[-83.92105709157684,34.21153654993969],[-83.92084009212859,34.21236654935036],[-83.92080509206387,34.21249955078339],[-83.92053109219658,34.21317055123225],[-83.92014909106679,34.21362255213822],[-83.9193710923786,34.214119551972296],[-83.91925709305703,34.21436755062021],[-83.9193400915285,34.21457355121724],[-83.91960809313055,34.21487455149222],[-83.91972209204322,34.21509755146732],[-83.919722092351,34.215784550727335],[-83.91979109356689,34.21592155050566],[-83.92010309351785,34.216153552311006],[-83.92042809370784,34.21629155203614],[-83.92096609296253,34.21651955041007],[-83.92126309358275,34.21685055038975],[-83.92155609229428,34.217282551799904],[-83.9218890921572,34.21777155218923],[-83.92199609368868,34.21807055146797],[-83.92199609255916,34.21859055228618],[-83.92209509352612,34.21900255204023],[-83.92229309467484,34.219292551579656],[-83.92305609438422,34.22004855205294],[-83.92323709439516,34.22034555133915],[-83.92330509400972,34.22045555358195],[-83.92338409199121,34.2205835516247],[-83.92343809481773,34.220882551676446],[-83.9233690927081,34.221116554023496],[-83.92317109495494,34.221446551808825],[-83.9231400942561,34.221622551977816],[-83.92324009291252,34.22180555247165],[-83.92345309369358,34.222198551736035],[-83.92346809291017,34.22243555342404],[-83.92332309338737,34.2226255536235],[-83.92312509493082,34.22272255441382],[-83.9229110931978,34.22276455338674],[-83.9226140918183,34.22273755437506],[-83.92211809155668,34.22296555201992],[-83.92271009457426,34.22322955322673],[-83.92315409491668,34.2235135524871],[-83.92325409514784,34.22398355289411],[-83.92308509439934,34.224515553178435],[-83.92323409233744,34.224964554635335],[-83.92367909521347,34.22539155350329],[-83.92488709636952,34.22585755430576],[-83.92532009342597,34.22601855401735],[-83.92575209503943,34.22618055461035],[-83.92597109372615,34.22626255466864],[-83.92715409439911,34.22672855258134],[-83.92904709425544,34.226538552897225],[-83.93032709416153,34.226656554610486]]]},"properties":{"OBJECTID":"27","COUNTY_NAM":"HALL","PRECINCTNO":"5","NAME":"05-Flowery Branch I","LOCATION":"FLOWERY BRANCH ELEMENTARY SCHOOL - 5544 RADFORD RD","PRECINCT":"FLOWERY BRANCH I","MAPLABEL":"PRECINCT 5 - FLOWERY BRANCH I","GlobalID":"{ED66CA9B-E632-4605-938C-A0AC2AEDFDEE}","EDITED_BY":"RPEOPLES","EDITED_DT":"2/27/24, 3:32 PM","created_user":"","created_date":"","Shape_Length":"80,690.53","Shape_Area":"280,910,645.81"},"id":27},{"type":"Feature","geometry":{"type":"Polygon","coordinates":[[[-83.87574007813626,34.191385549020154],[-83.87600908021813,34.191406547157314],[-83.87685907794778,34.19158254740358],[-83.8779740781424,34.191823547171744],[-83.87835207855126,34.19190654824148],[-83.87960408052722,34.19216254916917],[-83.88057208125923,34.192399547921625],[-83.88153708144101,34.1927005485058],[-83.88276208114031,34.193056547101186],[-83.88312108043723,34.19318754962977],[-83.88327508234102,34.1932615472383],[-83.88344707958817,34.19335554827959],[-83.88362008181133,34.19346354766702],[-83.88379708174095,34.19364754736428],[-83.88404107966417,34.19394654827337],[-83.88427307922595,34.19420254863456],[-83.88449308063066,34.194392547182225],[-83.88493508215093,34.19481254937228],[-83.88532008226701,34.19508254903006],[-83.88548808080115,34.195157549664536],[-83.88578508186265,34.19529154882935],[-83.88679508163649,34.195664548844604],[-83.88695608142501,34.19572954730769],[-83.88772408398019,34.196038547414666],[-83.8878260808977,34.19607954912155],[-83.8883840823392,34.196380548376],[-83.8889700830172,34.19597254942192],[-83.88921408233215,34.19582754804778],[-83.88966808206789,34.195561548511506],[-83.89018008300214,34.19531454915954],[-83.89030508357511,34.19524254859892],[-83.89063808176375,34.195050547520026],[-83.8907490815891,34.19496254966223],[-83.89154008244779,34.194335546922424],[-83.89200008372605,34.19393754772122],[-83.8927050833343,34.19332854784613],[-83.89330908213559,34.19284054746793],[-83.8937450820346,34.192500547768084],[-83.8943870839293,34.19215754802825],[-83.89541608425388,34.19178554764213],[-83.89546508522054,34.19176754663286],[-83.8958780846082,34.191610547193825],[-83.89602908364328,34.191552547503456],[-83.89660608359968,34.19138454721181],[-83.89715308321487,34.19126454746273],[-83.89765708544827,34.191258547196846],[-83.8980090860435,34.19128654556776],[-83.8983070855279,34.19132554684137],[-83.89848708324666,34.191359546262184],[-83.89869408437285,34.191398546012984],[-83.89918208493489,34.19152454777518],[-83.90017008543813,34.19180154738465],[-83.90191508511256,34.19233654822196],[-83.90263508587509,34.191665547087695],[-83.90403908563803,34.19035854737408],[-83.90525008767966,34.189157546594295],[-83.90626108712216,34.188132545998506],[-83.90658008592521,34.18775054518943],[-83.907157087105,34.18705854556766],[-83.90732408650511,34.18685854626134],[-83.90865008829988,34.185257544083505],[-83.9088480860872,34.185028544115546],[-83.9102050878518,34.18345554618628],[-83.91023508841818,34.18341554487139],[-83.91090908781723,34.1825335452303],[-83.91122108802453,34.18212754580079],[-83.91176508759416,34.18155354455519],[-83.91422709082289,34.17874854432236],[-83.91435408894623,34.178593543228786],[-83.9144940895255,34.178424544452525],[-83.91497308728628,34.17784254387223],[-83.91594108799693,34.17666554284415],[-83.91617908922892,34.176377542717674],[-83.9166260881947,34.17586054346464],[-83.91783509005734,34.17446354319312],[-83.9180420883825,34.17421954180655],[-83.91814209027984,34.174100542060124],[-83.91899808864612,34.17309354145888],[-83.91906809094311,34.17301154397432],[-83.92007309089618,34.17181554124654],[-83.9207670899097,34.170886541671734],[-83.92044418603487,34.17031635859628],[-83.91995574363618,34.16931288411094],[-83.91994362669048,34.169290842836865],[-83.91994360727111,34.1692908067341],[-83.91990053227953,34.169212451889365],[-83.91989778197357,34.16920744612121],[-83.91971915034999,34.16933093964787],[-83.91942609001552,34.16953354178424],[-83.91938983579576,34.169563098716885],[-83.9190475472275,34.1698421676732],[-83.91904708947722,34.16984254181254],[-83.91888713197328,34.16997296897479],[-83.91878708923971,34.17005454239106],[-83.91874508894269,34.170088541396],[-83.91857609013633,34.17022654129813],[-83.91830608948388,34.17044754196697],[-83.91827442997425,34.17047686713634],[-83.91799408876642,34.17073654166335],[-83.9177170891011,34.17094554194882],[-83.91758008911779,34.17104554188944],[-83.91756346704452,34.171034811649655],[-83.9174971401154,34.17099199287548],[-83.91746236721237,34.17096440925139],[-83.91746042932526,34.170966086788],[-83.91625655848556,34.17018966446791],[-83.91586578406869,34.16993762310792],[-83.91580912772697,34.16990108023793],[-83.91525802145571,34.169545614613035],[-83.91402249240517,34.16874871770746],[-83.91591479041439,34.167316907772616],[-83.91591407927176,34.167315305990705],[-83.91591508918567,34.16731454169925],[-83.91575768665662,34.166962702105266],[-83.91572860137174,34.16689712652086],[-83.91572712268847,34.166895392437354],[-83.91553738227823,34.16667299317351],[-83.915071727598,34.16612772562447],[-83.91476712720791,34.165762305108245],[-83.91477508917374,34.165763540403724],[-83.91376136653307,34.164557872763424],[-83.91417025803737,34.1641257474227],[-83.91416987287441,34.16412542385964],[-83.91419908805429,34.16409454124175],[-83.91340008714327,34.1634635408846],[-83.91252392833029,34.16274166614438],[-83.9112801178702,34.16171684769806],[-83.91116808736203,34.16162454011328],[-83.91032608691843,34.16091253992477],[-83.9098540869688,34.16053254004875],[-83.90827839037381,34.15926170287187],[-83.90780350485537,34.15887868396415],[-83.90780208649343,34.15887753955391],[-83.907796085564,34.15888253976587],[-83.90764560177358,34.1587881949863],[-83.90641060536386,34.15801390587481],[-83.90512608484119,34.15720853981881],[-83.90317908374685,34.156000539255324],[-83.90309008456664,34.155969538880306],[-83.90302908442179,34.15594553905647],[-83.90275808564466,34.15554954053642],[-83.90274808559725,34.155528539818306],[-83.90270008545767,34.155432540239154],[-83.90267708306173,34.15538754084253],[-83.90270008358227,34.15516753795334],[-83.90277808292461,34.155033540163274],[-83.90284508475892,34.154919540412074],[-83.90279108360194,34.15457653952862],[-83.90276308472406,34.154536538665624],[-83.90275691142618,34.154527924174424],[-83.90270398255099,34.15459025216237],[-83.90249026786181,34.1548373668955],[-83.90235480031528,34.154987697600795],[-83.90228084145629,34.15506594015698],[-83.90223531542578,34.1551113501173],[-83.90216940604358,34.15517205047461],[-83.90210715800896,34.155216709389855],[-83.90206532516805,34.15524349577963],[-83.90201121916292,34.15527401985521],[-83.90195943897494,34.155299464826655],[-83.90183101728539,34.155351703951695],[-83.9017004896902,34.155401739405264],[-83.90156854696983,34.15544924359031],[-83.90143975637822,34.15549271439539],[-83.90135293563824,34.15551907334656],[-83.90127184202889,34.155542008639046],[-83.90119015962229,34.15556351357605],[-83.90110338336129,34.15558462335923],[-83.90102062348288,34.1556031596041],[-83.90094186621505,34.15561936752279],[-83.90074993078925,34.15565434761805],[-83.900659003205,34.15567256118587],[-83.90054749304568,34.1556978779132],[-83.90043269740879,34.15572747269499],[-83.90025996683711,34.155781922145756],[-83.90019749437842,34.155802617003005],[-83.90002679502638,34.15586424272236],[-83.89982081574331,34.15594043882946],[-83.89975485720493,34.1559663713622],[-83.89971079679049,34.15598521265382],[-83.89946226782142,34.15609415441127],[-83.89922038949867,34.15621207020326],[-83.89886072130568,34.156383616926476],[-83.89879191812162,34.156418944564564],[-83.8987635517327,34.156434941869264],[-83.89870989142281,34.15646520759534],[-83.89863831778793,34.156509600045695],[-83.89855175268896,34.15656873955658],[-83.89828475644681,34.15675686532523],[-83.89823686282335,34.15678762219675],[-83.89817803860502,34.15682338604162],[-83.89811446990737,34.156854571998686],[-83.89807699652967,34.156871225414896],[-83.89803889941437,34.15688688840505],[-83.89796890494554,34.15691253975864],[-83.89791331231018,34.156930198409846],[-83.89786322109902,34.1569442131157],[-83.89762220267401,34.15699573416873],[-83.89719613677704,34.15707996153761],[-83.89703710442942,34.15711019892549],[-83.89682844548346,34.157153846440245],[-83.89675657594503,34.157175535878466],[-83.8966780143658,34.15720212875537],[-83.89665172604874,34.157156213116316],[-83.89650003545793,34.15689126127483],[-83.8960271190429,34.156054642121376],[-83.89557245278385,34.15526164626944],[-83.89518441529783,34.154577948541615],[-83.89493463979785,34.154136273333314],[-83.89469523921751,34.15371752019576],[-83.89461443146004,34.15358195489035],[-83.89446031679977,34.15332339906669],[-83.89441212468334,34.15324254532002],[-83.8942873501149,34.15303352577286],[-83.89418872093485,34.15287680166236],[-83.89400989369075,34.15261957344309],[-83.89393262228664,34.152514397486705],[-83.89384030720423,34.15239844373508],[-83.89376253716037,34.15230310567169],[-83.89362280842701,34.152140631306104],[-83.89360594391067,34.152122071418],[-83.89348353427638,34.15198095814569],[-83.89340203834776,34.151893500518604],[-83.89321982130653,34.151704878597954],[-83.89311315192681,34.15159935893705],[-83.89309659076928,34.151582975203894],[-83.89297736553755,34.1514691300592],[-83.89285941845901,34.151359548588765],[-83.89278639183124,34.151296429976966],[-83.89274431291454,34.151260061296966],[-83.89263418593865,34.15116574934906],[-83.89251385188102,34.15106753944984],[-83.89238447177787,34.15096691818955],[-83.8922000126695,34.150829047758116],[-83.89203071341655,34.15070500627791],[-83.89176488580404,34.15052331319871],[-83.89126247921529,34.150202723855145],[-83.89096963802372,34.15001437417262],[-83.89077671079825,34.149888765915165],[-83.89058956875212,34.14976509436874],[-83.89045567487634,34.149671551063655],[-83.89029667265636,34.14955423551606],[-83.89017079312211,34.14945579083403],[-83.89007853205126,34.149377428178404],[-83.8900124562965,34.149316903933155],[-83.88989095552236,34.14920442647549],[-83.88975016677746,34.14906654350145],[-83.88968820426037,34.149001847658106],[-83.88957369867516,34.14887284318496],[-83.88944079485744,34.14871999763333],[-83.88935781360146,34.148622720069454],[-83.8893044607506,34.14855709049001],[-83.88922771453736,34.14846268227698],[-83.88906638941326,34.14827797730223],[-83.88860103749231,34.14773118455576],[-83.88811798950752,34.14716165128222],[-83.88800803175377,34.14702823060812],[-83.88780907479737,34.14679064737659],[-83.88756908390181,34.14650765541764],[-83.88733693957796,34.14623078193483],[-83.88703941775377,34.14587557269573],[-83.88694875290186,34.145769324024094],[-83.88686672566183,34.14567319915864],[-83.88662170193975,34.14538494204511],[-83.88609707740807,34.14476191329731],[-83.88602289659082,34.14467558901026],[-83.88587157796452,34.1444981325358],[-83.88559173631033,34.144166707303356],[-83.88543753356005,34.14398250785446],[-83.8853021645227,34.143819951818536],[-83.88520070193812,34.143699216381066],[-83.88516837288603,34.14371944981975],[-83.88514133454346,34.14374030125445],[-83.88511412262793,34.14376345947036],[-83.88506367253203,34.14380728577279],[-83.88497593361748,34.14389315449968],[-83.88482966060741,34.14403841129971],[-83.8844851292578,34.1443971504015],[-83.88439583039761,34.144484801179246],[-83.88434506173127,34.14453483574036],[-83.88423618211327,34.14463582466636],[-83.88409428106979,34.1447569359576],[-83.88399795170983,34.14483245009881],[-83.8838904006885,34.14491164928743],[-83.88376720811318,34.14499353335655],[-83.88358025388268,34.14510626807573],[-83.88340493535344,34.145208696159536],[-83.88322634660526,34.14531026443198],[-83.88309726669556,34.14538276033308],[-83.88293101328159,34.145472296010226],[-83.88269356480721,34.145591452835845],[-83.88240520424768,34.14573374349119],[-83.88210249939678,34.145875416883705],[-83.88179432291932,34.146022217728266],[-83.88140157706167,34.1462134512225],[-83.88102315198218,34.14639377950944],[-83.88067995609974,34.14655905179627],[-83.88050523709737,34.14664319453237],[-83.87998331886384,34.14689323543183],[-83.87981932484189,34.14696760007752],[-83.87946578525273,34.1471166250654],[-83.87940313212687,34.147141761030284],[-83.87934618434362,34.14716039718765],[-83.8792623184768,34.14718314739897],[-83.87920721268956,34.14719516468125],[-83.87913551047664,34.147207693043605],[-83.87907116253888,34.14721578651229],[-83.87900914492803,34.14721973626369],[-83.87893652033642,34.14722124214357],[-83.87887871258656,34.14722001571679],[-83.87887707633762,34.147222538152484],[-83.87855407647672,34.14772354021339],[-83.87834407730203,34.14822953748249],[-83.87821607792606,34.148414539038086],[-83.87787707786335,34.1487395399161],[-83.8772350777851,34.149098539084946],[-83.87717507571995,34.14925253886978],[-83.8771750773394,34.14942053945373],[-83.87724407533788,34.14965653874785],[-83.87723807611846,34.14993953988446],[-83.8771620761154,34.150118540124915],[-83.87679907501582,34.150383539646725],[-83.8764880763732,34.15041454017763],[-83.87609307680488,34.15053053826261],[-83.87585007618884,34.15075153978206],[-83.8757810769458,34.150949539704484],[-83.87583507464235,34.151139539961385],[-83.87648907584386,34.15187653850618],[-83.87657207529722,34.152054540019144],[-83.87655707568572,34.152285540083355],[-83.87647407507075,34.152373540627586],[-83.87634507647513,34.152415539355566],[-83.87610207693304,34.152418540159],[-83.87553807720417,34.15217354068018],[-83.87531007528351,34.15212953927698],[-83.87494407484935,34.15214453995037],[-83.87433207626854,34.15200753832279],[-83.87372007761348,34.15170654074202],[-83.87335707565846,34.1518575395199],[-83.87322507621047,34.15235153877866],[-83.87334207462497,34.15306453988464],[-83.87327707546127,34.153667541481],[-83.87331907687259,34.15383654028262],[-83.87354307731083,34.15473653944685],[-83.87352807703708,34.15524454128159],[-83.8733140754827,34.15561454117379],[-83.8728850758339,34.156026540987476],[-83.87144907444734,34.157124541897865],[-83.87141707489195,34.15771454019661],[-83.87188007678031,34.15827554101346],[-83.87172007560116,34.158440540541505],[-83.87146807552368,34.15870154214811],[-83.8718160748226,34.159249542315536],[-83.87181607436742,34.15957854108671],[-83.87166807364598,34.15999454145464],[-83.87163607467522,34.16008554083345],[-83.87211607462791,34.16067454256111],[-83.8722320767711,34.161168540709525],[-83.87296007482749,34.16179854131451],[-83.87412007461475,34.16363454108094],[-83.8741050782711,34.16419654138189],[-83.87385807530575,34.16479954189107],[-83.87399107591929,34.16536154342201],[-83.8737610745653,34.16607454241284],[-83.87371307759845,34.16728154423643],[-83.8732340756144,34.1674735445641],[-83.87293807669565,34.16833754312091],[-83.87231107734372,34.168900542403726],[-83.87234507654564,34.16910654402957],[-83.8726930768403,34.1695995446943],[-83.87272707511352,34.17010654365983],[-83.87292507512575,34.17014754337934],[-83.87320507788144,34.16991454304921],[-83.87340407698343,34.16992754453652],[-83.87337207455741,34.170544543917046],[-83.87324007683885,34.17090154198752],[-83.87276107746777,34.1710255431292],[-83.87198407697429,34.17082054313472],[-83.87148907610157,34.17086154450092],[-83.87122407516598,34.1710405445625],[-83.87084507624587,34.171630544014015],[-83.87031707486985,34.1719605429981],[-83.86982107423702,34.17198754519293],[-83.86965507413797,34.17154954513458],[-83.86942407401303,34.1715225439904],[-83.86902907441338,34.17230454435313],[-83.8683690758896,34.17308654503988],[-83.8678740746228,34.17374454407349],[-83.86779307589174,34.17418354451511],[-83.86762807525085,34.17443054467088],[-83.8677280733956,34.175116545905546],[-83.86754707361274,34.17566454555182],[-83.86748207600509,34.17633654497574],[-83.86721807411055,34.17650154589589],[-83.86622707499393,34.176653544661306],[-83.86604507592438,34.17680454461394],[-83.8663770746801,34.17737954379061],[-83.86646707450525,34.177428544564464],[-83.86715407447359,34.17780354407834],[-83.86717107511289,34.17820154508026],[-83.86684207488862,34.178708546490796],[-83.86682607478853,34.17935354416673],[-83.86603407520928,34.17979254556075],[-83.86582007529606,34.18009454620732],[-83.86580407446898,34.18046454586765],[-83.86625107480401,34.18098554493039],[-83.86622607523677,34.181256546877506],[-83.8662180758869,34.18134154636214],[-83.86527807305475,34.182138545197574],[-83.86497307282102,34.18272254544761],[-83.86541207371381,34.1833585480774],[-83.8653790740435,34.18360454613592],[-83.86500007634841,34.18400254690578],[-83.86506707499814,34.18444154515779],[-83.86495207553365,34.18507254752503],[-83.8650530758618,34.1857985485102],[-83.86566607542339,34.18701854760821],[-83.86551807527316,34.18762154615873],[-83.86522207409656,34.18800654630057],[-83.8655030744225,34.188156546738384],[-83.86553607716196,34.18829354940517],[-83.86509007443506,34.188554548720504],[-83.86492507410951,34.18877454737326],[-83.86504107565705,34.18895254664481],[-83.8655210753086,34.18914354716706],[-83.86575407378162,34.18997954753479],[-83.86608507644242,34.19051454677525],[-83.8662690758658,34.19176154777284],[-83.86656807485998,34.19265254789233],[-83.86600807441702,34.19403754786008],[-83.86612807506212,34.194196550293775],[-83.8662070773855,34.19418654862872],[-83.86642907605048,34.194161548284356],[-83.86781807543798,34.19410054712883],[-83.86865407543596,34.1941155490645],[-83.86931307738922,34.19415654922959],[-83.87056307659314,34.194204549939215],[-83.87099107780041,34.19413854903195],[-83.87135007546333,34.19403854934313],[-83.87163207731633,34.193899547373654],[-83.8731130759014,34.192806548735284],[-83.87433407698063,34.19189154726567],[-83.87486707924327,34.19155254730974],[-83.87518407882773,34.191432548271656],[-83.87543507842454,34.191391547690635],[-83.87565408000977,34.1913795469558],[-83.87574007813626,34.191385549020154]]]},"properties":{"OBJECTID":"28","COUNTY_NAM":"HALL","PRECINCTNO":"30","NAME":"30-Friendship III","LOCATION":"MULBERRY CREEK COMMUNITY CENTER - 4491 J M TURK RD","PRECINCT":"FRIENDSHIP III","MAPLABEL":"PRECINCT 30 - FRIENDSHIP III","GlobalID":"{93B29345-7CC4-4ED4-BCDB-6FF444CA0E42}","EDITED_BY":"JBUDD","EDITED_DT":"2/7/20, 9:44 AM","created_user":"","created_date":"","Shape_Length":"65,561.45","Shape_Area":"192,017,947.95"},"id":28},{"type":"Feature","geometry":{"type":"Polygon","coordinates":[[[-83.89740308856152,34.26641956426852],[-83.90018708901124,34.26751856315298],[-83.90251509051733,34.265997562160585],[-83.90544809053465,34.265581562808855],[-83.90681709196546,34.26591456159491],[-83.90978809205411,34.26663856226925],[-83.91249109145886,34.26465456339225],[-83.9198210934956,34.25961056087665],[-83.92108909497294,34.2587385602883],[-83.92489609654258,34.25512656031315],[-83.9279310953478,34.25301155990393],[-83.93042709824553,34.25302255934392],[-83.93306209725968,34.25129855887763],[-83.93406609935958,34.251195558926085],[-83.93641609746444,34.25183855943872],[-83.93803409808285,34.2520405586472],[-83.93954109921842,34.25211355796842],[-83.94115910022269,34.25196655775028],[-83.94251109976187,34.25154455801251],[-83.9433091001456,34.25114055950198],[-83.94353110188833,34.25060855784034],[-83.94372610110773,34.25010655636258],[-83.9458361034788,34.2443125577282],[-83.94641210211691,34.24302755553268],[-83.94746510195226,34.24192655623542],[-83.94774210099274,34.24159555596536],[-83.94825210144236,34.24124755623789],[-83.94934510372742,34.24025055523825],[-83.94982510241361,34.239843555531735],[-83.94987110409028,34.23978655489071],[-83.95014510421613,34.239534554957416],[-83.95049610377171,34.23930155581947],[-83.95103810310331,34.23901555488718],[-83.95270910278583,34.23834055568496],[-83.95312910511777,34.23813055514106],[-83.95356310307653,34.237947554678094],[-83.95360910348045,34.23792455405761],[-83.9541361042532,34.23764655359462],[-83.95443310448138,34.23748655534279],[-83.95490610411248,34.23718855468093],[-83.955166102714,34.236967555336705],[-83.9556331038665,34.236688555004186],[-83.95568410426519,34.23665855508792],[-83.95592110345082,34.23648655353012],[-83.95382110353111,34.237481553703724],[-83.93317509624863,34.2305495537155],[-83.93144009606691,34.22798055211604],[-83.93032709416153,34.226656554610486],[-83.92904709425544,34.226538552897225],[-83.92715409439911,34.22672855258134],[-83.92597109372615,34.22626255466864],[-83.92575209503943,34.22618055461035],[-83.92532009342597,34.22601855401735],[-83.92488709636952,34.22585755430576],[-83.92367909521347,34.22539155350329],[-83.92323409233744,34.224964554635335],[-83.92308509439934,34.224515553178435],[-83.92325409514784,34.22398355289411],[-83.92315409491668,34.2235135524871],[-83.92271009457426,34.22322955322673],[-83.92211809155668,34.22296555201992],[-83.9226140918183,34.22273755437506],[-83.9229110931978,34.22276455338674],[-83.92312509493082,34.22272255441382],[-83.92332309338737,34.2226255536235],[-83.92346809291017,34.22243555342404],[-83.92345309369358,34.222198551736035],[-83.92324009291252,34.22180555247165],[-83.9231400942561,34.221622551977816],[-83.92317109495494,34.221446551808825],[-83.9233690927081,34.221116554023496],[-83.92343809481773,34.220882551676446],[-83.92338409199121,34.2205835516247],[-83.92330509400972,34.22045555358195],[-83.92323709439516,34.22034555133915],[-83.92305609438422,34.22004855205294],[-83.92229309467484,34.219292551579656],[-83.92209509352612,34.21900255204023],[-83.92199609255916,34.21859055228618],[-83.92199609368868,34.21807055146797],[-83.9218890921572,34.21777155218923],[-83.92155609229428,34.217282551799904],[-83.92126309358275,34.21685055038975],[-83.92096609296253,34.21651955041007],[-83.92042809370784,34.21629155203614],[-83.92010309351785,34.216153552311006],[-83.91979109356689,34.21592155050566],[-83.919722092351,34.215784550727335],[-83.91972209204322,34.21509755146732],[-83.91960809313055,34.21487455149222],[-83.9193400915285,34.21457355121724],[-83.91925709305703,34.21436755062021],[-83.9193710923786,34.214119551972296],[-83.92014909106679,34.21362255213822],[-83.92053109219658,34.21317055123225],[-83.92080509206387,34.21249955078339],[-83.92084009212859,34.21236654935036],[-83.92105709157684,34.21153654993969],[-83.92110309166172,34.21115255044444],[-83.921072092142,34.21073955136954],[-83.92100409404144,34.21059155123523],[-83.92073709204068,34.210328550530406],[-83.92042909201204,34.21011454937508],[-83.91845509052514,34.20874255033961],[-83.91819709137607,34.2084945502719],[-83.91719708915994,34.20753454923617],[-83.91607509018289,34.20610954918139],[-83.91521309093818,34.205343547736476],[-83.91505108951368,34.20518254892851],[-83.91498109038312,34.20532654855136],[-83.91424409009056,34.206971550430346],[-83.9137890914454,34.20794054965126],[-83.91299209108291,34.209654549614015],[-83.91256009011317,34.21058255198571],[-83.91244508897398,34.21082954968596],[-83.91231609068807,34.211105551157296],[-83.91109409089896,34.213732550231086],[-83.91089609072912,34.21415855112169],[-83.91073308845974,34.21450955136461],[-83.91047308983642,34.21506055153854],[-83.91015708968095,34.21572855279867],[-83.9094450903493,34.21736755139067],[-83.90898309090021,34.21843055162305],[-83.90835808830693,34.21969355172753],[-83.90794008957255,34.220538552938294],[-83.90789109061781,34.22063755187254],[-83.907613089556,34.22126055306756],[-83.9073110882509,34.22193555314618],[-83.90719308982521,34.22219955196989],[-83.9066550893646,34.22346555479923],[-83.906392088778,34.22398855291187],[-83.90626108732661,34.224260553559],[-83.90617209038504,34.22444355404338],[-83.90614508840824,34.2245015542631],[-83.90591708897482,34.22484455471513],[-83.90585508889995,34.224939554530344],[-83.90570808982798,34.22511155546758],[-83.9051090899198,34.22574555332777],[-83.90210208809647,34.22855455375577],[-83.90190508702918,34.22874555390088],[-83.90164908846131,34.228971554669315],[-83.90130208890258,34.2292585566493],[-83.90103308735407,34.22953755644981],[-83.90088708837995,34.22968855480178],[-83.9006830878057,34.22987555636847],[-83.90060108811309,34.22995055618287],[-83.90054508702822,34.23000255615125],[-83.90001608701661,34.230516556873724],[-83.89989508626394,34.230635555248945],[-83.89919008809821,34.23141455508484],[-83.89823508701953,34.23237355670398],[-83.89796908707898,34.232661555769866],[-83.89764608589394,34.2330125544851],[-83.897455085207,34.233197556808626],[-83.89700108729893,34.23363755444971],[-83.8969210869145,34.23371555480325],[-83.8963760851846,34.23424255641804],[-83.89619708562758,34.23442255685594],[-83.89600508681224,34.23461455545552],[-83.8959260877225,34.23469455526165],[-83.89561008758282,34.23501255694755],[-83.89546008547235,34.235162556177706],[-83.89531808722185,34.23530555771188],[-83.89528408657739,34.23533855795111],[-83.89479208726837,34.23583455689206],[-83.89436808647224,34.236216556289506],[-83.89388608728433,34.236701557260666],[-83.89386308742034,34.236728557189764],[-83.89365508509569,34.23697755775708],[-83.8934560871445,34.237218556638226],[-83.89336508435345,34.23750755639505],[-83.89320808539058,34.23800155776772],[-83.8931940854149,34.238168557383005],[-83.89317908568636,34.238340555841766],[-83.893219084993,34.23862755573255],[-83.89326808527228,34.240052556847296],[-83.89331908738663,34.24154855717809],[-83.89333608425669,34.242053559580626],[-83.89336008485525,34.24273955934951],[-83.89347108617746,34.24448655966976],[-83.89361008537178,34.24700255904892],[-83.89360208845899,34.247051560224854],[-83.89358808761405,34.247137558849104],[-83.89358608598936,34.247151557754485],[-83.89344308712333,34.248062559462156],[-83.89276408580618,34.250171560266246],[-83.89272308659905,34.25030155958743],[-83.89271308758586,34.250334560352975],[-83.89266908623698,34.25046856047104],[-83.8919770874744,34.25259256169656],[-83.89185108639803,34.25294555916139],[-83.8916570880863,34.25357956093567],[-83.89158908479072,34.25380556171183],[-83.89153008431771,34.25400056106768],[-83.89130008514529,34.254775561539994],[-83.89119508697503,34.255070561628585],[-83.89098708457219,34.25555555982987],[-83.8909600859687,34.25561856103845],[-83.89070708746502,34.25608956055016],[-83.89048308465745,34.25647056058789],[-83.88987508671732,34.2574045613374],[-83.88957908703948,34.25791356201254],[-83.88920208581976,34.25851856273058],[-83.88872708628796,34.2593675617333],[-83.88818408648426,34.26026956230841],[-83.88800608401799,34.26057456239012],[-83.88778708474466,34.26095156191519],[-83.88755708530965,34.26136356322866],[-83.88744208604267,34.26155356248428],[-83.8871600864144,34.262022562280535],[-83.88683008537829,34.26257156431777],[-83.88616908386815,34.26366056279631],[-83.88585108496393,34.264184563458784],[-83.88568908664683,34.2644505627506],[-83.8853580839364,34.264996563216165],[-83.88532108437504,34.265059564455974],[-83.88528708356377,34.265129563408514],[-83.88518808379345,34.26533356348755],[-83.8850150857421,34.265619564231855],[-83.8849020854821,34.265760563841674],[-83.88476108476178,34.26593556238462],[-83.88460708446937,34.266182563356296],[-83.88471708584859,34.26619956236332],[-83.88502108648802,34.26633656281929],[-83.88512908438227,34.26638556378905],[-83.88538108469429,34.26649956363966],[-83.88564808384236,34.26649856316775],[-83.8860600862745,34.266456564009246],[-83.88632508747502,34.26636056357522],[-83.88682308712485,34.2661815635093],[-83.88726908652593,34.26612456259973],[-83.88733308730454,34.26611756346347],[-83.88746408723262,34.26610056335308],[-83.88752208636562,34.26599256373198],[-83.88760108661354,34.265849563932576],[-83.88754408592538,34.26576256343794],[-83.8870820843018,34.26505756148616],[-83.88712508645652,34.26497556271291],[-83.88721208640068,34.26480956407931],[-83.88810508729443,34.264856562146214],[-83.88825708684864,34.264864563700165],[-83.8888370873392,34.26428856277726],[-83.8890660851075,34.26423256254642],[-83.88944708618469,34.26438256311402],[-83.89009608676261,34.265037562977604],[-83.89031008575789,34.265080562311915],[-83.89060708804595,34.264917562586106],[-83.89082108491277,34.264488561965194],[-83.8907670863101,34.26400356408416],[-83.89090708803538,34.26374656308965],[-83.89103108588344,34.26352256249482],[-83.89151908690805,34.26320756258774],[-83.89278208644465,34.26231756274245],[-83.89329708797683,34.26299856351415],[-83.8939670873441,34.2638275613111],[-83.89534908918708,34.264561562653476],[-83.89621708900356,34.264817563019605],[-83.89740308856152,34.26641956426852]]]},"properties":{"OBJECTID":"29","COUNTY_NAM":"HALL","PRECINCTNO":"4","NAME":"04-Oakwood II","LOCATION":"FLAT CREEK BAPTIST CHURCH - 5504 FLAT CREEK RD","PRECINCT":"OAKWOOD II","MAPLABEL":"PRECINCT 4 - OAKWOOD II","GlobalID":"{35E44227-58A5-4434-AA1E-95717E9C3247}","EDITED_BY":"RPEOPLES","EDITED_DT":"8/9/22, 8:55 AM","created_user":"","created_date":"","Shape_Length":"74,593.78","Shape_Area":"206,387,939.95"},"id":29},{"type":"Feature","geometry":{"type":"Polygon","coordinates":[[[-83.87695907989146,34.23906155751256],[-83.87707408309952,34.23917955778686],[-83.87713708302773,34.23924355661588],[-83.87752808115455,34.23964155858587],[-83.87836208154562,34.24047755710159],[-83.87857508247582,34.24069155779221],[-83.87874208257378,34.24084955742039],[-83.87880808264501,34.240911560011824],[-83.8788560815969,34.240956558852],[-83.87926808267889,34.24134755774121],[-83.88061608140634,34.242598558868835],[-83.88145508243089,34.24337555908488],[-83.88311008286468,34.24491055932183],[-83.88362308371592,34.245401558607824],[-83.88387008325934,34.24563756035266],[-83.88406708245708,34.24582355824793],[-83.88472608382556,34.24644556001524],[-83.8849270833138,34.24662956059659],[-83.88514808550688,34.24682455918692],[-83.8853820833886,34.24700255902645],[-83.88560408377855,34.24718855949436],[-83.88591808560028,34.24744055865315],[-83.88638108527205,34.24788555841799],[-83.88673508357631,34.2483215604393],[-83.88761108622458,34.24953055906515],[-83.88793208513209,34.24999555931634],[-83.8882020853207,34.25034455997931],[-83.88854708516402,34.250713561373104],[-83.88898808513488,34.25110356069862],[-83.88921908501385,34.25130656071096],[-83.88952508680384,34.25151855904057],[-83.88983708687287,34.251720559897294],[-83.89020308602296,34.251919559570354],[-83.89043108675669,34.25202155996175],[-83.89077508619609,34.252165558811875],[-83.8919770874744,34.25259256169656],[-83.89266908623698,34.25046856047104],[-83.89271308758586,34.250334560352975],[-83.89272308659905,34.25030155958743],[-83.89276408580618,34.250171560266246],[-83.89344308712333,34.248062559462156],[-83.89358608598936,34.247151557754485],[-83.89358808761405,34.247137558849104],[-83.89360208845899,34.247051560224854],[-83.89361008537178,34.24700255904892],[-83.89347108617746,34.24448655966976],[-83.89336008485525,34.24273955934951],[-83.89333608425669,34.242053559580626],[-83.89331908738663,34.24154855717809],[-83.89326808527228,34.240052556847296],[-83.893219084993,34.23862755573255],[-83.89317908568636,34.238340555841766],[-83.8931940854149,34.238168557383005],[-83.89320808539058,34.23800155776772],[-83.89336508435345,34.23750755639505],[-83.8934560871445,34.237218556638226],[-83.89365508509569,34.23697755775708],[-83.89386308742034,34.236728557189764],[-83.89388608728433,34.236701557260666],[-83.89436808647224,34.236216556289506],[-83.89479208726837,34.23583455689206],[-83.89528408657739,34.23533855795111],[-83.89531808722185,34.23530555771188],[-83.89546008547235,34.235162556177706],[-83.89561008758282,34.23501255694755],[-83.8959260877225,34.23469455526165],[-83.89600508681224,34.23461455545552],[-83.89619708562758,34.23442255685594],[-83.8963760851846,34.23424255641804],[-83.8969210869145,34.23371555480325],[-83.89700108729893,34.23363755444971],[-83.897455085207,34.233197556808626],[-83.89764608589394,34.2330125544851],[-83.89796908707898,34.232661555769866],[-83.89823508701953,34.23237355670398],[-83.89919008809821,34.23141455508484],[-83.89989508626394,34.230635555248945],[-83.90001608701661,34.230516556873724],[-83.90054508702822,34.23000255615125],[-83.90060108811309,34.22995055618287],[-83.9006830878057,34.22987555636847],[-83.90088708837995,34.22968855480178],[-83.90103308735407,34.22953755644981],[-83.90130208890258,34.2292585566493],[-83.90164908846131,34.228971554669315],[-83.90190508702918,34.22874555390088],[-83.90210208809647,34.22855455375577],[-83.9051090899198,34.22574555332777],[-83.90570808982798,34.22511155546758],[-83.90585508889995,34.224939554530344],[-83.90591708897482,34.22484455471513],[-83.90614508840824,34.2245015542631],[-83.90617209038504,34.22444355404338],[-83.90626108732661,34.224260553559],[-83.906392088778,34.22398855291187],[-83.9066550893646,34.22346555479923],[-83.90719308982521,34.22219955196989],[-83.9073110882509,34.22193555314618],[-83.907613089556,34.22126055306756],[-83.90789109061781,34.22063755187254],[-83.90794008957255,34.220538552938294],[-83.90835808830693,34.21969355172753],[-83.90898309090021,34.21843055162305],[-83.9094450903493,34.21736755139067],[-83.91015708968095,34.21572855279867],[-83.91047308983642,34.21506055153854],[-83.91073308845974,34.21450955136461],[-83.91089609072912,34.21415855112169],[-83.91109409089896,34.213732550231086],[-83.91231609068807,34.211105551157296],[-83.91244508897398,34.21082954968596],[-83.91256009011317,34.21058255198571],[-83.91299209108291,34.209654549614015],[-83.9137890914454,34.20794054965126],[-83.91424409009056,34.206971550430346],[-83.91498109038312,34.20532654855136],[-83.91505108951368,34.20518254892851],[-83.91554908849939,34.204156549383924],[-83.91558209192692,34.20408954867914],[-83.91580608974019,34.20360355039071],[-83.91606209028177,34.20304654930999],[-83.91640709167713,34.202333547925704],[-83.91649208983928,34.20215754905654],[-83.91674409086372,34.20160554837277],[-83.91696109214331,34.20121654806238],[-83.91712309060466,34.20097654925971],[-83.91729209168976,34.20078654945881],[-83.91750909052733,34.200584547584626],[-83.91778109019256,34.20040254957232],[-83.91844109124114,34.20008854788718],[-83.91874209073528,34.1999635489587],[-83.91829809160238,34.1992865482839],[-83.91803509223173,34.19892654833774],[-83.91786009180115,34.19877854659293],[-83.91764709118458,34.19867654679552],[-83.91734809235106,34.198568548525266],[-83.91694809032009,34.19846854663689],[-83.91655609007299,34.19838154715172],[-83.91596309243978,34.198249548644206],[-83.9154790894556,34.198142547055994],[-83.91523209028861,34.19805754684723],[-83.91506009067434,34.19798354699826],[-83.91475509138859,34.19780454797758],[-83.9145260909368,34.19764654825659],[-83.9142350879177,34.1974715473027],[-83.91413809124356,34.19741354859716],[-83.9137790912507,34.19721954623031],[-83.91343509089272,34.19708054728344],[-83.91294209048134,34.196934546818255],[-83.91160708942881,34.196549547125294],[-83.91033708971305,34.19617854870487],[-83.90993308755603,34.196060548720766],[-83.90936908796469,34.19586854850217],[-83.9092590871669,34.195831548238104],[-83.90902608858316,34.19573854617111],[-83.90883708631073,34.1956255478131],[-83.90841308870763,34.195334547086],[-83.90757808860337,34.194729548372464],[-83.90745908661927,34.19464254696455],[-83.90741208692612,34.19460854788999],[-83.90614808780718,34.19377654681946],[-83.90520108509445,34.19333454753744],[-83.90507808855621,34.19328854681187],[-83.90432508570868,34.19300354594406],[-83.90329708540095,34.19268954677336],[-83.90223808634701,34.19241854834394],[-83.90191508511256,34.19233654822196],[-83.90017008543813,34.19180154738465],[-83.89918208493489,34.19152454777518],[-83.89869408437285,34.191398546012984],[-83.89848708324666,34.191359546262184],[-83.8983070855279,34.19132554684137],[-83.8980090860435,34.19128654556776],[-83.89765708544827,34.191258547196846],[-83.89715308321487,34.19126454746273],[-83.89660608359968,34.19138454721181],[-83.89602908364328,34.191552547503456],[-83.8958780846082,34.191610547193825],[-83.89546508522054,34.19176754663286],[-83.89541608425388,34.19178554764213],[-83.8943870839293,34.19215754802825],[-83.8937450820346,34.192500547768084],[-83.89330908213559,34.19284054746793],[-83.8927050833343,34.19332854784613],[-83.89200008372605,34.19393754772122],[-83.89154008244779,34.194335546922424],[-83.8907490815891,34.19496254966223],[-83.89063808176375,34.195050547520026],[-83.89030508357511,34.19524254859892],[-83.89018008300214,34.19531454915954],[-83.88966808206789,34.195561548511506],[-83.88921408233215,34.19582754804778],[-83.8889700830172,34.19597254942192],[-83.8883840823392,34.196380548376],[-83.88817208330309,34.19662254963002],[-83.88807608338219,34.19675054751255],[-83.88794008169195,34.19697854882288],[-83.88786208046174,34.19717654709356],[-83.88781308072335,34.19738554840107],[-83.88770308193504,34.19786154898922],[-83.88759008214826,34.19835354941413],[-83.8874540829399,34.19884754756172],[-83.88735008254383,34.19922755031589],[-83.88715108002783,34.20005254984171],[-83.8866200815044,34.20163854955056],[-83.8865690813306,34.201790549040034],[-83.8863780804981,34.20226055055463],[-83.88634208231765,34.20235254927461],[-83.88608808197672,34.202979551259624],[-83.88596608093196,34.20325155076077],[-83.88577308254445,34.203680551442034],[-83.88565108312326,34.20398055120371],[-83.88532208097766,34.20479854948207],[-83.88504908255905,34.20546355153831],[-83.8850230805917,34.20551855178333],[-83.88473508241628,34.20614355034542],[-83.8843990807964,34.2066705505841],[-83.8841720823909,34.20696255159711],[-83.88404308095726,34.20712755233375],[-83.88388008177226,34.20732855066363],[-83.88355708076256,34.20772755218224],[-83.88271708226695,34.20881955109379],[-83.88256607984044,34.20901155049108],[-83.88222408233663,34.20944555083579],[-83.88192508082368,34.209826551958145],[-83.8816720805419,34.21015255243296],[-83.88150108031482,34.2103745511752],[-83.8813500798128,34.21056755248208],[-83.88060107961073,34.21153755047059],[-83.87960408056543,34.21283155168504],[-83.87950408244153,34.21294455322578],[-83.87923808189824,34.21324555220724],[-83.87905807930163,34.213463553011486],[-83.87895008118534,34.21360055357736],[-83.87883008100148,34.213751551852795],[-83.87828907998353,34.214439552550175],[-83.87815708034157,34.21457255151832],[-83.87800607982544,34.214716553657176],[-83.87790308076617,34.21478855167714],[-83.87784107866021,34.21483355350191],[-83.8776750803488,34.214932553316615],[-83.87751508035795,34.21501555217703],[-83.8773610799232,34.21507555200199],[-83.87714708125078,34.215159551785376],[-83.87697907887309,34.215214553043616],[-83.87673707975489,34.21527655399882],[-83.87646708068608,34.21532255270344],[-83.87640008000997,34.215334553847676],[-83.87619708014067,34.21535055335588],[-83.87592608037195,34.21535155216066],[-83.87578307876035,34.21535055314419],[-83.87502308035377,34.21534655303477],[-83.8739670782684,34.21533955306985],[-83.87323907845438,34.21533555154583],[-83.87297807849208,34.215341552625894],[-83.87285507885919,34.21534455334363],[-83.87279207907672,34.2153465535979],[-83.87257607881884,34.215373552270606],[-83.87236707991948,34.21541855309198],[-83.87224907877514,34.215456552123335],[-83.87203207839089,34.21552755202174],[-83.8717370794481,34.215660554471874],[-83.87170507862815,34.21567555293031],[-83.87145907897268,34.21582855429383],[-83.87136807805095,34.215897552654596],[-83.87110907794806,34.216099552925925],[-83.87095707804957,34.216217552997904],[-83.87065407665698,34.216466552230145],[-83.8702740769404,34.21678255259229],[-83.87004607633077,34.21697155249641],[-83.86958407813971,34.21733155436493],[-83.86937907692331,34.21747655455519],[-83.86911907651057,34.21762355413295],[-83.86871407771051,34.21779555447014],[-83.86836707673329,34.21790955401683],[-83.86729407617509,34.218213555187766],[-83.86697907912965,34.21833355321787],[-83.86659407553239,34.21850755541387],[-83.86641307717599,34.21859955285137],[-83.86625307580954,34.21868155328733],[-83.8661320778335,34.21874355456822],[-83.86599607775715,34.21881855316434],[-83.86545907797822,34.21911355401208],[-83.86520107729932,34.219255553539185],[-83.86484107793845,34.219448553034645],[-83.86436507637335,34.219686553093624],[-83.86425607586483,34.21974255317977],[-83.86402307652533,34.21986355443562],[-83.86359007461228,34.22007855535274],[-83.86340507461443,34.220163553843925],[-83.863171075,34.22026955403516],[-83.86257207654089,34.22050955431189],[-83.86231407535529,34.220613554034564],[-83.86199907573372,34.22075455420643],[-83.86166307457886,34.220917554091],[-83.861386076966,34.22108455510469],[-83.86124807494004,34.22117855420864],[-83.86114907696495,34.221269553381646],[-83.86107107682655,34.22136755510905],[-83.8610150743637,34.22143855416234],[-83.86095007388037,34.22151955457398],[-83.86078307659257,34.2217825540602],[-83.86058907450608,34.22215655567659],[-83.86045307516567,34.22237755420262],[-83.86018307360469,34.22281655348805],[-83.86006007395784,34.22301655638939],[-83.85953207656667,34.22395155633933],[-83.8592170752876,34.2245955572796],[-83.85910407432841,34.22482855693706],[-83.85896307495604,34.225169555466614],[-83.85886207603669,34.225439554426266],[-83.85872807642606,34.22638455456521],[-83.8585180744598,34.22788255695164],[-83.85830407669647,34.22998455597242],[-83.85827107469056,34.23025955675942],[-83.85816807438648,34.23124455734782],[-83.85802407574641,34.23224055568772],[-83.8579500747846,34.23257355737548],[-83.85782007558262,34.2329995568565],[-83.85775207628167,34.2331945583483],[-83.8576190767229,34.233574558486325],[-83.85746907634406,34.233887557768185],[-83.85729307668359,34.23420855861308],[-83.85714907513487,34.23445855740752],[-83.8569640758785,34.234694558196075],[-83.85641907603535,34.23556655845504],[-83.85624107575023,34.235853557565555],[-83.85451407540013,34.23862155804363],[-83.85444607305084,34.23873055831932],[-83.85505107642683,34.238837558983114],[-83.85549607338136,34.23888255825792],[-83.85572907433634,34.23893255872081],[-83.85593907586812,34.239038558096226],[-83.85666107561927,34.23975355828978],[-83.85670907427622,34.23981656043718],[-83.8569280760541,34.24010055845461],[-83.85724207676472,34.24039555802615],[-83.85774907662818,34.24085355864763],[-83.85801107580224,34.24104355957188],[-83.85811007687465,34.24115955827278],[-83.85813807593074,34.241192558988615],[-83.85815007751177,34.24121155845897],[-83.85820807710857,34.24130655795258],[-83.85833107629168,34.24152555759123],[-83.85850307627751,34.241753559941216],[-83.85883107564189,34.24211956034961],[-83.85911107587775,34.24251955981273],[-83.85914407737282,34.24256655907061],[-83.85924007492403,34.24274755961749],[-83.85932007765436,34.24289856045098],[-83.85939707752708,34.24304455894466],[-83.85970507615038,34.24352155998359],[-83.8597590763364,34.24361355906177],[-83.85989107665932,34.243834561280984],[-83.85997507583801,34.24396456032175],[-83.86020007733921,34.244155561185565],[-83.86049907880479,34.24438555950599],[-83.86076507772577,34.24469756099166],[-83.86084407650564,34.244887560679466],[-83.86097207605084,34.24525255942552],[-83.8610190773884,34.24555955938266],[-83.86098607740696,34.245641560629075],[-83.86081007825543,34.24599555922227],[-83.8626110757981,34.24467456001296],[-83.8628230794435,34.24451255849122],[-83.86294707730988,34.24437955976091],[-83.86337907926163,34.24364656004918],[-83.86342207825525,34.243590560111386],[-83.8634980790626,34.243562558324],[-83.86359907704201,34.24357655983638],[-83.86368107828591,34.243624558026205],[-83.8639390786154,34.24382655986446],[-83.86405307683286,34.24393056007748],[-83.86468707787061,34.244512558459725],[-83.8647730769761,34.24459155851256],[-83.86498207866124,34.24478256080612],[-83.86515407902363,34.24464955893884],[-83.86525908008353,34.24457255883204],[-83.86535307866555,34.244503559272495],[-83.86539007887005,34.244407559688085],[-83.86548907813635,34.244308558675044],[-83.86570107998276,34.24416356047191],[-83.86581307844746,34.24408155885742],[-83.86600507900594,34.243941558991736],[-83.86686907985094,34.24340856009385],[-83.86764007846931,34.242966560163076],[-83.86786108010817,34.24283956035966],[-83.86793007709421,34.24278956089681],[-83.86804608027319,34.242705558246826],[-83.8682440772872,34.242526558901396],[-83.86842408045634,34.24225455970537],[-83.86843707860666,34.242234558181664],[-83.86851807959651,34.242083559059466],[-83.86864507902341,34.24184755969173],[-83.8688140794602,34.24153256015574],[-83.86891807988738,34.241406559774866],[-83.86907007904176,34.24128955819507],[-83.87223608188908,34.23984055832696],[-83.8740440807758,34.23910355888981],[-83.87473207936543,34.23882455980411],[-83.87475807995753,34.23880855911828],[-83.8753040801659,34.23849055881392],[-83.8758710806629,34.23813255847171],[-83.87695907989146,34.23906155751256]]]},"properties":{"OBJECTID":"30","COUNTY_NAM":"HALL","PRECINCTNO":"3","NAME":"03-Oakwood I","LOCATION":"OAKWOOD FIRST UNITED METHODIST CHURCH - 4315 ALLEN ST","PRECINCT":"OAKWOOD I","MAPLABEL":"PRECINCT 3 - OAKWOOD I","GlobalID":"{DF43B9EE-010E-46B8-A461-F8C096461D9B}","EDITED_BY":"RPEOPLES","EDITED_DT":"3/29/22, 8:43 AM","created_user":"","created_date":"","Shape_Length":"69,038.58","Shape_Area":"201,071,250.72"},"id":30},{"type":"Feature","geometry":{"type":"Polygon","coordinates":[[[-83.9174971401154,34.17099199287548],[-83.91756346704452,34.171034811649655],[-83.91758008911779,34.17104554188944],[-83.9177170891011,34.17094554194882],[-83.91799408876642,34.17073654166335],[-83.91827442997425,34.17047686713634],[-83.91830608948388,34.17044754196697],[-83.91857609013633,34.17022654129813],[-83.91874508894269,34.170088541396],[-83.91878708923971,34.17005454239106],[-83.91888713197328,34.16997296897479],[-83.91904708947722,34.16984254181254],[-83.9190475472275,34.1698421676732],[-83.91938983579576,34.169563098716885],[-83.91942609001552,34.16953354178424],[-83.91971915034999,34.16933093964787],[-83.91989778197357,34.16920744612121],[-83.91990053010755,34.16921245278662],[-83.91994360727111,34.1692908067341],[-83.91994362669048,34.169290842836865],[-83.91995574363618,34.16931288411094],[-83.92044418603487,34.17031635859628],[-83.9207670899097,34.170886541671734],[-83.92096708993613,34.17062154286999],[-83.92169009086793,34.16952454065569],[-83.92197609074667,34.169070540275264],[-83.9224560909845,34.16830753983161],[-83.92292308903012,34.167529540606964],[-83.92293009072414,34.16751854063976],[-83.92323508939019,34.167011539504955],[-83.9234630920861,34.16662754007024],[-83.92392409189678,34.16584954202523],[-83.92519809223828,34.16375154109231],[-83.92546308982858,34.16332554026179],[-83.92617709121312,34.162181539089204],[-83.92709009132967,34.1607165404051],[-83.92744709224245,34.16013653999865],[-83.9272970918204,34.160122540623725],[-83.92596009073364,34.15999053904424],[-83.9259610074143,34.15998587598851],[-83.9259639434438,34.159970936904735],[-83.92601709212148,34.159700539121786],[-83.92626009026057,34.15887753784223],[-83.92637309113988,34.158374538161524],[-83.92642209102092,34.15815553917439],[-83.92646309148815,34.1576395389532],[-83.92633009161112,34.157633538165214],[-83.92181009047576,34.15606153882212],[-83.92168392349244,34.15601581151199],[-83.920353581711,34.15553363658837],[-83.92032284637858,34.1555224961054],[-83.91963220379594,34.15527216860999],[-83.9190707194035,34.15506865079759],[-83.9189710890778,34.15503253924848],[-83.91892208957012,34.155070538196],[-83.91864962437752,34.15527671307699],[-83.91818449861333,34.15562867050033],[-83.91772148959811,34.155979021978155],[-83.91765971586047,34.15602576522783],[-83.91735208852919,34.156258539552844],[-83.91695516063834,34.15655948321981],[-83.91674404887677,34.156368342707665],[-83.91648604594992,34.156134746610434],[-83.91642508837782,34.15607953848259],[-83.91621288358265,34.15588694685713],[-83.91600308851582,34.15569653893819],[-83.91561783549619,34.15534806395365],[-83.91545036794757,34.155196582374856],[-83.9149767589662,34.15476817927981],[-83.914903123759,34.154701498638055],[-83.91507508748471,34.15451153878122],[-83.91510008739719,34.154353538488245],[-83.91515005058736,34.15434502251439],[-83.91518514544612,34.15433645171856],[-83.91510208807033,34.154277538069906],[-83.91500665269761,34.15421192718146],[-83.91500608774328,34.154211538337094],[-83.91497648077959,34.154133731234644],[-83.9149029257763,34.153940433349334],[-83.91482405195018,34.15373315878431],[-83.91472611555854,34.15347578303198],[-83.91467669400744,34.153345904987496],[-83.9146651013225,34.15331543880677],[-83.91464207200563,34.15325491788971],[-83.91462862094575,34.153219568453075],[-83.91462584964549,34.15319671722578],[-83.91462451175985,34.15316227622171],[-83.91461699227098,34.153062139462726],[-83.91458702216167,34.15260673321948],[-83.91458108800991,34.15251653799711],[-83.91451951529743,34.152364898340785],[-83.91442804160347,34.15213961526115],[-83.9144254793211,34.15213330513544],[-83.91435438800171,34.1519582205615],[-83.91416408769757,34.15148953758684],[-83.91415408720465,34.15134253791741],[-83.91411375301816,34.1513497686942],[-83.91379708715496,34.151406537677346],[-83.91379668355385,34.15140041230367],[-83.91378999971334,34.15129898971008],[-83.913740087371,34.15054153708509],[-83.91360608695385,34.15058053717083],[-83.91318308751966,34.150590537736086],[-83.91315177500618,34.150586930706204],[-83.9130611135655,34.15057648689241],[-83.91286823015074,34.15055426785026],[-83.91277508733069,34.1505435373974],[-83.91279908713314,34.15047653802462],[-83.91279933046098,34.15047603814188],[-83.91285092419173,34.150369828596894],[-83.91313852329036,34.14977779372082],[-83.91318557261211,34.14968094041885],[-83.91319081230934,34.1496701546213],[-83.91346508716566,34.14910553778842],[-83.91348119537987,34.1490488182192],[-83.9134899180051,34.14901810439153],[-83.91365508766503,34.14843653739772],[-83.91365866450526,34.14842694276611],[-83.91372089401573,34.148259997944],[-83.91383210978374,34.14796164709981],[-83.91393308089238,34.14769077284545],[-83.91397222208839,34.147585770522035],[-83.91424642966699,34.14685014662632],[-83.91426040746893,34.14681264549665],[-83.91452841427652,34.14609364618719],[-83.91455432524461,34.146024133082655],[-83.91455465754956,34.14602324118412],[-83.91480477425637,34.14535222258415],[-83.91483615347413,34.145268037219125],[-83.91491908670551,34.14504553627362],[-83.91506948884764,34.144618398299045],[-83.91509187335616,34.144554825671804],[-83.91516908755956,34.14433553692084],[-83.91524308717892,34.14412653596655],[-83.91531108637092,34.144076536477016],[-83.91531108741795,34.144061536606245],[-83.9153020872937,34.14405453621113],[-83.91530208725793,34.144039536338084],[-83.91529308726557,34.14402553594173],[-83.91529308710257,34.14401753606921],[-83.91528508677033,34.14401053591665],[-83.91528508689979,34.14400353591605],[-83.91526708769169,34.14395953627872],[-83.91526708686914,34.14394553627516],[-83.91525908763018,34.14393853612309],[-83.91507528397962,34.143894010195055],[-83.91502039377129,34.1438807136449],[-83.91469194684923,34.143801148441284],[-83.91387987311917,34.143604419453524],[-83.91373059917714,34.14356825639618],[-83.9134840861552,34.14350853589511],[-83.91257879645113,34.143192406771576],[-83.91211655627016,34.143030987509626],[-83.91190908620193,34.14295853669721],[-83.91171608616024,34.14288353611278],[-83.91168404407154,34.142784815893],[-83.91158914414781,34.14249242910472],[-83.9115686370822,34.14242924943845],[-83.91134806482756,34.14174966270418],[-83.91132659871415,34.14168352105193],[-83.91118178059634,34.14123732753741],[-83.91102511660587,34.140754420448815],[-83.91096730320105,34.14057565570859],[-83.91094250503717,34.140498887120245],[-83.91093108627739,34.14046353603698],[-83.91085308639236,34.13987353572689],[-83.91082008540434,34.1396245358303],[-83.91079908503532,34.13947253588006],[-83.91078908487603,34.13939253520249],[-83.91076907842941,34.1392446567134],[-83.91076844095784,34.13923994724103],[-83.91076608520213,34.1392225351823],[-83.91076018321594,34.13917832926126],[-83.91070457478958,34.13876183652862],[-83.91069976715039,34.13872582660444],[-83.9105974524075,34.13795951197489],[-83.9105947612894,34.13793935204091],[-83.91049217269058,34.13717098011377],[-83.9103168267302,34.135857604979066],[-83.91026351801375,34.13545831462193],[-83.9102150849009,34.13509553470986],[-83.91005908495079,34.13393453508668],[-83.90967265272147,34.13412615419699],[-83.90945408515671,34.134234534823975],[-83.90917011553105,34.13435719358411],[-83.90890308478095,34.13447253470696],[-83.90860008550906,34.13453653476884],[-83.90837683016859,34.13456126322809],[-83.90795908412102,34.13460753468247],[-83.90746908422192,34.13462653484024],[-83.90732536562096,34.13461571423645],[-83.90715920831394,34.134603203331984],[-83.9070440845566,34.13459453453682],[-83.90656808474807,34.13453553457171],[-83.9060960842483,34.13445853452634],[-83.90604008351634,34.13444953493207],[-83.90567280841724,34.13435717948444],[-83.90552708384793,34.13432053524337],[-83.90515008380768,34.13418853500585],[-83.9048750835809,34.13406853410662],[-83.90476004808883,34.133939471119604],[-83.90475208373506,34.13393053461863],[-83.90450945996388,34.13343592017],[-83.90443691106236,34.13328802121416],[-83.90426008346701,34.13292753418823],[-83.90390508352156,34.13294353396263],[-83.9037180834179,34.13293353434507],[-83.90357908388253,34.13290753384281],[-83.90358508289239,34.132914534986014],[-83.9035794238775,34.13299376255426],[-83.90357911176211,34.132993716805615],[-83.903555040348,34.13346868953],[-83.90351963804565,34.134166961143855],[-83.90351611580913,34.13423642896169],[-83.9034888984753,34.134773239065396],[-83.90346215931231,34.13478879022141],[-83.9032370478906,34.13491971813244],[-83.90316955942835,34.134958963251904],[-83.90283081162733,34.13515595003679],[-83.90242457310812,34.135392180577426],[-83.90208605104746,34.13558903323583],[-83.90174751114236,34.135785889420106],[-83.90140898365327,34.13598278075138],[-83.90107044062037,34.13617963323823],[-83.90093105928256,34.13626067203795],[-83.90089465225289,34.136294798065165],[-83.90082772235698,34.1363575342272],[-83.90082230462596,34.13636261291963],[-83.90058981920045,34.13658047727479],[-83.90030468905248,34.13684770577815],[-83.90013462653694,34.137007064722184],[-83.90007802552388,34.137060103661106],[-83.89991422822564,34.13721359116585],[-83.89965807867172,34.137453650128705],[-83.89923096848533,34.13723069673354],[-83.89888410914226,34.137049632923386],[-83.89871936540888,34.13696363525791],[-83.89856083551331,34.13688087956102],[-83.89856080071708,34.136880911040954],[-83.89849535886681,34.1369387039051],[-83.89848108178599,34.13695153491695],[-83.89848050077929,34.13695182576564],[-83.89847508167824,34.13695453585313],[-83.8984700826444,34.136960534985114],[-83.89844908179383,34.13697753562206],[-83.89819808213922,34.137200535543094],[-83.89790589654798,34.137459254454775],[-83.89756171746969,34.13776318112751],[-83.89754608493432,34.13777698007816],[-83.89742597046909,34.137892664915974],[-83.89727772671337,34.13803544223831],[-83.8972268861522,34.13808440824866],[-83.89710008195765,34.13820653622298],[-83.89701908144204,34.1381985361033],[-83.89699508208268,34.13841653567122],[-83.89704308166841,34.13865653635494],[-83.897063339176,34.138780610001334],[-83.89706708201902,34.13880353592672],[-83.89707808192115,34.138869535377786],[-83.89707308127782,34.13887153586206],[-83.89706308200702,34.13887353618958],[-83.89705108220282,34.13887553572977],[-83.89703108234613,34.13887653586106],[-83.89702108183845,34.138876535537584],[-83.89701508131525,34.13887653588361],[-83.89700508188896,34.1388765364628],[-83.89699808156762,34.13887553564217],[-83.8970130815942,34.13891553550088],[-83.89650031791531,34.139086458351045],[-83.89623308182065,34.13917553571328],[-83.89598808190509,34.13913953602085],[-83.89595708166314,34.13922453519561],[-83.89640508184395,34.1399115367462],[-83.8963980830892,34.14002853785301],[-83.89613908017955,34.14002853636562],[-83.89601808274185,34.14004953658593],[-83.89589708202743,34.140122536302805],[-83.89565108112734,34.140360537250174],[-83.89561608136353,34.14043153650591],[-83.89560108073115,34.14046553597996],[-83.89556942745543,34.140568339237745],[-83.8954920815683,34.140819536434606],[-83.89542356064563,34.141022524833886],[-83.89535908210436,34.14121353718964],[-83.8953050797655,34.141378536339055],[-83.89518308122902,34.14157253646539],[-83.89508808013758,34.14168853681413],[-83.89502808258035,34.14180953635248],[-83.89498907917003,34.14193853800717],[-83.89498208039971,34.142137537429775],[-83.8949710800263,34.14228853688722],[-83.89492308097489,34.142551536475175],[-83.89487608277757,34.14296953807264],[-83.89486908115163,34.143119536563276],[-83.89489608224615,34.14338653570303],[-83.89494808342464,34.143778537037484],[-83.89494008081655,34.14390453820282],[-83.89490108152569,34.14411453653197],[-83.89481508156783,34.14450753693807],[-83.89481308144916,34.14451853739745],[-83.89480532764404,34.14455492850217],[-83.89480515590407,34.14455573324764],[-83.89475108159448,34.14480953735436],[-83.8947469774187,34.144820308654516],[-83.89472954474024,34.144866071148094],[-83.89456708128496,34.14529253689879],[-83.89448408184822,34.14553453705689],[-83.89442356961186,34.14565360655887],[-83.89441100247305,34.14567833652875],[-83.89436008126764,34.14577853791832],[-83.89420008036336,34.14602353706181],[-83.8941120807165,34.146124537808866],[-83.89396208098371,34.14623553833777],[-83.89379608110353,34.146388537342276],[-83.89376896250673,34.14645362280727],[-83.89376608071339,34.146460537956216],[-83.89374408055585,34.14655053778301],[-83.89389308087028,34.14684453776037],[-83.89394108211167,34.1469305376714],[-83.89397808179292,34.14706153794035],[-83.89398135304803,34.14715447092344],[-83.8939830811724,34.14720353782328],[-83.89394708141499,34.14751453828748],[-83.89390708157806,34.14767453773483],[-83.89384308140055,34.147893537473756],[-83.89384157280439,34.14790033756524],[-83.89373708118647,34.14837153816103],[-83.89370093371163,34.148554058932795],[-83.89369157161859,34.148601334939656],[-83.89365608093584,34.14878053837654],[-83.89355908127105,34.14894153789852],[-83.89345608087122,34.14909653828933],[-83.893384080367,34.1492055387557],[-83.89329491583037,34.14932277490331],[-83.89322208135432,34.14941853888723],[-83.89306308110541,34.14955753798671],[-83.89277108032694,34.14977953865014],[-83.89265729671176,34.14986243080248],[-83.89255008053084,34.14994053831782],[-83.89249908114415,34.14997853849081],[-83.89237408081041,34.15008853794751],[-83.89232908053913,34.150186538220986],[-83.89232806716102,34.150194074198076],[-83.89231308085928,34.15030553834208],[-83.89234649557432,34.15040930012229],[-83.8923545725344,34.150420373536406],[-83.89237837819472,34.15045933689136],[-83.8924186584522,34.15052895162822],[-83.89241808075427,34.150531538818804],[-83.89251008120819,34.150679538375776],[-83.89257918484597,34.15080638129073],[-83.89269855042527,34.15101267134684],[-83.89272608079332,34.15105353809773],[-83.89278008085454,34.15129053929733],[-83.89277986424544,34.15129078765443],[-83.89278639183124,34.151296429976966],[-83.89285941845901,34.151359548588765],[-83.89297736553755,34.1514691300592],[-83.89309659076928,34.151582975203894],[-83.89321982130653,34.151704878597954],[-83.89340203834776,34.151893500518604],[-83.89348353427638,34.15198095814569],[-83.89360594391067,34.152122071418],[-83.89362280842701,34.152140631306104],[-83.89376253716037,34.15230310567169],[-83.89384030720423,34.15239844373508],[-83.89393262228664,34.152514397486705],[-83.89400989369075,34.15261957344309],[-83.89418872093485,34.15287680166236],[-83.8942873501149,34.15303352577286],[-83.89441212468334,34.15324254532002],[-83.89446031679977,34.15332339906669],[-83.89461443146004,34.15358195489035],[-83.89469523921751,34.15371752019576],[-83.89493463979785,34.154136273333314],[-83.89518441529783,34.154577948541615],[-83.89557245278385,34.15526164626944],[-83.8960271190429,34.156054642121376],[-83.89650003545793,34.15689126127483],[-83.89665172604874,34.157156213116316],[-83.8966780143658,34.15720212875537],[-83.89675657594503,34.157175535878466],[-83.89682844548346,34.157153846440245],[-83.89703710442942,34.15711019892549],[-83.89719613677704,34.15707996153761],[-83.89762220267401,34.15699573416873],[-83.89786322109902,34.1569442131157],[-83.89791331231018,34.156930198409846],[-83.89796890494554,34.15691253975864],[-83.89803889941437,34.15688688840505],[-83.89807699652967,34.156871225414896],[-83.89811446990737,34.156854571998686],[-83.89817803860502,34.15682338604162],[-83.89823686282335,34.15678762219675],[-83.89828475644681,34.15675686532523],[-83.89855175268896,34.15656873955658],[-83.89863831778793,34.156509600045695],[-83.89870989142281,34.15646520759534],[-83.8987635517327,34.156434941869264],[-83.89879191812162,34.156418944564564],[-83.89886072130568,34.156383616926476],[-83.89922038949867,34.15621207020326],[-83.89946226782142,34.15609415441127],[-83.89971079679049,34.15598521265382],[-83.89975485720493,34.1559663713622],[-83.89982081574331,34.15594043882946],[-83.90002679502638,34.15586424272236],[-83.90019749437842,34.155802617003005],[-83.90025996683711,34.155781922145756],[-83.90043269740879,34.15572747269499],[-83.90054749304568,34.1556978779132],[-83.900659003205,34.15567256118587],[-83.90074993078925,34.15565434761805],[-83.90094186621505,34.15561936752279],[-83.90102062348288,34.1556031596041],[-83.90110338336129,34.15558462335923],[-83.90119015962229,34.15556351357605],[-83.90127184202889,34.155542008639046],[-83.90135293563824,34.15551907334656],[-83.90143975637822,34.15549271439539],[-83.90156854696983,34.15544924359031],[-83.9017004896902,34.155401739405264],[-83.90183101728539,34.155351703951695],[-83.90195943897494,34.155299464826655],[-83.90201121916292,34.15527401985521],[-83.90206532516805,34.15524349577963],[-83.90210715800896,34.155216709389855],[-83.90216940604358,34.15517205047461],[-83.90223531542578,34.1551113501173],[-83.90228084145629,34.15506594015698],[-83.90235480031528,34.154987697600795],[-83.90249026786181,34.1548373668955],[-83.90270398255099,34.15459025216237],[-83.90275691142618,34.154527924174424],[-83.90276308472406,34.154536538665624],[-83.90279108360194,34.15457653952862],[-83.9028157758026,34.154733380032845],[-83.90284508475892,34.154919540412074],[-83.90277808292461,34.155033540163274],[-83.90270008358227,34.15516753795334],[-83.90267708306173,34.15538754084253],[-83.90270008545767,34.155432540239154],[-83.90274808559725,34.155528539818306],[-83.90275808564466,34.15554954053642],[-83.90302908442179,34.15594553905647],[-83.90309008456664,34.155969538880306],[-83.90317908374685,34.156000539255324],[-83.90512608484119,34.15720853981881],[-83.90641060536386,34.15801390587481],[-83.90764560177358,34.1587881949863],[-83.907796085564,34.15888253976587],[-83.90780208649343,34.15887753955391],[-83.90780350485537,34.15887868396415],[-83.90827839037381,34.15926170287187],[-83.9098540869688,34.16053254004875],[-83.91032608691843,34.16091253992477],[-83.91116808736203,34.16162454011328],[-83.9112801178702,34.16171684769806],[-83.91252392833029,34.16274166614438],[-83.91340008714327,34.1634635408846],[-83.91419908805429,34.16409454124175],[-83.91416987287441,34.16412542385964],[-83.91417025803737,34.1641257474227],[-83.91376136653307,34.164557872763424],[-83.91477508917374,34.165763540403724],[-83.91476712720791,34.165762305108245],[-83.915071727598,34.16612772562447],[-83.91553738227823,34.16667299317351],[-83.91572712268847,34.166895392437354],[-83.91572860137174,34.16689712652086],[-83.91575768665662,34.166962702105266],[-83.91591508918567,34.16731454169925],[-83.91591407927176,34.167315305990705],[-83.91591479041439,34.167316907772616],[-83.91402249240517,34.16874871770746],[-83.91525802145571,34.169545614613035],[-83.91580912772697,34.16990108023793],[-83.91586578406869,34.16993762310792],[-83.91625655848556,34.17018966446791],[-83.91746042932526,34.170966086788],[-83.91746236721237,34.17096440925139],[-83.9174971401154,34.17099199287548]]]},"properties":{"OBJECTID":"31","COUNTY_NAM":"HALL","PRECINCTNO":"31","NAME":"31-Friendship IV","LOCATION":"SPOUT SPRINGS LIBRARY - 6488 SPOUT SPRINGS RD","PRECINCT":"FRIENDSHIP IV","MAPLABEL":"PRECINCT 31 - FRIENDSHIP IV","GlobalID":"{BD02C726-44E2-4D18-9028-7F9BEBC9E4AD}","EDITED_BY":"JBUDD","EDITED_DT":"2/7/20, 9:44 AM","created_user":"","created_date":"","Shape_Length":"44,965.87","Shape_Area":"61,976,418.25"},"id":31}]}